snapshot_id;local_id;evse_id;conector_id;tipo_codigo;tipo_nome;corrente_inferida;potencia_nominal_kW;precos_conector_json
carregados_rj_2026-09-22;773;8351840;9889941;20.0;CCS2;DC;180.0;[]
carregados_rj_2026-09-22;773;8351840;9889942;20.0;CCS2;DC;180.0;[]
carregados_rj_2026-09-22;768;8352848;9891161;20.0;CCS2;DC;;[]
carregados_rj_2026-09-22;768;8352848;9891162;20.0;CCS2;DC;;[]
carregados_rj_2026-09-22;768;8352849;9891163;7.0;Type 2;AC;;[]
carregados_rj_2026-09-22;777;4742511;5603576;20.0;CCS2;DC;60.0;"[{""activationPrice"": null, ""priceKwh"": null, ""isFromCommunity"": false}]"
carregados_rj_2026-09-22;777;4742512;5603577;20.0;CCS2;DC;120.0;"[{""activationPrice"": null, ""priceKwh"": null, ""isFromCommunity"": false}]"
carregados_rj_2026-09-22;777;4742513;5603578;7.0;Type 2;AC;11.0;"[{""activationPrice"": null, ""priceKwh"": null, ""isFromCommunity"": false}]"
carregados_rj_2026-09-22;778;26516;33734;3.0;CHAdeMO;DC;60.0;"[{""activationPrice"": null, ""priceKwh"": null, ""isFromCommunity"": false}]"
carregados_rj_2026-09-22;778;26516;33732;7.0;Type 2;AC;43.0;"[{""activationPrice"": null, ""priceKwh"": null, ""isFromCommunity"": false}]"
carregados_rj_2026-09-22;778;26516;33733;20.0;CCS2;DC;60.0;"[{""activationPrice"": null, ""priceKwh"": null, ""isFromCommunity"": false}]"
carregados_rj_2026-09-22;4190;2400077;2831122;20.0;CCS2;DC;60.0;"[{""activationPrice"": null, ""priceKwh"": null, ""isFromCommunity"": false}]"
carregados_rj_2026-09-22;4190;2400077;2831123;20.0;CCS2;DC;60.0;"[{""activationPrice"": null, ""priceKwh"": null, ""isFromCommunity"": false}]"
carregados_rj_2026-09-22;728;26515;33731;20.0;CCS2;DC;30.0;"[{""activationPrice"": null, ""priceKwh"": null, ""isFromCommunity"": false}]"
carregados_rj_2026-09-22;4189;8355194;9894057;20.0;CCS2;DC;;[]
carregados_rj_2026-09-22;4189;8355194;9894058;20.0;CCS2;DC;;[]
carregados_rj_2026-09-22;8525;8357705;9897060;7.0;Type 2;AC;;[]
carregados_rj_2026-09-22;8525;8357705;9897059;20.0;CCS2;DC;;[]
carregados_rj_2026-09-22;8525;8357705;9897061;20.0;CCS2;DC;;[]
carregados_rj_2026-09-22;5625;4740970;5601691;20.0;CCS2;DC;60.0;"[{""activationPrice"": null, ""priceKwh"": null, ""isFromCommunity"": false}]"
carregados_rj_2026-09-22;5625;4740970;5601692;20.0;CCS2;DC;60.0;"[{""activationPrice"": null, ""priceKwh"": null, ""isFromCommunity"": false}]"
carregados_rj_2026-09-22;5625;4740970;9906577;20.0;CCS2;DC;60.0;"[{""activationPrice"": null, ""priceKwh"": null, ""isFromCommunity"": false}]"
carregados_rj_2026-09-22;5625;4740971;5601693;7.0;Type 2;AC;11.0;"[{""activationPrice"": null, ""priceKwh"": null, ""isFromCommunity"": false}]"
carregados_rj_2026-09-22;804;8362282;9902684;3.0;CHAdeMO;DC;;[]
carregados_rj_2026-09-22;804;8362282;9902683;20.0;CCS2;DC;;[]
carregados_rj_2026-09-22;4213;8364041;9904930;7.0;Type 2;AC;;[]
carregados_rj_2026-09-22;4213;8364042;9904931;7.0;Type 2;AC;;[]
carregados_rj_2026-09-22;4213;8364043;9904932;7.0;Type 2;AC;;[]
carregados_rj_2026-09-22;6556;8363918;9904754;20.0;CCS2;DC;;[]
carregados_rj_2026-09-22;6556;8363918;9904755;20.0;CCS2;DC;;[]
carregados_rj_2026-09-22;6556;8363919;9904758;7.0;Type 2;AC;;[]
carregados_rj_2026-09-22;6556;8363919;9904759;7.0;Type 2;AC;;[]
carregados_rj_2026-09-22;6556;8363919;9904756;20.0;CCS2;DC;;[]
carregados_rj_2026-09-22;6556;8363919;9904757;20.0;CCS2;DC;;[]
carregados_rj_2026-09-22;5026;8356149;9895181;3.0;CHAdeMO;DC;60.0;[]
carregados_rj_2026-09-22;5026;8356149;9895180;20.0;CCS2;DC;60.0;[]
carregados_rj_2026-09-22;5026;8356151;9895184;20.0;CCS2;DC;30.0;[]
carregados_rj_2026-09-22;5026;8365379;9906611;7.0;Tipo 2;AC;7.0;[]
carregados_rj_2026-09-22;5026;8365380;9906612;7.0;Tipo 2;AC;7.0;[]
carregados_rj_2026-09-22;5026;8365381;9906613;20.0;CCS2;DC;80.0;[]
carregados_rj_2026-09-22;5026;8365381;9906614;20.0;CCS2;DC;80.0;[]
carregados_rj_2026-09-22;837;8348412;9886087;7.0;Type 2;AC;;[]
carregados_rj_2026-09-22;837;8348413;9886088;7.0;Type 2;AC;;[]
carregados_rj_2026-09-22;837;8348414;9886089;7.0;Type 2;AC;;[]
carregados_rj_2026-09-22;837;8348415;9886090;7.0;Type 2;AC;;[]
carregados_rj_2026-09-22;837;8348416;9886091;7.0;Type 2;AC;;[]
carregados_rj_2026-09-22;837;8348417;9886092;7.0;Type 2;AC;;[]
carregados_rj_2026-09-22;878;8363223;9903862;7.0;Type 2;AC;;[]
carregados_rj_2026-09-22;878;8363224;9903863;7.0;Type 2;AC;;[]
carregados_rj_2026-09-22;878;8363225;9903864;7.0;Type 2;AC;;[]
carregados_rj_2026-09-22;878;8363226;9903865;7.0;Type 2;AC;;[]
carregados_rj_2026-09-22;878;8363227;9903866;7.0;Type 2;AC;;[]
carregados_rj_2026-09-22;878;8363228;9903867;7.0;Type 2;AC;;[]
carregados_rj_2026-09-22;1325957;4181383;4939214;7.0;Type 2;AC;22.0;"[{""activationPrice"": null, ""priceKwh"": null, ""isFromCommunity"": false}]"
carregados_rj_2026-09-22;1325957;4181383;4939215;7.0;Type 2;AC;22.0;"[{""activationPrice"": null, ""priceKwh"": null, ""isFromCommunity"": false}]"
carregados_rj_2026-09-22;1325957;4181384;4939216;20.0;CCS2;DC;150.0;"[{""activationPrice"": null, ""priceKwh"": null, ""isFromCommunity"": false}]"
carregados_rj_2026-09-22;1325957;4181384;4939217;20.0;CCS2;DC;150.0;"[{""activationPrice"": null, ""priceKwh"": null, ""isFromCommunity"": false}]"
carregados_rj_2026-09-22;821;26518;33738;20.0;CCS2;DC;30.0;"[{""activationPrice"": null, ""priceKwh"": null, ""isFromCommunity"": false}]"
carregados_rj_2026-09-22;8992;8353588;9892132;20.0;CCS2;DC;;[]
carregados_rj_2026-09-22;8992;8353588;9892133;20.0;CCS2;DC;;[]
carregados_rj_2026-09-22;8502;2403973;2835575;20.0;CCS2;DC;60.0;"[{""activationPrice"": null, ""priceKwh"": null, ""isFromCommunity"": false}]"
carregados_rj_2026-09-22;8502;2403973;2835576;20.0;CCS2;DC;60.0;"[{""activationPrice"": null, ""priceKwh"": null, ""isFromCommunity"": false}]"
carregados_rj_2026-09-22;8502;2726542;3216157;3.0;CHAdeMO;DC;60.0;"[{""activationPrice"": null, ""priceKwh"": null, ""isFromCommunity"": false}]"
carregados_rj_2026-09-22;8502;2726542;3216158;7.0;Type 2;AC;22.0;"[{""activationPrice"": null, ""priceKwh"": null, ""isFromCommunity"": false}]"
carregados_rj_2026-09-22;8502;2726542;3216156;20.0;CCS2;DC;150.0;"[{""activationPrice"": null, ""priceKwh"": null, ""isFromCommunity"": false}]"
carregados_rj_2026-09-22;8502;7881793;9331268;20.0;CCS2;DC;60.0;"[{""activationPrice"": null, ""priceKwh"": null, ""isFromCommunity"": false}]"
carregados_rj_2026-09-22;8502;7881793;9331269;20.0;CCS2;DC;60.0;"[{""activationPrice"": null, ""priceKwh"": null, ""isFromCommunity"": false}]"
carregados_rj_2026-09-22;8502;8364146;9905064;20.0;CCS2;DC;60.0;"[{""activationPrice"": null, ""priceKwh"": null, ""isFromCommunity"": false}]"
carregados_rj_2026-09-22;8502;8364146;9905065;20.0;CCS2;DC;60.0;"[{""activationPrice"": null, ""priceKwh"": null, ""isFromCommunity"": false}]"
carregados_rj_2026-09-22;4150;17035;22621;20.0;CCS2;DC;60.0;"[{""activationPrice"": null, ""priceKwh"": null, ""isFromCommunity"": false}]"
carregados_rj_2026-09-22;4150;17035;22622;20.0;CCS2;DC;60.0;"[{""activationPrice"": null, ""priceKwh"": null, ""isFromCommunity"": false}]"
carregados_rj_2026-09-22;1113;8354902;9893700;7.0;Type 2;AC;7.0;[]
carregados_rj_2026-09-22;1113;8354903;9893701;7.0;Type 2;AC;22.0;[]
carregados_rj_2026-09-22;9233;8358105;9897554;20.0;CCS2;DC;;[]
carregados_rj_2026-09-22;9233;8358105;9897555;20.0;CCS2;DC;;[]
carregados_rj_2026-09-22;9233;8358106;9897556;7.0;Type 2;AC;;[]
carregados_rj_2026-09-22;4097;4273066;5047784;7.0;Type 2;AC;22.0;"[{""activationPrice"": null, ""priceKwh"": null, ""isFromCommunity"": false}]"
carregados_rj_2026-09-22;4097;4273067;5047785;7.0;Type 2;AC;22.0;"[{""activationPrice"": null, ""priceKwh"": null, ""isFromCommunity"": false}]"
carregados_rj_2026-09-22;4097;7754458;9179429;7.0;Type 2;AC;22.0;"[{""activationPrice"": null, ""priceKwh"": null, ""isFromCommunity"": false}]"
carregados_rj_2026-09-22;4097;7754459;9179430;7.0;Type 2;AC;22.0;"[{""activationPrice"": null, ""priceKwh"": null, ""isFromCommunity"": false}]"
carregados_rj_2026-09-22;1076;7866534;9313089;20.0;CCS2;DC;;[]
carregados_rj_2026-09-22;1076;7866535;9313090;13.0;CCS / TIPO 2;DC;;[]
carregados_rj_2026-09-22;5719;8362700;9903214;20.0;CCS2;DC;120.0;[]
carregados_rj_2026-09-22;5719;8362700;9903215;20.0;CCS2;DC;120.0;[]
carregados_rj_2026-09-22;831;26519;33739;20.0;CCS2;DC;30.0;"[{""activationPrice"": null, ""priceKwh"": null, ""isFromCommunity"": false}]"
carregados_rj_2026-09-22;831;26521;33741;20.0;CCS2;DC;60.0;"[{""activationPrice"": null, ""priceKwh"": null, ""isFromCommunity"": false}]"
carregados_rj_2026-09-22;831;26522;33742;20.0;CCS2;DC;60.0;"[{""activationPrice"": null, ""priceKwh"": null, ""isFromCommunity"": false}]"
carregados_rj_2026-09-22;831;2576927;3039160;20.0;CCS2;DC;60.0;"[{""activationPrice"": null, ""priceKwh"": null, ""isFromCommunity"": false}]"
carregados_rj_2026-09-22;831;2576927;3039161;20.0;CCS2;DC;60.0;"[{""activationPrice"": null, ""priceKwh"": null, ""isFromCommunity"": false}]"
carregados_rj_2026-09-22;831;5545245;6554403;20.0;CCS2;DC;30.0;"[{""activationPrice"": null, ""priceKwh"": null, ""isFromCommunity"": false}]"
carregados_rj_2026-09-22;1122;8356207;9895250;13.0;CCS / TIPO 2;DC;;[]
carregados_rj_2026-09-22;10125;8355894;9894885;20.0;CCS2;DC;120.0;[]
carregados_rj_2026-09-22;10125;8355894;9894886;20.0;CCS2;DC;120.0;[]
carregados_rj_2026-09-22;10125;8355895;9894887;20.0;CCS2;DC;120.0;[]
carregados_rj_2026-09-22;10125;8355895;9894888;20.0;CCS2;DC;120.0;[]
carregados_rj_2026-09-22;1098;954210;1125261;7.0;Type 2;AC;7.0;"[{""activationPrice"": null, ""priceKwh"": null, ""isFromCommunity"": false}]"
carregados_rj_2026-09-22;1098;954211;1125262;7.0;Type 2;AC;7.0;"[{""activationPrice"": null, ""priceKwh"": null, ""isFromCommunity"": false}]"
carregados_rj_2026-09-22;1098;954212;1125263;7.0;Type 2;AC;7.0;"[{""activationPrice"": null, ""priceKwh"": null, ""isFromCommunity"": false}]"
carregados_rj_2026-09-22;1098;954213;1125264;20.0;CCS2;DC;30.0;"[{""activationPrice"": null, ""priceKwh"": null, ""isFromCommunity"": false}]"
carregados_rj_2026-09-22;1098;1979680;2335291;20.0;CCS2;DC;30.0;"[{""activationPrice"": null, ""priceKwh"": null, ""isFromCommunity"": false}]"
carregados_rj_2026-09-22;1057;8359291;9898970;7.0;Type 2;AC;22.0;[]
carregados_rj_2026-09-22;1057;8359292;9898971;7.0;Type 2;AC;7.4;[]
carregados_rj_2026-09-22;1057;8359293;9898972;7.0;Type 2;AC;7.4;[]
carregados_rj_2026-09-22;1057;8359294;9898973;7.0;Type 2;AC;7.4;[]
carregados_rj_2026-09-22;1057;8359295;9898974;7.0;Type 2;AC;7.4;[]
carregados_rj_2026-09-22;1057;8359296;9898975;7.0;Type 2;AC;7.4;[]
carregados_rj_2026-09-22;4298;8362640;9903135;7.0;Type 2;AC;;[]
carregados_rj_2026-09-22;4298;8362640;9903136;7.0;Type 2;AC;;[]
carregados_rj_2026-09-22;4162;17036;22623;7.0;Type 2;AC;7.0;"[{""activationPrice"": null, ""priceKwh"": null, ""isFromCommunity"": false}]"
carregados_rj_2026-09-22;4162;17037;22624;7.0;Type 2;AC;7.0;"[{""activationPrice"": null, ""priceKwh"": null, ""isFromCommunity"": false}]"
carregados_rj_2026-09-22;4162;17038;22625;7.0;Type 2;AC;7.0;"[{""activationPrice"": null, ""priceKwh"": null, ""isFromCommunity"": false}]"
carregados_rj_2026-09-22;4162;17039;22626;7.0;Type 2;AC;7.0;"[{""activationPrice"": null, ""priceKwh"": null, ""isFromCommunity"": false}]"
carregados_rj_2026-09-22;4162;17040;22627;7.0;Type 2;AC;7.0;"[{""activationPrice"": null, ""priceKwh"": null, ""isFromCommunity"": false}]"
carregados_rj_2026-09-22;4162;17041;22628;7.0;Type 2;AC;7.0;"[{""activationPrice"": null, ""priceKwh"": null, ""isFromCommunity"": false}]"
carregados_rj_2026-09-22;4162;17042;22629;7.0;Type 2;AC;7.0;"[{""activationPrice"": null, ""priceKwh"": null, ""isFromCommunity"": false}]"
carregados_rj_2026-09-22;4162;17043;22630;7.0;Type 2;AC;7.0;"[{""activationPrice"": null, ""priceKwh"": null, ""isFromCommunity"": false}]"
carregados_rj_2026-09-22;4162;8365265;9906464;7.0;Type 2;AC;7.0;"[{""activationPrice"": null, ""priceKwh"": null, ""isFromCommunity"": false}]"
carregados_rj_2026-09-22;10560;8358323;9897821;20.0;CCS2;DC;;[]
carregados_rj_2026-09-22;10560;8358324;9897822;20.0;CCS2;DC;;[]
carregados_rj_2026-09-22;10560;8358325;9897823;20.0;CCS2;DC;;[]
carregados_rj_2026-09-22;10560;8358326;9897824;20.0;CCS2;DC;;[]
carregados_rj_2026-09-22;10560;8358327;9897825;20.0;CCS2;DC;;[]
carregados_rj_2026-09-22;10560;8358328;9897826;20.0;CCS2;DC;;[]
carregados_rj_2026-09-22;10560;8358329;9897827;20.0;CCS2;DC;;[]
carregados_rj_2026-09-22;10560;8358330;9897828;20.0;CCS2;DC;;[]
carregados_rj_2026-09-22;10560;8358331;9897829;20.0;CCS2;DC;;[]
carregados_rj_2026-09-22;10560;8358332;9897830;20.0;CCS2;DC;;[]
carregados_rj_2026-09-22;10560;8358333;9897831;20.0;CCS2;DC;;[]
carregados_rj_2026-09-22;767;8355955;9894957;20.0;CCS2;DC;180.0;[]
carregados_rj_2026-09-22;767;8355955;9894958;20.0;CCS2;DC;180.0;[]
carregados_rj_2026-09-22;767;8355956;9894959;7.0;Type 2;AC;7.5;[]
carregados_rj_2026-09-22;767;8355957;9894960;7.0;Type 2;AC;7.5;[]
carregados_rj_2026-09-22;5681;8362184;9902558;20.0;CCS2;DC;;[]
carregados_rj_2026-09-22;5681;8362185;9902559;7.0;Type 2;AC;;[]
carregados_rj_2026-09-22;5681;8362185;9902560;7.0;Type 2;AC;;[]
carregados_rj_2026-09-22;7271;4728347;5586742;3.0;CHAdeMO;DC;60.0;"[{""activationPrice"": null, ""priceKwh"": null, ""isFromCommunity"": false}]"
carregados_rj_2026-09-22;7271;4728347;5586740;7.0;Tipo 2;AC;22.0;"[{""activationPrice"": null, ""priceKwh"": null, ""isFromCommunity"": false}]"
carregados_rj_2026-09-22;7271;4728347;5586741;20.0;CCS2;DC;150.0;"[{""activationPrice"": null, ""priceKwh"": null, ""isFromCommunity"": false}]"
carregados_rj_2026-09-22;1566918;4728396;5586799;20.0;CCS2;DC;60.0;"[{""activationPrice"": null, ""priceKwh"": null, ""isFromCommunity"": false}]"
carregados_rj_2026-09-22;1566918;4728396;5586800;20.0;CCS2;DC;60.0;"[{""activationPrice"": null, ""priceKwh"": null, ""isFromCommunity"": false}]"
carregados_rj_2026-09-22;888;8360459;9900385;20.0;CCS2;DC;;[]
carregados_rj_2026-09-22;888;8360460;9900386;7.0;Type 2;AC;;[]
carregados_rj_2026-09-22;888;8360461;9900387;7.0;Type 2;AC;;[]
carregados_rj_2026-09-22;888;8360462;9900388;20.0;CCS2;DC;;[]
carregados_rj_2026-09-22;834;8360902;9900928;7.0;Type 2;AC;;[]
carregados_rj_2026-09-22;834;8360903;9900929;7.0;Type 2;AC;;[]
carregados_rj_2026-09-22;834;8360904;9900930;7.0;Type 2;AC;;[]
carregados_rj_2026-09-22;834;8360905;9900931;7.0;Type 2;AC;;[]
carregados_rj_2026-09-22;834;8360906;9900932;7.0;Type 2;AC;;[]
carregados_rj_2026-09-22;834;8360907;9900933;7.0;Type 2;AC;;[]
carregados_rj_2026-09-22;1019;8361879;9902163;7.0;Type 2;AC;;[]
carregados_rj_2026-09-22;1679059;8353577;9892117;20.0;CCS2;DC;;[]
carregados_rj_2026-09-22;1679059;8353577;9892118;20.0;CCS2;DC;;[]
carregados_rj_2026-09-22;4483;4744859;5606366;7.0;Type 2;AC;22.0;"[{""activationPrice"": null, ""priceKwh"": null, ""isFromCommunity"": false}]"
carregados_rj_2026-09-22;4483;4744860;5606367;20.0;CCS2;DC;60.0;"[{""activationPrice"": null, ""priceKwh"": null, ""isFromCommunity"": false}]"
carregados_rj_2026-09-22;4483;4744861;5606368;20.0;CCS2;DC;30.0;"[{""activationPrice"": null, ""priceKwh"": null, ""isFromCommunity"": false}]"
carregados_rj_2026-09-22;4225;8358566;9898106;7.0;Type 2;AC;22.0;[]
carregados_rj_2026-09-22;4225;8358567;9898107;7.0;Type 2;AC;;[]
carregados_rj_2026-09-22;1119;8363616;9904359;7.0;Type 2;AC;7.4;[]
carregados_rj_2026-09-22;1119;8363617;9904360;7.0;Type 2;AC;7.4;[]
carregados_rj_2026-09-22;1119;8363618;9904361;7.0;Type 2;AC;7.4;[]
carregados_rj_2026-09-22;1119;8363619;9904362;7.0;Type 2;AC;7.4;[]
carregados_rj_2026-09-22;1119;8363620;9904363;7.0;Type 2;AC;7.4;[]
carregados_rj_2026-09-22;164818;242470;286908;20.0;CCS2;DC;90.0;"[{""activationPrice"": null, ""priceKwh"": null, ""isFromCommunity"": false}]"
carregados_rj_2026-09-22;164818;242470;286909;20.0;CCS2;DC;90.0;"[{""activationPrice"": null, ""priceKwh"": null, ""isFromCommunity"": false}]"
carregados_rj_2026-09-22;164818;242471;286910;7.0;Type 2;AC;22.0;"[{""activationPrice"": null, ""priceKwh"": null, ""isFromCommunity"": false}]"
carregados_rj_2026-09-22;164818;242471;286911;20.0;CCS2;DC;90.0;"[{""activationPrice"": null, ""priceKwh"": null, ""isFromCommunity"": false}]"
carregados_rj_2026-09-22;164818;242471;286912;20.0;CCS2;DC;90.0;"[{""activationPrice"": null, ""priceKwh"": null, ""isFromCommunity"": false}]"
carregados_rj_2026-09-22;164818;242471;2643809;20.0;CCS2;DC;120.0;"[{""activationPrice"": null, ""priceKwh"": null, ""isFromCommunity"": false}]"
carregados_rj_2026-09-22;164818;242471;3205778;20.0;CCS2;DC;120.0;"[{""activationPrice"": null, ""priceKwh"": null, ""isFromCommunity"": false}]"
carregados_rj_2026-09-22;164818;242472;286913;20.0;CCS2;DC;210.0;"[{""activationPrice"": null, ""priceKwh"": null, ""isFromCommunity"": false}]"
carregados_rj_2026-09-22;164818;242473;286914;20.0;CCS2;DC;210.0;"[{""activationPrice"": null, ""priceKwh"": null, ""isFromCommunity"": false}]"
carregados_rj_2026-09-22;164818;2542181;2998018;20.0;CCS2;DC;210.0;"[{""activationPrice"": null, ""priceKwh"": null, ""isFromCommunity"": false}]"
carregados_rj_2026-09-22;164818;2542181;2998019;20.0;CCS2;DC;210.0;"[{""activationPrice"": null, ""priceKwh"": null, ""isFromCommunity"": false}]"
carregados_rj_2026-09-22;8298;4258159;5030165;20.0;CCS2;DC;60.0;"[{""activationPrice"": null, ""priceKwh"": null, ""isFromCommunity"": false}]"
carregados_rj_2026-09-22;8298;4258160;5030166;20.0;CCS2;DC;30.0;"[{""activationPrice"": null, ""priceKwh"": null, ""isFromCommunity"": false}]"
carregados_rj_2026-09-22;8298;4258161;5030167;7.0;Type 2;AC;22.0;"[{""activationPrice"": null, ""priceKwh"": null, ""isFromCommunity"": false}]"
carregados_rj_2026-09-22;164804;242455;286889;20.0;CCS2;DC;30.0;"[{""activationPrice"": null, ""priceKwh"": null, ""isFromCommunity"": false}]"
carregados_rj_2026-09-22;1129;8363713;9904486;7.0;Type 2;AC;;[]
carregados_rj_2026-09-22;1129;8363714;9904487;20.0;CCS2;DC;;[]
carregados_rj_2026-09-22;1129;8363714;9904488;20.0;CCS2;DC;;[]
carregados_rj_2026-09-22;1129;8363715;9904489;20.0;CCS2;DC;;[]
carregados_rj_2026-09-22;1129;8363715;9904490;20.0;CCS2;DC;;[]
carregados_rj_2026-09-22;5849;8358630;9898191;20.0;CCS2;DC;;[]
carregados_rj_2026-09-22;5849;8365572;9906858;20.0;CCS2;DC;;[]
carregados_rj_2026-09-22;8501;8157209;9658806;7.0;Type 2;AC;22.0;"[{""activationPrice"": null, ""priceKwh"": null, ""isFromCommunity"": false}]"
carregados_rj_2026-09-22;8501;8362768;9903312;20.0;CCS2;DC;120.0;[]
carregados_rj_2026-09-22;8501;8362768;9903313;20.0;CCS2;DC;120.0;[]
carregados_rj_2026-09-22;1107;8353430;9891931;7.0;Type 2;AC;;[]
carregados_rj_2026-09-22;1107;8353431;9891932;7.0;Type 2;AC;;[]
carregados_rj_2026-09-22;1107;8353432;9891933;7.0;Type 2;AC;;[]
carregados_rj_2026-09-22;1107;8353433;9891934;7.0;Type 2;AC;;[]
carregados_rj_2026-09-22;884846;8360918;9900951;20.0;CCS2;DC;;[]
carregados_rj_2026-09-22;884846;8360919;9900952;20.0;CCS2;DC;;[]
carregados_rj_2026-09-22;736;4606865;5442976;20.0;CCS2;DC;;[]
carregados_rj_2026-09-22;736;4606866;5442977;20.0;CCS2;DC;;[]
carregados_rj_2026-09-22;736;4606867;5442978;7.0;Type 2;AC;;[]
carregados_rj_2026-09-22;736;4606868;5442979;7.0;Type 2;AC;;[]
carregados_rj_2026-09-22;4105;8361210;9901312;7.0;Type 2;AC;;[]
carregados_rj_2026-09-22;4105;8361211;9901313;7.0;Type 2;AC;;[]
carregados_rj_2026-09-22;818;8363598;9904336;7.0;Type 2;AC;;[]
carregados_rj_2026-09-22;818;8363598;9904337;7.0;Type 2;AC;;[]
carregados_rj_2026-09-22;818;8363599;9904338;7.0;Type 2;AC;;[]
carregados_rj_2026-09-22;818;8363599;9904339;7.0;Type 2;AC;;[]
carregados_rj_2026-09-22;802;8354497;9893224;7.0;Type 2;AC;;[]
carregados_rj_2026-09-22;802;8354497;9893225;7.0;Type 2;AC;;[]
carregados_rj_2026-09-22;9234;8362150;9902519;20.0;CCS2;DC;;[]
carregados_rj_2026-09-22;8990;4728242;5586606;20.0;CCS2;DC;60.0;"[{""activationPrice"": null, ""priceKwh"": null, ""isFromCommunity"": false}]"
carregados_rj_2026-09-22;8990;4728242;5586607;20.0;CCS2;DC;60.0;"[{""activationPrice"": null, ""priceKwh"": null, ""isFromCommunity"": false}]"
carregados_rj_2026-09-22;940935;2491319;2938744;20.0;CCS2;DC;60.0;"[{""activationPrice"": null, ""priceKwh"": null, ""isFromCommunity"": false}]"
carregados_rj_2026-09-22;940935;2491319;2938745;20.0;CCS2;DC;60.0;"[{""activationPrice"": null, ""priceKwh"": null, ""isFromCommunity"": false}]"
carregados_rj_2026-09-22;839;8357842;9897239;7.0;Type 2;AC;;[]
carregados_rj_2026-09-22;839;8357843;9897240;7.0;Type 2;AC;;[]
carregados_rj_2026-09-22;839;8357844;9897241;7.0;Type 2;AC;;[]
carregados_rj_2026-09-22;839;8357845;9897242;7.0;Type 2;AC;;[]
carregados_rj_2026-09-22;839;8357846;9897243;7.0;Type 2;AC;;[]
carregados_rj_2026-09-22;839;8357847;9897244;7.0;Type 2;AC;;[]
carregados_rj_2026-09-22;839;8357848;9897245;7.0;Type 2;AC;;[]
carregados_rj_2026-09-22;839;8357849;9897246;7.0;Type 2;AC;;[]
carregados_rj_2026-09-22;10163;2815508;3321500;20.0;CCS2;DC;60.0;"[{""activationPrice"": null, ""priceKwh"": null, ""isFromCommunity"": false}]"
carregados_rj_2026-09-22;10163;2815508;3321501;20.0;CCS2;DC;60.0;"[{""activationPrice"": null, ""priceKwh"": null, ""isFromCommunity"": false}]"
carregados_rj_2026-09-22;9229;3122715;3685000;20.0;CCS2;DC;60.0;"[{""activationPrice"": null, ""priceKwh"": null, ""isFromCommunity"": false}]"
carregados_rj_2026-09-22;9229;3122715;3685001;20.0;CCS2;DC;60.0;"[{""activationPrice"": null, ""priceKwh"": null, ""isFromCommunity"": false}]"
carregados_rj_2026-09-22;9229;3122716;3685002;20.0;CCS2;DC;60.0;"[{""activationPrice"": null, ""priceKwh"": null, ""isFromCommunity"": false}]"
carregados_rj_2026-09-22;9229;3122716;3685003;20.0;CCS2;DC;60.0;"[{""activationPrice"": null, ""priceKwh"": null, ""isFromCommunity"": false}]"
carregados_rj_2026-09-22;9229;3122717;3685004;20.0;CCS2;DC;120.0;"[{""activationPrice"": null, ""priceKwh"": null, ""isFromCommunity"": false}]"
carregados_rj_2026-09-22;9229;3122717;3685005;20.0;CCS2;DC;120.0;"[{""activationPrice"": null, ""priceKwh"": null, ""isFromCommunity"": false}]"
carregados_rj_2026-09-22;9229;6853670;8107493;20.0;CCS2;DC;120.0;"[{""activationPrice"": null, ""priceKwh"": null, ""isFromCommunity"": false}]"
carregados_rj_2026-09-22;9229;6853670;8107494;20.0;CCS2;DC;120.0;"[{""activationPrice"": null, ""priceKwh"": null, ""isFromCommunity"": false}]"
carregados_rj_2026-09-22;9229;7547140;8932241;20.0;CCS2;DC;60.0;"[{""activationPrice"": null, ""priceKwh"": null, ""isFromCommunity"": false}]"
carregados_rj_2026-09-22;9229;7547140;8932242;20.0;CCS2;DC;60.0;"[{""activationPrice"": null, ""priceKwh"": null, ""isFromCommunity"": false}]"
carregados_rj_2026-09-22;9229;7547140;9690906;20.0;CCS2;DC;60.0;"[{""activationPrice"": null, ""priceKwh"": null, ""isFromCommunity"": false}]"
carregados_rj_2026-09-22;1461709;8352368;9890571;20.0;CCS2;DC;;[]
carregados_rj_2026-09-22;1041;8352199;9890374;7.0;Type 2;AC;;[]
carregados_rj_2026-09-22;1041;8352200;9890375;20.0;CCS2;DC;;[]
carregados_rj_2026-09-22;8509;2384059;2812118;3.0;CHAdeMO;DC;60.0;"[{""activationPrice"": null, ""priceKwh"": null, ""isFromCommunity"": false}]"
carregados_rj_2026-09-22;8509;2384059;7283270;3.0;CHAdeMO;DC;60.0;"[{""activationPrice"": null, ""priceKwh"": null, ""isFromCommunity"": false}]"
carregados_rj_2026-09-22;8509;2384059;9355554;3.0;CHAdeMO;DC;60.0;"[{""activationPrice"": null, ""priceKwh"": null, ""isFromCommunity"": false}]"
carregados_rj_2026-09-22;8509;2384059;2812119;7.0;Type 2;AC;22.0;"[{""activationPrice"": null, ""priceKwh"": null, ""isFromCommunity"": false}]"
carregados_rj_2026-09-22;8509;2384059;2812117;20.0;CCS2;DC;150.0;"[{""activationPrice"": null, ""priceKwh"": null, ""isFromCommunity"": false}]"
carregados_rj_2026-09-22;8509;2384059;9355555;20.0;CCS2;DC;150.0;"[{""activationPrice"": null, ""priceKwh"": null, ""isFromCommunity"": false}]"
carregados_rj_2026-09-22;8509;7882037;9331564;20.0;CCS2;DC;120.0;"[{""activationPrice"": null, ""priceKwh"": null, ""isFromCommunity"": false}]"
carregados_rj_2026-09-22;8509;7882037;9331565;20.0;CCS2;DC;120.0;"[{""activationPrice"": null, ""priceKwh"": null, ""isFromCommunity"": false}]"
carregados_rj_2026-09-22;8509;7882038;9331566;7.0;Type 2;AC;22.0;"[{""activationPrice"": null, ""priceKwh"": null, ""isFromCommunity"": false}]"
carregados_rj_2026-09-22;8509;8364205;9905142;20.0;CCS2;DC;;[]
carregados_rj_2026-09-22;8509;8364206;9905143;20.0;CCS2;DC;;[]
carregados_rj_2026-09-22;8509;8364207;9905144;7.0;Type 2;AC;;[]
carregados_rj_2026-09-22;8509;8365573;9906859;20.0;CCS2;DC;120.0;"[{""activationPrice"": null, ""priceKwh"": null, ""isFromCommunity"": false}]"
carregados_rj_2026-09-22;8509;8365573;9906860;20.0;CCS2;DC;120.0;"[{""activationPrice"": null, ""priceKwh"": null, ""isFromCommunity"": false}]"
carregados_rj_2026-09-22;8509;8365574;9906861;7.0;Type 2;AC;22.0;"[{""activationPrice"": null, ""priceKwh"": null, ""isFromCommunity"": false}]"
carregados_rj_2026-09-22;7319;8356156;9895189;7.0;Type 2;AC;11.0;[]
carregados_rj_2026-09-22;7319;8356156;9895190;7.0;Type 2;AC;11.0;[]
carregados_rj_2026-09-22;7319;8356157;9895191;20.0;CCS2;DC;30.0;[]
carregados_rj_2026-09-22;6312;4260994;5033444;20.0;CCS2;DC;30.0;"[{""activationPrice"": null, ""priceKwh"": null, ""isFromCommunity"": false}]"
carregados_rj_2026-09-22;6312;4260995;5033445;20.0;CCS2;DC;30.0;"[{""activationPrice"": null, ""priceKwh"": null, ""isFromCommunity"": false}]"
carregados_rj_2026-09-22;6312;4260996;5033446;7.0;Type 2;AC;22.0;"[{""activationPrice"": null, ""priceKwh"": null, ""isFromCommunity"": false}]"
carregados_rj_2026-09-22;880;8361042;9901101;7.0;Type 2;AC;;[]
carregados_rj_2026-09-22;880;8361043;9901102;7.0;Type 2;AC;;[]
carregados_rj_2026-09-22;1143;8358843;9898429;7.0;Type 2;AC;;[]
carregados_rj_2026-09-22;1143;8358844;9898430;7.0;Type 2;AC;;[]
carregados_rj_2026-09-22;1143;8358845;9898431;7.0;Type 2;AC;;[]
carregados_rj_2026-09-22;1143;8358846;9898432;7.0;Type 2;AC;;[]
carregados_rj_2026-09-22;1143;8358847;9898433;7.0;Type 2;AC;;[]
carregados_rj_2026-09-22;1143;8358848;9898434;7.0;Type 2;AC;;[]
carregados_rj_2026-09-22;1145;8362344;9902758;7.0;Type 2;AC;;[]
carregados_rj_2026-09-22;1145;8362345;9902759;7.0;Type 2;AC;;[]
carregados_rj_2026-09-22;1145;8362346;9902760;7.0;Type 2;AC;;[]
carregados_rj_2026-09-22;10024;2493762;2941589;20.0;CCS2;DC;60.0;"[{""activationPrice"": null, ""priceKwh"": null, ""isFromCommunity"": false}]"
carregados_rj_2026-09-22;10024;2493762;2941590;20.0;CCS2;DC;60.0;"[{""activationPrice"": null, ""priceKwh"": null, ""isFromCommunity"": false}]"
carregados_rj_2026-09-22;10669;8364045;9904934;20.0;CCS2;DC;;[]
carregados_rj_2026-09-22;1106;4728023;5586352;7.0;Type 2;AC;7.0;"[{""activationPrice"": null, ""priceKwh"": null, ""isFromCommunity"": false}]"
carregados_rj_2026-09-22;4211;8354093;9892730;7.0;Type 2;AC;;[]
carregados_rj_2026-09-22;5682;8356488;9895608;7.0;Type 2;AC;;[]
carregados_rj_2026-09-22;5682;8356489;9895609;7.0;Type 2;AC;;[]
carregados_rj_2026-09-22;5682;8356490;9895610;7.0;Type 2;AC;;[]
carregados_rj_2026-09-22;5682;8356491;9895611;7.0;Type 2;AC;;[]
carregados_rj_2026-09-22;5682;8356492;9895612;7.0;Type 2;AC;;[]
carregados_rj_2026-09-22;5682;8356493;9895613;20.0;CCS2;DC;;[]
carregados_rj_2026-09-22;4245;8353561;9892099;7.0;Type 2;AC;;[]
carregados_rj_2026-09-22;164824;8356825;9896001;20.0;CCS2;DC;;[]
carregados_rj_2026-09-22;164824;8356826;9896002;20.0;CCS2;DC;;[]
carregados_rj_2026-09-22;164824;8356827;9896003;20.0;CCS2;DC;;[]
carregados_rj_2026-09-22;164824;8356828;9896004;20.0;CCS2;DC;;[]
carregados_rj_2026-09-22;164824;8356829;9896005;20.0;CCS2;DC;;[]
carregados_rj_2026-09-22;164824;8356830;9896006;20.0;CCS2;DC;;[]
carregados_rj_2026-09-22;164824;8356831;9896007;20.0;CCS2;DC;;[]
carregados_rj_2026-09-22;164824;8356832;9896008;20.0;CCS2;DC;;[]
carregados_rj_2026-09-22;164824;8356833;9896009;20.0;CCS2;DC;;[]
carregados_rj_2026-09-22;164824;8356834;9896010;20.0;CCS2;DC;;[]
carregados_rj_2026-09-22;164824;8356835;9896011;7.0;Type 2;AC;;[]
carregados_rj_2026-09-22;164824;8356836;9896012;7.0;Type 2;AC;;[]
carregados_rj_2026-09-22;164824;8356837;9896013;7.0;Type 2;AC;;[]
carregados_rj_2026-09-22;164824;8356838;9896014;7.0;Type 2;AC;;[]
carregados_rj_2026-09-22;164824;8356839;9896015;7.0;Type 2;AC;;[]
carregados_rj_2026-09-22;164824;8356840;9896016;7.0;Type 2;AC;;[]
carregados_rj_2026-09-22;164824;8356841;9896017;7.0;Type 2;AC;;[]
carregados_rj_2026-09-22;164824;8356842;9896018;7.0;Type 2;AC;;[]
carregados_rj_2026-09-22;164824;8356843;9896019;7.0;Type 2;AC;;[]
carregados_rj_2026-09-22;164824;8356844;9896020;7.0;Type 2;AC;;[]
carregados_rj_2026-09-22;9574;2488411;2935198;20.0;CCS2;DC;60.0;"[{""activationPrice"": null, ""priceKwh"": null, ""isFromCommunity"": false}]"
carregados_rj_2026-09-22;9574;2488411;2935199;20.0;CCS2;DC;60.0;"[{""activationPrice"": null, ""priceKwh"": null, ""isFromCommunity"": false}]"
carregados_rj_2026-09-22;1630658;8352437;9890667;20.0;CCS2;DC;;[]
carregados_rj_2026-09-22;9894;8344784;9881943;20.0;CCS2;DC;47.0;[]
carregados_rj_2026-09-22;9894;8344784;9881944;20.0;CCS2;DC;47.0;[]
carregados_rj_2026-09-22;9583;26547;33799;20.0;CCS2;DC;60.0;"[{""activationPrice"": null, ""priceKwh"": null, ""isFromCommunity"": false}]"
carregados_rj_2026-09-22;9583;26547;33800;20.0;CCS2;DC;60.0;"[{""activationPrice"": null, ""priceKwh"": null, ""isFromCommunity"": false}]"
carregados_rj_2026-09-22;164813;8360708;9900689;20.0;CCS2;DC;;[]
carregados_rj_2026-09-22;164813;8360708;9900690;20.0;CCS2;DC;;[]
carregados_rj_2026-09-22;164813;8360709;9900691;20.0;CCS2;DC;;[]
carregados_rj_2026-09-22;164813;8360709;9900692;20.0;CCS2;DC;;[]
carregados_rj_2026-09-22;813;8364581;9905572;7.0;Type 2;AC;;[]
carregados_rj_2026-09-22;813;8364582;9905573;7.0;Type 2;AC;;[]
carregados_rj_2026-09-22;10664;2486924;2933353;20.0;CCS2;DC;60.0;"[{""activationPrice"": null, ""priceKwh"": null, ""isFromCommunity"": false}]"
carregados_rj_2026-09-22;10664;2486924;2933354;20.0;CCS2;DC;60.0;"[{""activationPrice"": null, ""priceKwh"": null, ""isFromCommunity"": false}]"
carregados_rj_2026-09-22;1566919;4728316;5586698;20.0;CCS2;DC;60.0;"[{""activationPrice"": null, ""priceKwh"": null, ""isFromCommunity"": false}]"
carregados_rj_2026-09-22;1566919;4728316;5586699;20.0;CCS2;DC;60.0;"[{""activationPrice"": null, ""priceKwh"": null, ""isFromCommunity"": false}]"
carregados_rj_2026-09-22;6269;941612;1110393;7.0;Type 2;AC;7.0;"[{""activationPrice"": null, ""priceKwh"": null, ""isFromCommunity"": false}]"
carregados_rj_2026-09-22;6269;941613;1110394;7.0;Type 2;AC;7.0;"[{""activationPrice"": null, ""priceKwh"": null, ""isFromCommunity"": false}]"
carregados_rj_2026-09-22;6269;941614;1110395;7.0;Type 2;AC;7.0;"[{""activationPrice"": null, ""priceKwh"": null, ""isFromCommunity"": false}]"
carregados_rj_2026-09-22;1905270;7860192;9305493;20.0;CCS2;DC;;[]
carregados_rj_2026-09-22;8995;8361516;9901692;20.0;CCS2;DC;;[]
carregados_rj_2026-09-22;8995;8361517;9901693;20.0;CCS2;DC;;[]
carregados_rj_2026-09-22;8995;8361518;9901694;7.0;Type 2;AC;;[]
carregados_rj_2026-09-22;514374;8358661;9898223;20.0;CCS2;DC;;[]
carregados_rj_2026-09-22;514374;8358662;9898224;20.0;CCS2;DC;;[]
carregados_rj_2026-09-22;846;8364603;9905597;7.0;Type 2;AC;;[]
carregados_rj_2026-09-22;563468;8354411;9893122;20.0;CCS2;DC;;[]
carregados_rj_2026-09-22;563468;8354412;9893123;7.0;Type 2;AC;;[]
carregados_rj_2026-09-22;1101;2622453;3092988;7.0;Type 2;AC;7.0;"[{""activationPrice"": null, ""priceKwh"": null, ""isFromCommunity"": false}]"
carregados_rj_2026-09-22;1101;2622454;3092989;7.0;Type 2;AC;7.0;"[{""activationPrice"": null, ""priceKwh"": null, ""isFromCommunity"": false}]"
carregados_rj_2026-09-22;6566;8361570;9901754;7.0;Type 2;AC;22.0;[]
carregados_rj_2026-09-22;6566;8361571;9901755;7.0;Type 2;AC;22.0;[]
carregados_rj_2026-09-22;881;8356909;9896093;7.0;Type 2;AC;;[]
carregados_rj_2026-09-22;5637;8360737;9900728;20.0;CCS2;DC;30.0;[]
carregados_rj_2026-09-22;1905272;8363773;9904566;7.0;Type 2;AC;;[]
carregados_rj_2026-09-22;1905272;8363773;9904567;7.0;Type 2;AC;;[]
carregados_rj_2026-09-22;1905272;8363773;9904564;20.0;CCS2;DC;;[]
carregados_rj_2026-09-22;1905272;8363773;9904565;20.0;CCS2;DC;;[]
carregados_rj_2026-09-22;10446;2486722;2933093;20.0;CCS2;DC;120.0;"[{""activationPrice"": null, ""priceKwh"": null, ""isFromCommunity"": false}]"
carregados_rj_2026-09-22;10446;2486722;2933094;20.0;CCS2;DC;120.0;"[{""activationPrice"": null, ""priceKwh"": null, ""isFromCommunity"": false}]"
carregados_rj_2026-09-22;10446;7501610;8877986;20.0;CCS2;DC;60.0;"[{""activationPrice"": null, ""priceKwh"": null, ""isFromCommunity"": false}]"
carregados_rj_2026-09-22;10446;7501610;8877987;20.0;CCS2;DC;60.0;"[{""activationPrice"": null, ""priceKwh"": null, ""isFromCommunity"": false}]"
carregados_rj_2026-09-22;10446;7501611;8877988;20.0;CCS2;DC;40.0;"[{""activationPrice"": null, ""priceKwh"": null, ""isFromCommunity"": false}]"
carregados_rj_2026-09-22;10447;8356154;9895187;20.0;CCS2;DC;30.0;[]
carregados_rj_2026-09-22;10447;8356155;9895188;7.0;Type 2;AC;7.0;[]
carregados_rj_2026-09-22;563470;2490444;2937696;20.0;CCS2;DC;80.0;"[{""activationPrice"": null, ""priceKwh"": null, ""isFromCommunity"": false}]"
carregados_rj_2026-09-22;563470;2490444;2937697;20.0;CCS2;DC;80.0;"[{""activationPrice"": null, ""priceKwh"": null, ""isFromCommunity"": false}]"
carregados_rj_2026-09-22;356439;8360682;9900655;20.0;CCS2;DC;30.0;[]
carregados_rj_2026-09-22;356439;8360683;9900656;20.0;CCS2;DC;;[]
carregados_rj_2026-09-22;4552;8363439;9904122;7.0;Type 2;AC;;[]
carregados_rj_2026-09-22;9215;4743269;5604477;20.0;CCS2;DC;120.0;"[{""activationPrice"": null, ""priceKwh"": null, ""isFromCommunity"": false}]"
carregados_rj_2026-09-22;9215;4743270;5604478;20.0;CCS2;DC;60.0;"[{""activationPrice"": null, ""priceKwh"": null, ""isFromCommunity"": false}]"
carregados_rj_2026-09-22;9215;4743271;5604479;7.0;Type 2;AC;22.0;"[{""activationPrice"": null, ""priceKwh"": null, ""isFromCommunity"": false}]"
carregados_rj_2026-09-22;298985;2515312;2966641;20.0;CCS2;DC;120.0;"[{""activationPrice"": null, ""priceKwh"": null, ""isFromCommunity"": false}]"
carregados_rj_2026-09-22;298985;2515312;2966642;20.0;CCS2;DC;120.0;"[{""activationPrice"": null, ""priceKwh"": null, ""isFromCommunity"": false}]"
carregados_rj_2026-09-22;9115;8361236;9901347;7.0;Type 2;AC;;[]
carregados_rj_2026-09-22;9115;8361237;9901348;20.0;CCS2;DC;;[]
carregados_rj_2026-09-22;757;8363594;9904331;7.0;Type 2;AC;;[]
carregados_rj_2026-09-22;1139501;8353444;9891952;20.0;CCS2;DC;;[]
carregados_rj_2026-09-22;1139501;8353445;9891953;20.0;CCS2;DC;;[]
carregados_rj_2026-09-22;8503;8361178;9901270;7.0;Type 2;AC;;[]
carregados_rj_2026-09-22;8503;8361179;9901271;7.0;Type 2;AC;;[]
carregados_rj_2026-09-22;9674;8362097;9902445;7.0;Type 2;AC;;[]
carregados_rj_2026-09-22;9674;8362097;9902443;20.0;CCS2;DC;;[]
carregados_rj_2026-09-22;9674;8362097;9902444;20.0;CCS2;DC;;[]
carregados_rj_2026-09-22;5870;8363604;9904344;7.0;Type 2;AC;;[]
carregados_rj_2026-09-22;5870;8363605;9904345;7.0;Type 2;AC;;[]
carregados_rj_2026-09-22;164841;8360718;9900701;20.0;CCS2;DC;30.0;[]
carregados_rj_2026-09-22;164808;2487622;2934195;20.0;CCS2;DC;60.0;"[{""activationPrice"": null, ""priceKwh"": null, ""isFromCommunity"": false}]"
carregados_rj_2026-09-22;164808;2487622;2934196;20.0;CCS2;DC;60.0;"[{""activationPrice"": null, ""priceKwh"": null, ""isFromCommunity"": false}]"
carregados_rj_2026-09-22;2072470;8361307;9901439;20.0;CCS2;DC;;[]
carregados_rj_2026-09-22;2072470;8361308;9901440;20.0;CCS2;DC;;[]
carregados_rj_2026-09-22;847;8356741;9895897;7.0;Type 2;AC;;[]
carregados_rj_2026-09-22;847;8356742;9895898;7.0;Type 2;AC;;[]
carregados_rj_2026-09-22;10666;2541503;2997189;20.0;CCS2;DC;150.0;"[{""activationPrice"": null, ""priceKwh"": null, ""isFromCommunity"": false}]"
carregados_rj_2026-09-22;10666;2541503;2997190;20.0;CCS2;DC;150.0;"[{""activationPrice"": null, ""priceKwh"": null, ""isFromCommunity"": false}]"
carregados_rj_2026-09-22;10666;8358124;9897578;20.0;CCS2;DC;;[]
carregados_rj_2026-09-22;10666;8358124;9897579;20.0;CCS2;DC;;[]
carregados_rj_2026-09-22;10667;8354173;9892823;20.0;CCS2;DC;;[]
carregados_rj_2026-09-22;870;8351898;9890007;7.0;Type 2;AC;;[]
carregados_rj_2026-09-22;9422;8356152;9895185;20.0;CCS2;DC;30.0;[]
carregados_rj_2026-09-22;9422;8356153;9895186;7.0;Type 2;AC;7.0;[]
carregados_rj_2026-09-22;861;8359691;9899449;7.0;Type 2;AC;;[]
carregados_rj_2026-09-22;4185;8354231;9892894;7.0;Type 2;AC;;[]
carregados_rj_2026-09-22;4185;8354231;9892895;7.0;Type 2;AC;;[]
carregados_rj_2026-09-22;10170;8361430;9901592;20.0;CCS2;DC;;[]
carregados_rj_2026-09-22;10170;8361430;9901593;20.0;CCS2;DC;;[]
carregados_rj_2026-09-22;10170;8361431;9901594;7.0;Type 2;AC;;[]
carregados_rj_2026-09-22;10170;8361432;9901595;20.0;CCS2;DC;;[]
carregados_rj_2026-09-22;8506;8351838;9889939;7.0;Type 2;AC;;[]
carregados_rj_2026-09-22;8506;8351839;9889940;7.0;Type 2;AC;;[]
carregados_rj_2026-09-22;1080;8364742;9905766;7.0;Type 2;AC;7.0;[]
carregados_rj_2026-09-22;1080;8364743;9905767;7.0;Type 2;AC;7.0;[]
carregados_rj_2026-09-22;4053;8354461;9893182;20.0;CCS2;DC;;[]
carregados_rj_2026-09-22;4053;8354462;9893183;7.0;Type 2;AC;;[]
carregados_rj_2026-09-22;7233;8364095;9904992;7.0;Type 2;AC;;[]
carregados_rj_2026-09-22;5854;8363059;9903660;7.0;Type 2;AC;;[]
carregados_rj_2026-09-22;5854;8363060;9903661;20.0;CCS2;DC;;[]
carregados_rj_2026-09-22;8989;8357859;9897261;7.0;Type 2;AC;;[]
carregados_rj_2026-09-22;8989;8357860;9897262;7.0;Type 2;AC;;[]
carregados_rj_2026-09-22;8989;8357861;9897263;7.0;Type 2;AC;;[]
carregados_rj_2026-09-22;8989;8357862;9897264;7.0;Type 2;AC;;[]
carregados_rj_2026-09-22;8989;8357863;9897265;7.0;Type 2;AC;;[]
carregados_rj_2026-09-22;8989;8357864;9897266;7.0;Type 2;AC;;[]
carregados_rj_2026-09-22;8989;8357865;9897267;7.0;Type 2;AC;;[]
carregados_rj_2026-09-22;8989;8357866;9897268;7.0;Type 2;AC;;[]
carregados_rj_2026-09-22;8989;8357867;9897269;7.0;Type 2;AC;;[]
carregados_rj_2026-09-22;8989;8357868;9897270;7.0;Type 2;AC;;[]
carregados_rj_2026-09-22;1243427;8355899;9894893;7.0;Type 2;AC;;[]
carregados_rj_2026-09-22;2075801;8356638;9895775;20.0;CCS2;DC;;[]
carregados_rj_2026-09-22;2075801;8356639;9895776;7.0;Type 2;AC;;[]
carregados_rj_2026-09-22;1024;8357474;9896788;7.0;Type 2;AC;;[]
carregados_rj_2026-09-22;1055;8362818;9903376;7.0;Type 2;AC;;[]
carregados_rj_2026-09-22;2073313;8353412;9891907;20.0;CCS2;DC;60.0;[]
carregados_rj_2026-09-22;2073313;8353412;9891908;20.0;CCS2;DC;60.0;[]
carregados_rj_2026-09-22;2073313;8353413;9891909;7.0;Type 2;AC;22.0;[]
carregados_rj_2026-09-22;2073313;8353413;9891910;7.0;Type 2;AC;22.0;[]
carregados_rj_2026-09-22;2075152;8361601;9901796;20.0;CCS2;DC;120.0;[]
carregados_rj_2026-09-22;2075152;8361601;9901797;20.0;CCS2;DC;120.0;[]
carregados_rj_2026-09-22;10162;2523969;2976721;20.0;CCS2;DC;60.0;"[{""activationPrice"": null, ""priceKwh"": null, ""isFromCommunity"": false}]"
carregados_rj_2026-09-22;10162;2523969;2976722;20.0;CCS2;DC;60.0;"[{""activationPrice"": null, ""priceKwh"": null, ""isFromCommunity"": false}]"
carregados_rj_2026-09-22;858;4700180;5553471;7.0;Type 2;AC;22.0;"[{""activationPrice"": null, ""priceKwh"": null, ""isFromCommunity"": false}]"
carregados_rj_2026-09-22;884856;8357183;9896428;20.0;CCS2;DC;;[]
carregados_rj_2026-09-22;884856;8357184;9896429;20.0;CCS2;DC;;[]
carregados_rj_2026-09-22;884856;8357185;9896430;7.0;Type 2;AC;;[]
carregados_rj_2026-09-22;884856;8357186;9896431;7.0;Type 2;AC;;[]
carregados_rj_2026-09-22;884856;8357187;9896432;7.0;Type 2;AC;;[]
carregados_rj_2026-09-22;8508;4728280;5586648;20.0;CCS2;DC;40.0;"[{""activationPrice"": null, ""priceKwh"": null, ""isFromCommunity"": false}]"
carregados_rj_2026-09-22;1630653;8354941;9893751;20.0;CCS2;DC;120.0;[]
carregados_rj_2026-09-22;1630653;8354941;9893752;20.0;CCS2;DC;120.0;[]
carregados_rj_2026-09-22;810;8353760;9892334;7.0;Type 2;AC;;[]
carregados_rj_2026-09-22;663901;981192;1157179;7.0;Type 2;AC;7.0;"[{""activationPrice"": null, ""priceKwh"": null, ""isFromCommunity"": false}]"
carregados_rj_2026-09-22;663901;981193;1157180;7.0;Type 2;AC;7.0;"[{""activationPrice"": null, ""priceKwh"": null, ""isFromCommunity"": false}]"
carregados_rj_2026-09-22;663901;981194;1157181;7.0;Type 2;AC;7.0;"[{""activationPrice"": null, ""priceKwh"": null, ""isFromCommunity"": false}]"
carregados_rj_2026-09-22;10164;8352187;9890362;7.0;Type 2;AC;;[]
carregados_rj_2026-09-22;10164;8352188;9890363;7.0;Type 2;AC;;[]
carregados_rj_2026-09-22;853;2804101;3308018;7.0;Type 2;AC;7.0;"[{""activationPrice"": null, ""priceKwh"": null, ""isFromCommunity"": false}]"
carregados_rj_2026-09-22;1088;8364746;9905771;7.0;Type 2;AC;7.0;[]
carregados_rj_2026-09-22;814;8364577;9905568;7.0;Type 2;AC;;[]
carregados_rj_2026-09-22;814;8364578;9905569;7.0;Type 2;AC;;[]
carregados_rj_2026-09-22;814;8364579;9905570;7.0;Type 2;AC;;[]
carregados_rj_2026-09-22;814;8364580;9905571;7.0;Type 2;AC;;[]
carregados_rj_2026-09-22;854;954053;1125063;7.0;Type 2;AC;7.0;"[{""activationPrice"": null, ""priceKwh"": null, ""isFromCommunity"": false}]"
carregados_rj_2026-09-22;793;8345689;9883023;7.0;Type 2;AC;;[]
carregados_rj_2026-09-22;5583;8346683;9884109;7.0;Type 2;AC;;[]
carregados_rj_2026-09-22;9228;26544;33795;20.0;CCS2;DC;30.0;"[{""activationPrice"": null, ""priceKwh"": null, ""isFromCommunity"": false}]"
carregados_rj_2026-09-22;4657;940717;1109375;7.0;Type 2;AC;7.0;"[{""activationPrice"": null, ""priceKwh"": null, ""isFromCommunity"": false}]"
carregados_rj_2026-09-22;4657;6993163;8273233;20.0;CCS2;DC;90.0;"[{""activationPrice"": null, ""priceKwh"": null, ""isFromCommunity"": false}]"
carregados_rj_2026-09-22;4657;6993163;8273234;20.0;CCS2;DC;90.0;"[{""activationPrice"": null, ""priceKwh"": null, ""isFromCommunity"": false}]"
carregados_rj_2026-09-22;4049;8354812;9893591;7.0;Type 2;AC;;[]
carregados_rj_2026-09-22;851;8364605;9905599;7.0;Type 2;AC;;[]
carregados_rj_2026-09-22;851;8364606;9905600;1.0;Wall;não classificado;;[]
carregados_rj_2026-09-22;9231;8362198;9902579;7.0;Type 2;AC;;[]
carregados_rj_2026-09-22;5786;8360449;9900372;7.0;Type 2;AC;;[]
carregados_rj_2026-09-22;4115;8345872;9883223;7.0;Type 2;AC;;[]
carregados_rj_2026-09-22;4115;8345873;9883224;7.0;Type 2;AC;;[]
carregados_rj_2026-09-22;4115;8345874;9883225;7.0;Type 2;AC;;[]
carregados_rj_2026-09-22;4115;8345875;9883226;7.0;Type 2;AC;;[]
carregados_rj_2026-09-22;4115;8345876;9883227;7.0;Type 2;AC;;[]
carregados_rj_2026-09-22;819;8364585;9905576;20.0;CCS2;DC;;[]
carregados_rj_2026-09-22;819;8364586;9905577;7.0;Type 2;AC;;[]
carregados_rj_2026-09-22;819;8364587;9905578;7.0;Type 2;AC;;[]
carregados_rj_2026-09-22;819;8364588;9905579;7.0;Type 2;AC;;[]
carregados_rj_2026-09-22;819;8364589;9905580;7.0;Type 2;AC;;[]
carregados_rj_2026-09-22;8510;8348371;9886036;7.0;Type 2;AC;;[]
carregados_rj_2026-09-22;2075259;8360115;9899943;20.0;CCS2;DC;;[]
carregados_rj_2026-09-22;2075259;8360116;9899944;7.0;Type 2;AC;;[]
carregados_rj_2026-09-22;1905295;2892833;3412987;20.0;CCS2;DC;60.0;"[{""activationPrice"": null, ""priceKwh"": null, ""isFromCommunity"": false}]"
carregados_rj_2026-09-22;1905295;2892833;3412988;20.0;CCS2;DC;60.0;"[{""activationPrice"": null, ""priceKwh"": null, ""isFromCommunity"": false}]"
carregados_rj_2026-09-22;625497;8350385;9888317;20.0;CCS2;DC;;[]
carregados_rj_2026-09-22;625497;8350386;9888318;7.0;Type 2;AC;;[]
carregados_rj_2026-09-22;4164;8348136;9885767;7.0;Type 2;AC;;[]
carregados_rj_2026-09-22;4299;8345971;9883327;7.0;Type 2;AC;;[]
carregados_rj_2026-09-22;4299;8345972;9883328;7.0;Type 2;AC;;[]
carregados_rj_2026-09-22;782960;8351837;9889938;20.0;CCS2;DC;;[]
carregados_rj_2026-09-22;1139532;8354987;9893808;20.0;CCS2;DC;;[]
carregados_rj_2026-09-22;1139532;8354988;9893809;20.0;CCS2;DC;;[]
carregados_rj_2026-09-22;1461703;8352487;9890728;20.0;CCS2;DC;;[]
carregados_rj_2026-09-22;4894;8346295;9883686;7.0;Type 2;AC;;[]
carregados_rj_2026-09-22;6395;8358542;9898079;7.0;Type 2;AC;;[]
carregados_rj_2026-09-22;6395;8358543;9898080;7.0;Type 2;AC;;[]
carregados_rj_2026-09-22;1079;8364740;9905764;7.0;Type 2;AC;7.0;[]
carregados_rj_2026-09-22;4268;8353667;9892225;7.0;Type 2;AC;;[]
carregados_rj_2026-09-22;4268;8353667;9892226;7.0;Type 2;AC;;[]
carregados_rj_2026-09-22;1630654;2608610;3076645;20.0;CCS2;DC;60.0;"[{""activationPrice"": null, ""priceKwh"": null, ""isFromCommunity"": false}]"
carregados_rj_2026-09-22;1630654;2608610;3076646;20.0;CCS2;DC;60.0;"[{""activationPrice"": null, ""priceKwh"": null, ""isFromCommunity"": false}]"
carregados_rj_2026-09-22;1430848;8365100;9906249;20.0;CCS2;DC;40.0;"[{""activationPrice"": null, ""priceKwh"": null, ""isFromCommunity"": false}]"
carregados_rj_2026-09-22;5895;8355968;9894971;7.0;Type 2;AC;;[]
carregados_rj_2026-09-22;1078;8364739;9905763;7.0;Type 2;AC;3.7;[]
carregados_rj_2026-09-22;4199;8345924;9883279;7.0;Type 2;AC;11.0;[]
carregados_rj_2026-09-22;4199;8345925;9883280;7.0;Type 2;AC;11.0;[]
carregados_rj_2026-09-22;9572;8357119;9896343;7.0;Type 2;AC;;[]
carregados_rj_2026-09-22;9572;8357120;9896344;7.0;Type 2;AC;;[]
carregados_rj_2026-09-22;840;8364598;9905590;7.0;Type 2;AC;;[]
carregados_rj_2026-09-22;1060;8357549;9896867;7.0;Type 2;AC;;[]
carregados_rj_2026-09-22;6265;8352517;9890766;7.0;Type 2;AC;;[]
carregados_rj_2026-09-22;1105;8364753;9905778;7.0;Type 2;AC;;[]
carregados_rj_2026-09-22;2072149;8362401;9902833;7.0;Type 2;AC;;[]
carregados_rj_2026-09-22;2072149;8362402;9902834;7.0;Type 2;AC;;[]
carregados_rj_2026-09-22;4281;8345964;9883319;7.0;Type 2;AC;;[]
carregados_rj_2026-09-22;9237;8348809;9886540;7.0;Type 2;AC;;[]
carregados_rj_2026-09-22;9237;8348809;9886541;7.0;Type 2;AC;;[]
carregados_rj_2026-09-22;10165;7872953;9320807;6.0;Tipo 2;AC;;[]
carregados_rj_2026-09-22;10165;7872954;9320808;7.0;Tipo 2;AC;;[]
carregados_rj_2026-09-22;5613;8353882;9892478;7.0;Type 2;AC;;[]
carregados_rj_2026-09-22;8186;8361704;9901933;20.0;CCS2;DC;;[]
carregados_rj_2026-09-22;8186;8361705;9901934;20.0;CCS2;DC;;[]
carregados_rj_2026-09-22;820;2804059;3307972;7.0;Type 2;AC;7.0;"[{""activationPrice"": null, ""priceKwh"": null, ""isFromCommunity"": false}]"
carregados_rj_2026-09-22;8187;8348148;9885780;20.0;CCS2;DC;;[]
carregados_rj_2026-09-22;8187;8348148;9885781;20.0;CCS2;DC;;[]
carregados_rj_2026-09-22;2072022;8352175;9890347;20.0;CCS2;DC;;[]
carregados_rj_2026-09-22;2072022;8352176;9890348;20.0;CCS2;DC;;[]
carregados_rj_2026-09-22;2072022;8352177;9890349;7.0;Type 2;AC;;[]
carregados_rj_2026-09-22;2073790;8362116;9902468;20.0;CCS2;DC;;[]
carregados_rj_2026-09-22;841;8364601;9905594;7.0;Type 2;AC;;[]
carregados_rj_2026-09-22;841;8364601;9905595;7.0;Type 2;AC;;[]
carregados_rj_2026-09-22;832;1833718;2163193;7.0;Type 2;AC;7.0;"[{""activationPrice"": null, ""priceKwh"": null, ""isFromCommunity"": false}]"
carregados_rj_2026-09-22;5615;8352937;9891295;7.0;Type 2;AC;;[]
carregados_rj_2026-09-22;5615;8352938;9891296;20.0;CCS2;DC;;[]
carregados_rj_2026-09-22;6478;8347092;9884552;7.0;Type 2;AC;;[]
carregados_rj_2026-09-22;6478;8347093;9884553;7.0;Type 2;AC;;[]
carregados_rj_2026-09-22;6478;8347094;9884554;7.0;Type 2;AC;;[]
carregados_rj_2026-09-22;9582;8351935;9890052;7.0;Type 2;AC;;[]
carregados_rj_2026-09-22;514359;8361350;9901492;7.0;Type 2;AC;;[]
carregados_rj_2026-09-22;4176;8361353;9901495;20.0;CCS2;DC;;[]
carregados_rj_2026-09-22;2075551;8363653;9904407;20.0;CCS2;DC;;[]
carregados_rj_2026-09-22;2072789;8356293;9895353;20.0;CCS2;DC;;[]
carregados_rj_2026-09-22;2072789;8356294;9895354;20.0;CCS2;DC;;[]
carregados_rj_2026-09-22;6574;8347124;9884587;7.0;Type 2;AC;;[]
carregados_rj_2026-09-22;1566920;2487273;2933775;20.0;CCS2;DC;40.0;"[{""activationPrice"": null, ""priceKwh"": null, ""isFromCommunity"": false}]"
carregados_rj_2026-09-22;4306;8363302;9903963;7.0;Type 2;AC;;[]
carregados_rj_2026-09-22;4306;8363303;9903964;7.0;Type 2;AC;;[]
carregados_rj_2026-09-22;1146;8359832;9899615;7.0;Type 2;AC;;[]
carregados_rj_2026-09-22;1146;8359833;9899616;7.0;Type 2;AC;;[]
carregados_rj_2026-09-22;356453;8354199;9892856;7.0;Type 2;AC;;[]
carregados_rj_2026-09-22;2073531;8363762;9904549;20.0;CCS2;DC;;[]
carregados_rj_2026-09-22;8504;8362578;9903053;7.0;Type 2;AC;;[]
carregados_rj_2026-09-22;2073676;8353504;9892032;20.0;CCS2;DC;;[]
carregados_rj_2026-09-22;2073676;8353505;9892033;20.0;CCS2;DC;;[]
carregados_rj_2026-09-22;2074290;8359983;9899781;20.0;CCS2;DC;;[]
carregados_rj_2026-09-22;2074290;8359983;9899782;20.0;CCS2;DC;;[]
carregados_rj_2026-09-22;10557;8361497;9901671;7.0;Type 2;AC;;[]
carregados_rj_2026-09-22;9581;8360272;9900149;7.0;Type 2;AC;;[]
carregados_rj_2026-09-22;10053;8363035;9903633;7.0;Type 2;AC;;[]
carregados_rj_2026-09-22;806;4720076;5576978;7.0;Type 2;AC;7.0;"[{""activationPrice"": null, ""priceKwh"": null, ""isFromCommunity"": false}]"
carregados_rj_2026-09-22;806;8359848;9899632;20.0;CCS2;DC;;[]
carregados_rj_2026-09-22;806;8359849;9899633;20.0;CCS2;DC;;[]
carregados_rj_2026-09-22;7318;8347506;9885037;20.0;CCS2;DC;;[]
carregados_rj_2026-09-22;5863;8346767;9884207;2.0;J-1772;AC;;[]
carregados_rj_2026-09-22;5863;8346767;9884208;7.0;Type 2;AC;;[]
carregados_rj_2026-09-22;4782;8346214;9883603;2.0;J-1772;AC;7.0;[]
carregados_rj_2026-09-22;1034;8364696;9905719;7.0;Type 2;AC;3.7;[]
carregados_rj_2026-09-22;782977;8362813;9903371;20.0;CCS2;DC;;[]
carregados_rj_2026-09-22;1243157;1906710;2249073;20.0;CCS2;DC;40.0;"[{""activationPrice"": null, ""priceKwh"": null, ""isFromCommunity"": false}]"
carregados_rj_2026-09-22;1243157;1906711;2249074;7.0;Type 2;AC;22.0;"[{""activationPrice"": null, ""priceKwh"": null, ""isFromCommunity"": false}]"
carregados_rj_2026-09-22;164831;242512;286953;20.0;CCS2;DC;30.0;"[{""activationPrice"": null, ""priceKwh"": null, ""isFromCommunity"": false}]"
carregados_rj_2026-09-22;2075902;8358217;9897699;20.0;CCS2;DC;90.0;[]
carregados_rj_2026-09-22;2075902;8358217;9897700;20.0;CCS2;DC;90.0;[]
carregados_rj_2026-09-22;1021;8364684;9905703;7.0;Type 2;AC;;[]
carregados_rj_2026-09-22;1021;8364685;9905704;7.0;Type 2;AC;;[]
carregados_rj_2026-09-22;164843;952868;1123692;7.0;Type 2;AC;7.0;"[{""activationPrice"": null, ""priceKwh"": null, ""isFromCommunity"": false}]"
carregados_rj_2026-09-22;164843;952869;1123693;7.0;Type 2;AC;7.0;"[{""activationPrice"": null, ""priceKwh"": null, ""isFromCommunity"": false}]"
carregados_rj_2026-09-22;1022;8364686;9905705;7.0;Type 2;AC;;[]
carregados_rj_2026-09-22;1022;8364687;9905706;7.0;Type 2;AC;;[]
carregados_rj_2026-09-22;1022;8364688;9905707;7.0;Type 2;AC;;[]
carregados_rj_2026-09-22;787;945996;1115716;7.0;Type 2;AC;7.0;"[{""activationPrice"": null, ""priceKwh"": null, ""isFromCommunity"": false}]"
carregados_rj_2026-09-22;4903;8352932;9891290;7.0;Type 2;AC;;[]
carregados_rj_2026-09-22;865;2639937;3113657;7.0;Type 2;AC;7.0;"[{""activationPrice"": null, ""priceKwh"": null, ""isFromCommunity"": false}]"
carregados_rj_2026-09-22;884848;8356313;9895377;7.0;Type 2;AC;;[]
carregados_rj_2026-09-22;1128;8364770;9905795;7.0;Type 2;AC;3.7;[]
carregados_rj_2026-09-22;4102;8354075;9892712;7.0;Type 2;AC;;[]
carregados_rj_2026-09-22;4102;8354076;9892713;7.0;Type 2;AC;;[]
carregados_rj_2026-09-22;1071;8364731;9905755;7.0;Type 2;AC;;[]
carregados_rj_2026-09-22;1071;8364732;9905756;7.0;Type 2;AC;;[]
carregados_rj_2026-09-22;1071;8364733;9905757;7.0;Type 2;AC;;[]
carregados_rj_2026-09-22;1071;8364734;9905758;7.0;Type 2;AC;;[]
carregados_rj_2026-09-22;1071;8364735;9905759;7.0;Type 2;AC;;[]
carregados_rj_2026-09-22;1071;8364736;9905760;7.0;Type 2;AC;;[]
carregados_rj_2026-09-22;4278;17045;22632;7.0;Type 2;AC;7.0;"[{""activationPrice"": null, ""priceKwh"": null, ""isFromCommunity"": false}]"
carregados_rj_2026-09-22;4278;17046;22633;7.0;Type 2;AC;7.0;"[{""activationPrice"": null, ""priceKwh"": null, ""isFromCommunity"": false}]"
carregados_rj_2026-09-22;4200;8354079;9892716;7.0;Type 2;AC;;[]
carregados_rj_2026-09-22;4200;8354080;9892717;7.0;Type 2;AC;;[]
carregados_rj_2026-09-22;4200;8354081;9892718;7.0;Type 2;AC;;[]
carregados_rj_2026-09-22;4200;8354082;9892719;7.0;Type 2;AC;;[]
carregados_rj_2026-09-22;4200;8354083;9892720;7.0;Type 2;AC;;[]
carregados_rj_2026-09-22;1325958;8350278;9888191;7.0;Type 2;AC;;[]
carregados_rj_2026-09-22;2073303;8353403;9891898;7.0;Type 2;AC;;[]
carregados_rj_2026-09-22;2073303;8353404;9891899;7.0;Type 2;AC;;[]
carregados_rj_2026-09-22;9232;8348807;9886538;7.0;Type 2;AC;;[]
carregados_rj_2026-09-22;9232;8348808;9886539;7.0;Type 2;AC;;[]
carregados_rj_2026-09-22;8505;8362898;9903473;7.0;Type 2;AC;;[]
carregados_rj_2026-09-22;8505;8362899;9903474;7.0;Type 2;AC;;[]
carregados_rj_2026-09-22;2073110;8354531;9893265;7.0;Type 2;AC;;[]
carregados_rj_2026-09-22;2073110;8354532;9893266;7.0;Type 2;AC;;[]
carregados_rj_2026-09-22;4307;8345977;9883333;7.0;Type 2;AC;;[]
carregados_rj_2026-09-22;4307;8345977;9883334;7.0;Type 2;AC;;[]
carregados_rj_2026-09-22;4307;8345978;9883335;7.0;Type 2;AC;;[]
carregados_rj_2026-09-22;4307;8345978;9883336;7.0;Type 2;AC;;[]
carregados_rj_2026-09-22;4135;8354226;9892887;7.0;Type 2;AC;;[]
carregados_rj_2026-09-22;4135;8354226;9892888;7.0;Type 2;AC;;[]
carregados_rj_2026-09-22;4135;8354227;9892889;7.0;Type 2;AC;;[]
carregados_rj_2026-09-22;4135;8354227;9892890;7.0;Type 2;AC;;[]
carregados_rj_2026-09-22;1243174;8358592;9898141;20.0;CCS2;DC;;[]
carregados_rj_2026-09-22;1243174;8358593;9898142;7.0;Type 2;AC;;[]
carregados_rj_2026-09-22;1243174;8358594;9898143;20.0;CCS2;DC;;[]
carregados_rj_2026-09-22;866;8359733;9899498;7.0;Type 2;AC;;[]
carregados_rj_2026-09-22;9421;8351910;9890019;7.0;Type 2;AC;;[]
carregados_rj_2026-09-22;9421;8351911;9890020;7.0;Type 2;AC;;[]
carregados_rj_2026-09-22;9421;8351912;9890021;7.0;Type 2;AC;;[]
carregados_rj_2026-09-22;884;8364618;9905615;7.0;Type 2;AC;;[]
carregados_rj_2026-09-22;1054;8364710;9905734;7.0;Type 2;AC;;[]
carregados_rj_2026-09-22;1054;8364711;9905735;7.0;Type 2;AC;;[]
carregados_rj_2026-09-22;1054;8364712;9905736;7.0;Type 2;AC;;[]
carregados_rj_2026-09-22;4272;8345956;9883311;7.0;Type 2;AC;;[]
carregados_rj_2026-09-22;1049;8358151;9897617;7.0;Type 2;AC;11.0;[]
carregados_rj_2026-09-22;4243;8345945;9883300;7.0;Type 2;AC;7.0;[]
carregados_rj_2026-09-22;1031;8358467;9897987;7.0;Type 2;AC;3.7;[]
carregados_rj_2026-09-22;6030;8353907;9892508;7.0;Type 2;AC;;[]
carregados_rj_2026-09-22;5277;8346513;9883917;7.0;Type 2;AC;7.4;[]
carregados_rj_2026-09-22;1075;8353807;9892392;7.0;Type 2;AC;;[]
carregados_rj_2026-09-22;1506973;8363050;9903650;7.0;Type 2;AC;;[]
carregados_rj_2026-09-22;1506973;8363051;9903651;7.0;Type 2;AC;;[]
carregados_rj_2026-09-22;1506973;8363052;9903652;7.0;Type 2;AC;;[]
carregados_rj_2026-09-22;1506973;8363053;9903653;20.0;CCS2;DC;;[]
carregados_rj_2026-09-22;2073791;8362400;9902832;7.0;Type 2;AC;;[]
carregados_rj_2026-09-22;9108;8348759;9886481;20.0;CCS2;DC;;[]
carregados_rj_2026-09-22;2072609;8355013;9893842;20.0;CCS2;DC;;[]
carregados_rj_2026-09-22;2072609;8355013;9893843;20.0;CCS2;DC;;[]
carregados_rj_2026-09-22;894;8364623;9905620;7.0;Type 2;AC;7.0;[]
carregados_rj_2026-09-22;830;8355059;9893900;7.0;Type 2;AC;;[]
carregados_rj_2026-09-22;2075690;8360882;9900901;20.0;CCS2;DC;;[]
carregados_rj_2026-09-22;2075690;8360883;9900902;20.0;CCS2;DC;;[]
carregados_rj_2026-09-22;2075690;8360884;9900903;7.0;Type 2;AC;;[]
carregados_rj_2026-09-22;2074289;8357672;9897023;7.0;Type 2;AC;7.0;[]
carregados_rj_2026-09-22;1059;8364717;9905741;7.0;Type 2;AC;;[]
carregados_rj_2026-09-22;1059;8364718;9905742;7.0;Type 2;AC;;[]
carregados_rj_2026-09-22;2075017;8359379;9899080;20.0;CCS2;DC;60.0;[]
carregados_rj_2026-09-22;2075017;8359379;9899081;20.0;CCS2;DC;60.0;[]
carregados_rj_2026-09-22;2075017;8359380;9899082;20.0;CCS2;DC;60.0;[]
carregados_rj_2026-09-22;2075017;8359380;9899083;20.0;CCS2;DC;60.0;[]
carregados_rj_2026-09-22;2074606;8365206;9906384;20.0;CCS2;DC;160.0;[]
carregados_rj_2026-09-22;2074606;8365206;9906385;20.0;CCS2;DC;160.0;[]
carregados_rj_2026-09-22;2073109;8361511;9901687;20.0;CCS2;DC;;[]
carregados_rj_2026-09-22;2073109;8361512;9901688;20.0;CCS2;DC;;[]
carregados_rj_2026-09-22;2073109;8361513;9901689;7.0;Type 2;AC;;[]
carregados_rj_2026-09-22;2073109;8361514;9901690;7.0;Type 2;AC;;[]
carregados_rj_2026-09-22;4944;8361891;9902175;7.0;Type 2;AC;;[]
carregados_rj_2026-09-22;10112;8349286;9887085;7.0;Type 2;AC;;[]
carregados_rj_2026-09-22;9575;8348968;9886720;7.0;Type 2;AC;;[]
carregados_rj_2026-09-22;9575;8348968;9886721;7.0;Type 2;AC;;[]
carregados_rj_2026-09-22;8994;8348664;9886374;7.0;Type 2;AC;;[]
carregados_rj_2026-09-22;9226;8361856;9902134;7.0;Type 2;AC;;[]
carregados_rj_2026-09-22;9226;8361857;9902135;7.0;Type 2;AC;;[]
carregados_rj_2026-09-22;2072018;3365804;3973076;20.0;CCS2;DC;30.0;"[{""activationPrice"": null, ""priceKwh"": null, ""isFromCommunity"": false}]"
carregados_rj_2026-09-22;2074607;8361876;9902159;20.0;CCS2;DC;;[]
carregados_rj_2026-09-22;356465;8357930;9897344;20.0;CCS2;DC;;[]
carregados_rj_2026-09-22;356465;8357930;9897345;20.0;CCS2;DC;;[]
carregados_rj_2026-09-22;4996;8346353;9883746;7.0;Type 2;AC;;[]
carregados_rj_2026-09-22;4283;8345965;9883320;7.0;Type 2;AC;;[]
carregados_rj_2026-09-22;4283;8345966;9883321;7.0;Type 2;AC;;[]
carregados_rj_2026-09-22;1123;26536;33785;7.0;Type 2;AC;7.0;"[{""activationPrice"": null, ""priceKwh"": null, ""isFromCommunity"": false}]"
carregados_rj_2026-09-22;1123;7961183;9425602;7.0;Type 2;AC;7.0;"[{""activationPrice"": null, ""priceKwh"": null, ""isFromCommunity"": false}]"
carregados_rj_2026-09-22;1123;8262142;9783699;7.0;Type 2;AC;7.0;"[{""activationPrice"": null, ""priceKwh"": null, ""isFromCommunity"": false}]"
carregados_rj_2026-09-22;4328;8345986;9883344;7.0;Type 2;AC;;[]
carregados_rj_2026-09-22;514365;8353956;9892565;7.0;Type 2;AC;;[]
carregados_rj_2026-09-22;10119;8363023;9903620;7.0;Type 2;AC;;[]
carregados_rj_2026-09-22;9580;8351934;9890051;7.0;Type 2;AC;;[]
carregados_rj_2026-09-22;9222;8348801;9886528;7.0;Type 2;AC;;[]
carregados_rj_2026-09-22;2076626;8191519;9699339;13.0;CCS / TIPO 2;DC;;[]
carregados_rj_2026-09-22;2076626;8191519;9699338;20.0;CCS2;DC;;[]
carregados_rj_2026-09-22;4285;8356209;9895252;7.0;Type 2;AC;;[]
carregados_rj_2026-09-22;1110;8363581;9904311;7.0;Type 2;AC;;[]
carregados_rj_2026-09-22;1110;8363581;9904312;7.0;Type 2;AC;;[]
carregados_rj_2026-09-22;1109;8364755;9905780;7.0;Type 2;AC;;[]
carregados_rj_2026-09-22;2074603;8361874;9902156;20.0;CCS2;DC;;[]
carregados_rj_2026-09-22;1194789;8354528;9893262;7.0;Type 2;AC;;[]
carregados_rj_2026-09-22;1114;8364758;9905783;7.0;Type 2;AC;11.0;[]
carregados_rj_2026-09-22;1114;8364759;9905784;7.0;Type 2;AC;11.0;[]
carregados_rj_2026-09-22;10665;8354187;9892843;7.0;Type 2;AC;;[]
carregados_rj_2026-09-22;10055;8349255;9887052;7.0;Type 2;AC;;[]
carregados_rj_2026-09-22;6413;8358546;9898084;7.0;Type 2;AC;;[]
carregados_rj_2026-09-22;6413;8358547;9898085;7.0;Type 2;AC;;[]
carregados_rj_2026-09-22;879;8360313;9900200;7.0;Type 2;AC;;[]
carregados_rj_2026-09-22;1051;8364705;9905728;7.0;Type 2;AC;;[]
carregados_rj_2026-09-22;1051;8364706;9905729;7.0;Type 2;AC;;[]
carregados_rj_2026-09-22;1051;8364707;9905730;7.0;Type 2;AC;;[]
carregados_rj_2026-09-22;1051;8364708;9905731;7.0;Type 2;AC;;[]
carregados_rj_2026-09-22;2076726;8348706;9886418;20.0;CCS2;DC;;[]
carregados_rj_2026-09-22;883;8364619;9905616;7.0;Type 2;AC;;[]
carregados_rj_2026-09-22;4273;8345955;9883310;7.0;Type 2;AC;;[]
carregados_rj_2026-09-22;940921;8349942;9887836;7.0;Type 2;AC;;[]
carregados_rj_2026-09-22;940921;8349942;9887835;16.0;GB/T;não classificado;;[]
carregados_rj_2026-09-22;940921;8349943;9887837;7.0;Type 2;AC;;[]
carregados_rj_2026-09-22;940921;8349944;9887838;16.0;GB/T;não classificado;;[]
carregados_rj_2026-09-22;1047;8364702;9905725;7.0;Type 2;AC;;[]
carregados_rj_2026-09-22;356435;8349647;9887501;7.0;Type 2;AC;;[]
carregados_rj_2026-09-22;356435;8349647;9887502;7.0;Type 2;AC;;[]
carregados_rj_2026-09-22;356435;8349648;9887503;20.0;CCS2;DC;;[]
carregados_rj_2026-09-22;735;8348411;9886086;7.0;Type 2;AC;;[]
carregados_rj_2026-09-22;4900;8346299;9883690;2.0;J-1772;AC;;[]
carregados_rj_2026-09-22;4900;8346299;9883691;7.0;Type 2;AC;;[]
carregados_rj_2026-09-22;4061;8345831;9883178;7.0;Type 2;AC;;[]
carregados_rj_2026-09-22;1035;8364694;9905715;7.0;Type 2;AC;;[]
carregados_rj_2026-09-22;1035;8364694;9905713;20.0;CCS2;DC;;[]
carregados_rj_2026-09-22;1035;8364694;9905714;20.0;CCS2;DC;;[]
carregados_rj_2026-09-22;1035;8364695;9905718;7.0;Type 2;AC;;[]
carregados_rj_2026-09-22;1035;8364695;9905716;20.0;CCS2;DC;;[]
carregados_rj_2026-09-22;1035;8364695;9905717;20.0;CCS2;DC;;[]
carregados_rj_2026-09-22;1139520;8350124;9888030;7.0;Type 2;AC;;[]
carregados_rj_2026-09-22;2073675;8364054;9904945;20.0;CCS2;DC;;[]
carregados_rj_2026-09-22;10434;8363944;9904797;7.0;Type 2;AC;;[]
carregados_rj_2026-09-22;6514;8347106;9884566;7.0;Type 2;AC;;[]
carregados_rj_2026-09-22;1050;8364703;9905726;7.0;Type 2;AC;7.0;[]
carregados_rj_2026-09-22;5031;8358359;9897862;7.0;Type 2;AC;;[]
carregados_rj_2026-09-22;5031;8358360;9897863;7.0;Type 2;AC;;[]
carregados_rj_2026-09-22;1023;8364689;9905708;7.0;Type 2;AC;;[]
carregados_rj_2026-09-22;1023;8364690;9905709;7.0;Type 2;AC;;[]
carregados_rj_2026-09-22;817;8364584;9905575;7.0;Type 2;AC;;[]
carregados_rj_2026-09-22;4395;8346031;9883391;7.0;Type 2;AC;;[]
carregados_rj_2026-09-22;1430849;8350342;9888265;7.0;Type 2;AC;;[]
carregados_rj_2026-09-22;2074037;8357577;9896899;7.0;Type 2;AC;;[]
carregados_rj_2026-09-22;2074037;8357578;9896900;7.0;Type 2;AC;;[]
carregados_rj_2026-09-22;4288;8356217;9895260;7.0;Type 2;AC;7.0;[]
carregados_rj_2026-09-22;2076298;7835670;9276324;6.0;Tipo 2;AC;;[]
carregados_rj_2026-09-22;2076298;7835671;9276325;6.0;Tipo 2;AC;;[]
carregados_rj_2026-09-22;2076298;7835672;9276326;6.0;Tipo 2;AC;;[]
carregados_rj_2026-09-22;2076298;7835673;9276327;6.0;Tipo 2;AC;;[]
carregados_rj_2026-09-22;2076298;7835674;9276328;6.0;Tipo 2;AC;;[]
carregados_rj_2026-09-22;2076298;7835675;9276329;6.0;Tipo 2;AC;;[]
carregados_rj_2026-09-22;2076298;7835676;9276330;6.0;Tipo 2;AC;;[]
carregados_rj_2026-09-22;2076298;7835677;9276331;6.0;Tipo 2;AC;;[]
carregados_rj_2026-09-22;2076298;7835678;9276332;6.0;Tipo 2;AC;;[]
carregados_rj_2026-09-22;2076298;7835679;9276333;20.0;CCS2;DC;;[]
carregados_rj_2026-09-22;6037;8357687;9897039;7.0;Type 2;AC;;[]
carregados_rj_2026-09-22;2074605;8351191;9889195;20.0;CCS2;DC;;[]
carregados_rj_2026-09-22;2072322;4434542;5238981;20.0;CCS2;DC;;[]
carregados_rj_2026-09-22;2072322;4434542;5238982;20.0;CCS2;DC;;[]
carregados_rj_2026-09-22;246333;8349617;9887462;7.0;Type 2;AC;;[]
carregados_rj_2026-09-22;2073536;5101179;6028263;7.0;Type 2;AC;7.0;"[{""activationPrice"": null, ""priceKwh"": null, ""isFromCommunity"": false}]"
carregados_rj_2026-09-22;4238;8356186;9895223;7.0;Type 2;AC;;[]
carregados_rj_2026-09-22;6052;8346863;9884310;7.0;Type 2;AC;;[]
carregados_rj_2026-09-22;1111;8360037;9899846;7.0;Type 2;AC;;[]
carregados_rj_2026-09-22;6114;8354244;9892912;7.0;Type 2;AC;;[]
carregados_rj_2026-09-22;6114;8354244;9892913;7.0;Type 2;AC;;[]
carregados_rj_2026-09-22;1063;8364723;9905747;7.0;Type 2;AC;;[]
carregados_rj_2026-09-22;1063;8364724;9905748;7.0;Type 2;AC;;[]
carregados_rj_2026-09-22;1063;8364725;9905749;7.0;Type 2;AC;;[]
carregados_rj_2026-09-22;1461704;8356802;9895973;7.0;Type 2;AC;;[]
carregados_rj_2026-09-22;1056;2577467;3039759;7.0;Type 2;AC;7.0;"[{""activationPrice"": null, ""priceKwh"": null, ""isFromCommunity"": false}]"
carregados_rj_2026-09-22;4064;8345832;9883179;7.0;Type 2;AC;;[]
carregados_rj_2026-09-22;4064;8345833;9883180;7.0;Type 2;AC;;[]
carregados_rj_2026-09-22;4064;8345834;9883181;11.0;Commando;não classificado;;[]
carregados_rj_2026-09-22;874;8364615;9905612;7.0;Type 2;AC;;[]
carregados_rj_2026-09-22;9419;8348886;9886625;7.0;Type 2;AC;;[]
carregados_rj_2026-09-22;9419;8348887;9886626;7.0;Type 2;AC;;[]
carregados_rj_2026-09-22;9419;8348888;9886627;7.0;Type 2;AC;;[]
carregados_rj_2026-09-22;9419;8348889;9886628;7.0;Type 2;AC;;[]
carregados_rj_2026-09-22;9419;8348890;9886629;7.0;Type 2;AC;;[]
carregados_rj_2026-09-22;884860;8359667;9899420;7.0;Type 2;AC;;[]
carregados_rj_2026-09-22;884860;8359667;9899421;7.0;Type 2;AC;;[]
carregados_rj_2026-09-22;563458;8354404;9893113;7.0;Type 2;AC;;[]
carregados_rj_2026-09-22;4047;8353704;9892269;7.0;Type 2;AC;;[]
carregados_rj_2026-09-22;6495;8347099;9884559;7.0;Type 2;AC;;[]
carregados_rj_2026-09-22;4830;8346245;9883635;2.0;J-1772;AC;;[]
carregados_rj_2026-09-22;4830;8346246;9883636;2.0;J-1772;AC;;[]
carregados_rj_2026-09-22;4830;8346247;9883637;2.0;J-1772;AC;;[]
carregados_rj_2026-09-22;1029;8364691;9905710;7.0;Type 2;AC;;[]
carregados_rj_2026-09-22;4197;8345920;9883275;7.0;Type 2;AC;22.0;[]
carregados_rj_2026-09-22;4197;8345921;9883276;7.0;Type 2;AC;22.0;[]
carregados_rj_2026-09-22;6266;8346983;9884438;7.0;Type 2;AC;;[]
carregados_rj_2026-09-22;2075846;8357158;9896395;20.0;CCS2;DC;90.0;[]
carregados_rj_2026-09-22;2075846;8357158;9896396;20.0;CCS2;DC;90.0;[]
carregados_rj_2026-09-22;2076433;8351916;9890026;20.0;CCS2;DC;60.0;[]
carregados_rj_2026-09-22;2076433;8351916;9890027;20.0;CCS2;DC;60.0;[]
carregados_rj_2026-09-22;8709;8348490;9886171;1.0;Wall;não classificado;;[]
carregados_rj_2026-09-22;9236;8353958;9892567;7.0;Type 2;AC;;[]
carregados_rj_2026-09-22;885111;8349913;9887804;7.0;Type 2;AC;;[]
carregados_rj_2026-09-22;2076136;7801966;9236092;20.0;CCS2;DC;150.0;"[{""activationPrice"": null, ""priceKwh"": null, ""isFromCommunity"": false}]"
carregados_rj_2026-09-22;2076136;7801966;9236093;20.0;CCS2;DC;150.0;"[{""activationPrice"": null, ""priceKwh"": null, ""isFromCommunity"": false}]"
carregados_rj_2026-09-22;2076136;8357657;9897004;20.0;CCS2;DC;150.0;[]
carregados_rj_2026-09-22;2076136;8357657;9897005;20.0;CCS2;DC;150.0;[]
carregados_rj_2026-09-22;4927;8346316;9883708;7.0;Type 2;AC;;[]
carregados_rj_2026-09-22;889;8364622;9905619;7.0;Type 2;AC;;[]
carregados_rj_2026-09-22;2072790;4226528;4992715;7.0;Type 2;AC;7.0;"[{""activationPrice"": null, ""priceKwh"": null, ""isFromCommunity"": false}]"
carregados_rj_2026-09-22;2072790;4226529;4992716;7.0;Type 2;AC;7.0;"[{""activationPrice"": null, ""priceKwh"": null, ""isFromCommunity"": false}]"
carregados_rj_2026-09-22;2072790;4226530;4992717;7.0;Type 2;AC;7.0;"[{""activationPrice"": null, ""priceKwh"": null, ""isFromCommunity"": false}]"
carregados_rj_2026-09-22;8564;8348394;9886060;7.0;Type 2;AC;;[]
carregados_rj_2026-09-22;8564;8348395;9886061;7.0;Type 2;AC;;[]
carregados_rj_2026-09-22;9413;8348882;9886621;7.0;Type 2;AC;;[]
carregados_rj_2026-09-22;1096;8364751;9905776;7.0;Type 2;AC;;[]
carregados_rj_2026-09-22;747;8364555;9905545;7.0;Type 2;AC;;[]
carregados_rj_2026-09-22;4214;8357069;9896285;7.0;Type 2;AC;;[]
carregados_rj_2026-09-22;4214;8357070;9896286;7.0;Type 2;AC;;[]
carregados_rj_2026-09-22;4214;8357071;9896287;7.0;Type 2;AC;;[]
carregados_rj_2026-09-22;4214;8357072;9896288;7.0;Type 2;AC;;[]
carregados_rj_2026-09-22;4214;8357073;9896289;7.0;Type 2;AC;;[]
carregados_rj_2026-09-22;1243170;8361832;9902107;7.0;Type 2;AC;;[]
carregados_rj_2026-09-22;1243170;8361833;9902108;7.0;Type 2;AC;;[]
carregados_rj_2026-09-22;842;8354243;9892911;7.0;Type 2;AC;;[]
carregados_rj_2026-09-22;4264;8345952;9883307;7.0;Type 2;AC;;[]
carregados_rj_2026-09-22;4101;8354074;9892711;7.0;Type 2;AC;;[]
carregados_rj_2026-09-22;2075939;8357324;9896609;20.0;CCS2;DC;;[]
carregados_rj_2026-09-22;2075939;8357325;9896610;20.0;CCS2;DC;;[]
carregados_rj_2026-09-22;1094;8364750;9905775;7.0;Type 2;AC;;[]
carregados_rj_2026-09-22;10871;8349527;9887366;7.0;Type 2;AC;;[]
carregados_rj_2026-09-22;2072019;8350559;9888500;7.0;Type 2;AC;;[]
carregados_rj_2026-09-22;2072019;8350560;9888501;7.0;Type 2;AC;;[]
carregados_rj_2026-09-22;2072019;8350561;9888502;7.0;Type 2;AC;;[]
carregados_rj_2026-09-22;2073031;8350779;9888744;7.0;Type 2;AC;;[]
carregados_rj_2026-09-22;5544;8346657;9884075;7.0;Type 2;AC;;[]
carregados_rj_2026-09-22;5544;8346658;9884076;7.0;Type 2;AC;;[]
carregados_rj_2026-09-22;8521;8348378;9886043;1.0;Wall;não classificado;;[]
carregados_rj_2026-09-22;8521;8348379;9886044;7.0;Type 2;AC;;[]
carregados_rj_2026-09-22;792;8364566;9905557;7.0;Type 2;AC;;[]
carregados_rj_2026-09-22;2076785;8364935;9906046;7.0;Type 2;AC;;[]
carregados_rj_2026-09-22;8998;8348673;9886383;11.0;Commando;não classificado;;[]
carregados_rj_2026-09-22;8998;8348674;9886384;11.0;Commando;não classificado;;[]
carregados_rj_2026-09-22;8998;8348675;9886385;11.0;Commando;não classificado;;[]
carregados_rj_2026-09-22;8998;8348676;9886386;11.0;Commando;não classificado;;[]
carregados_rj_2026-09-22;8998;8348677;9886387;11.0;Commando;não classificado;;[]
carregados_rj_2026-09-22;4127;8353735;9892304;7.0;Type 2;AC;;[]
carregados_rj_2026-09-22;4050;8345826;9883172;7.0;Type 2;AC;;[]
carregados_rj_2026-09-22;1115;8364757;9905782;7.0;Type 2;AC;7.0;[]
carregados_rj_2026-09-22;10672;8354170;9892820;7.0;Type 2;AC;;[]
carregados_rj_2026-09-22;1083;8364744;9905768;7.0;Type 2;AC;7.0;[]
carregados_rj_2026-09-22;8993;8348661;9886371;1.0;Wall;não classificado;;[]
carregados_rj_2026-09-22;356434;8358895;9898489;11.0;Commando;não classificado;;[]
carregados_rj_2026-09-22;4198;8345922;9883277;7.0;Type 2;AC;3.7;[]
carregados_rj_2026-09-22;4198;8345923;9883278;7.0;Type 2;AC;3.7;[]
carregados_rj_2026-09-22;5350;8346551;9883960;7.0;Type 2;AC;;[]
carregados_rj_2026-09-22;4170;8345906;9883259;7.0;Type 2;AC;;[]
carregados_rj_2026-09-22;4170;8345907;9883260;7.0;Type 2;AC;;[]
carregados_rj_2026-09-22;1141;8359844;9899628;7.0;Type 2;AC;;[]
carregados_rj_2026-09-22;1141;8359845;9899629;7.0;Type 2;AC;;[]
carregados_rj_2026-09-22;4204;8354089;9892726;7.0;Type 2;AC;22.0;[]
carregados_rj_2026-09-22;4204;8354090;9892727;7.0;Type 2;AC;22.0;[]
carregados_rj_2026-09-22;1035626;8350090;9887992;7.0;Type 2;AC;;[]
carregados_rj_2026-09-22;1091;8364748;9905773;7.0;Type 2;AC;11.0;[]
carregados_rj_2026-09-22;1091;8364749;9905774;7.0;Type 2;AC;11.0;[]
carregados_rj_2026-09-22;663893;2586697;3050418;7.0;Type 2;AC;7.0;"[{""activationPrice"": null, ""priceKwh"": null, ""isFromCommunity"": false}]"
carregados_rj_2026-09-22;5721;8346730;9884163;7.0;Type 2;AC;;[]
carregados_rj_2026-09-22;4098;8345863;9883214;7.0;Type 2;AC;;[]
carregados_rj_2026-09-22;1506976;8359356;9899049;7.0;Type 2;AC;;[]
carregados_rj_2026-09-22;10023;8349236;9887031;7.0;Type 2;AC;;[]
carregados_rj_2026-09-22;2073535;8351028;9889017;7.0;Type 2;AC;;[]
carregados_rj_2026-09-22;2074644;8354488;9893211;1.0;Wall;não classificado;;[]
carregados_rj_2026-09-22;5475;8346620;9884035;7.0;Type 2;AC;;[]
carregados_rj_2026-09-22;5475;8346621;9884036;7.0;Type 2;AC;;[]
carregados_rj_2026-09-22;1116;8364760;9905785;7.0;Type 2;AC;;[]
carregados_rj_2026-09-22;1116;8364761;9905786;7.0;Type 2;AC;;[]
carregados_rj_2026-09-22;1116;8364762;9905787;7.0;Type 2;AC;;[]
carregados_rj_2026-09-22;1116;8364763;9905788;7.0;Type 2;AC;;[]
carregados_rj_2026-09-22;1116;8364764;9905789;7.0;Type 2;AC;;[]
carregados_rj_2026-09-22;1116;8364765;9905790;7.0;Type 2;AC;;[]
carregados_rj_2026-09-22;2074604;8351190;9889194;7.0;Type 2;AC;;[]
carregados_rj_2026-09-22;2075778;7351339;8699030;13.0;CCS / TIPO 2;DC;;[]
carregados_rj_2026-09-22;5107;8358498;9898027;2.0;J-1772;AC;;[]
carregados_rj_2026-09-22;5107;8358499;9898028;2.0;J-1772;AC;;[]
carregados_rj_2026-09-22;4902;8346302;9883694;2.0;J-1772;AC;;[]
carregados_rj_2026-09-22;4802;8346224;9883613;2.0;J-1772;AC;;[]
carregados_rj_2026-09-22;4062;8345830;9883177;7.0;Type 2;AC;;[]
carregados_rj_2026-09-22;409091;8349703;9887564;7.0;Type 2;AC;;[]
carregados_rj_2026-09-22;409091;8349703;9887565;7.0;Type 2;AC;;[]
carregados_rj_2026-09-22;10674;8349500;9887331;7.0;Type 2;AC;;[]
carregados_rj_2026-09-22;10674;8349501;9887332;7.0;Type 2;AC;;[]
carregados_rj_2026-09-22;1033;8364692;9905711;7.0;Type 2;AC;;[]
carregados_rj_2026-09-22;1033;8364693;9905712;7.0;Type 2;AC;;[]
carregados_rj_2026-09-22;940906;8349937;9887830;20.0;CCS2;DC;;[]
carregados_rj_2026-09-22;4468;8346086;9883453;7.0;Type 2;AC;;[]
carregados_rj_2026-09-22;2072255;8354289;9892976;7.0;Type 2;AC;;[]
carregados_rj_2026-09-22;4121;8345885;9883236;7.0;Type 2;AC;;[]
carregados_rj_2026-09-22;9586;8360363;9900263;7.0;Type 2;AC;;[]
carregados_rj_2026-09-22;2073270;4693864;5545906;20.0;CCS2;DC;;[]
carregados_rj_2026-09-22;2073270;4693864;5545907;20.0;CCS2;DC;;[]
carregados_rj_2026-09-22;1038;8364697;9905720;7.0;Type 2;AC;;[]
carregados_rj_2026-09-22;4361;8353715;9892281;7.0;Type 2;AC;;[]
carregados_rj_2026-09-22;5471;8358961;9898581;7.0;Type 2;AC;;[]
carregados_rj_2026-09-22;9416;8348883;9886622;7.0;Type 2;AC;;[]
carregados_rj_2026-09-22;5248;8346490;9883892;7.0;Type 2;AC;;[]
carregados_rj_2026-09-22;4111;8345870;9883221;7.0;Type 2;AC;;[]
carregados_rj_2026-09-22;4143;8354249;9892922;7.0;Type 2;AC;;[]
carregados_rj_2026-09-22;409075;8349701;9887562;7.0;Type 2;AC;;[]
carregados_rj_2026-09-22;409075;8349702;9887563;16.0;GB/T;não classificado;;[]
carregados_rj_2026-09-22;4222;2829943;3338717;7.0;Type 2;AC;7.0;"[{""activationPrice"": null, ""priceKwh"": null, ""isFromCommunity"": false}]"
carregados_rj_2026-09-22;2074183;8354883;9893677;7.0;Type 2;AC;;[]
carregados_rj_2026-09-22;246331;8357084;9896303;7.0;Type 2;AC;;[]
carregados_rj_2026-09-22;884873;8360452;9900377;7.0;Type 2;AC;;[]
carregados_rj_2026-09-22;4100;8345864;9883215;7.0;Type 2;AC;;[]
carregados_rj_2026-09-22;884843;8349893;9887782;7.0;Type 2;AC;;[]
carregados_rj_2026-09-22;782990;8356976;9896180;1.0;Wall;não classificado;;[]
carregados_rj_2026-09-22;771;8359783;9899560;7.0;Type 2;AC;;[]
carregados_rj_2026-09-22;2073532;8350915;9888889;7.0;Type 2;AC;;[]
carregados_rj_2026-09-22;2073532;8350916;9888890;7.0;Type 2;AC;;[]
carregados_rj_2026-09-22;2076578;8348017;9885614;20.0;CCS2;DC;;[]
carregados_rj_2026-09-22;2076578;8348017;9885615;20.0;CCS2;DC;;[]
carregados_rj_2026-09-22;1045;8360038;9899847;7.0;Type 2;AC;;[]
carregados_rj_2026-09-22;1035374;8350070;9887971;7.0;Type 2;AC;;[]
carregados_rj_2026-09-22;1035374;8350071;9887972;7.0;Type 2;AC;;[]
carregados_rj_2026-09-22;5003;8346362;9883755;7.0;Type 2;AC;;[]
carregados_rj_2026-09-22;2074036;8357571;9896891;7.0;Type 2;AC;;[]
carregados_rj_2026-09-22;2074036;8357572;9896892;7.0;Type 2;AC;;[]
carregados_rj_2026-09-22;2076018;8360572;9900523;7.0;Type 2;AC;;[]
carregados_rj_2026-09-22;2073032;8358708;9898281;7.0;Type 2;AC;;[]
carregados_rj_2026-09-22;2073032;8358709;9898282;7.0;Type 2;AC;;[]
carregados_rj_2026-09-22;2075015;8359375;9899076;20.0;CCS2;DC;;[]
carregados_rj_2026-09-22;4873;8346285;9883676;7.0;Type 2;AC;;[]
carregados_rj_2026-09-22;4873;8346286;9883677;7.0;Type 2;AC;;[]
carregados_rj_2026-09-22;356450;526066;620284;7.0;Type 2;AC;7.0;"[{""activationPrice"": null, ""priceKwh"": null, ""isFromCommunity"": false}]"
carregados_rj_2026-09-22;356450;526067;620285;7.0;Type 2;AC;7.0;"[{""activationPrice"": null, ""priceKwh"": null, ""isFromCommunity"": false}]"
carregados_rj_2026-09-22;356450;526068;620286;7.0;Type 2;AC;7.0;"[{""activationPrice"": null, ""priceKwh"": null, ""isFromCommunity"": false}]"
carregados_rj_2026-09-22;356450;526069;620287;7.0;Type 2;AC;7.0;"[{""activationPrice"": null, ""priceKwh"": null, ""isFromCommunity"": false}]"
carregados_rj_2026-09-22;356450;526070;620288;7.0;Type 2;AC;7.0;"[{""activationPrice"": null, ""priceKwh"": null, ""isFromCommunity"": false}]"
carregados_rj_2026-09-22;356450;526071;620289;7.0;Type 2;AC;7.0;"[{""activationPrice"": null, ""priceKwh"": null, ""isFromCommunity"": false}]"
carregados_rj_2026-09-22;356450;526072;620290;7.0;Type 2;AC;7.0;"[{""activationPrice"": null, ""priceKwh"": null, ""isFromCommunity"": false}]"
carregados_rj_2026-09-22;356450;945613;1115271;7.0;Type 2;AC;7.0;"[{""activationPrice"": null, ""priceKwh"": null, ""isFromCommunity"": false}]"
carregados_rj_2026-09-22;356450;945614;1115272;7.0;Type 2;AC;7.0;"[{""activationPrice"": null, ""priceKwh"": null, ""isFromCommunity"": false}]"
carregados_rj_2026-09-22;356450;945615;1115273;7.0;Type 2;AC;7.0;"[{""activationPrice"": null, ""priceKwh"": null, ""isFromCommunity"": false}]"
carregados_rj_2026-09-22;356450;945616;1115274;7.0;Type 2;AC;7.0;"[{""activationPrice"": null, ""priceKwh"": null, ""isFromCommunity"": false}]"
carregados_rj_2026-09-22;356450;945617;1115275;7.0;Type 2;AC;7.0;"[{""activationPrice"": null, ""priceKwh"": null, ""isFromCommunity"": false}]"
carregados_rj_2026-09-22;356450;7137560;8444962;7.0;Type 2;AC;7.0;"[{""activationPrice"": null, ""priceKwh"": null, ""isFromCommunity"": false}]"
carregados_rj_2026-09-22;356450;7137561;8444963;7.0;Type 2;AC;7.0;"[{""activationPrice"": null, ""priceKwh"": null, ""isFromCommunity"": false}]"
carregados_rj_2026-09-22;356450;7137562;8444964;7.0;Type 2;AC;7.0;"[{""activationPrice"": null, ""priceKwh"": null, ""isFromCommunity"": false}]"
carregados_rj_2026-09-22;356450;7137563;8444965;7.0;Type 2;AC;7.0;"[{""activationPrice"": null, ""priceKwh"": null, ""isFromCommunity"": false}]"
carregados_rj_2026-09-22;356450;7137564;8444966;7.0;Type 2;AC;7.0;"[{""activationPrice"": null, ""priceKwh"": null, ""isFromCommunity"": false}]"
carregados_rj_2026-09-22;356450;7137565;8444967;7.0;Type 2;AC;7.0;"[{""activationPrice"": null, ""priceKwh"": null, ""isFromCommunity"": false}]"
carregados_rj_2026-09-22;940937;8349945;9887839;7.0;Type 2;AC;;[]
carregados_rj_2026-09-22;940937;8349946;9887840;7.0;Type 2;AC;;[]
carregados_rj_2026-09-22;940937;8349947;9887841;7.0;Type 2;AC;;[]
carregados_rj_2026-09-22;940937;8349948;9887842;7.0;Type 2;AC;;[]
carregados_rj_2026-09-22;164833;8358462;9897982;7.0;Type 2;AC;7.0;[]
carregados_rj_2026-09-22;1027;14878;19419;7.0;Type 2;AC;7.0;"[{""activationPrice"": null, ""priceKwh"": null, ""isFromCommunity"": false}]"
carregados_rj_2026-09-22;812;8364574;9905565;7.0;Type 2;AC;;[]
carregados_rj_2026-09-22;356471;8354216;9892873;7.0;Type 2;AC;;[]
carregados_rj_2026-09-22;1085;8359876;9899660;7.0;Type 2;AC;;[]
carregados_rj_2026-09-22;1085;8359877;9899661;7.0;Type 2;AC;;[]
carregados_rj_2026-09-22;4349;8345999;9883359;7.0;Type 2;AC;;[]
carregados_rj_2026-09-22;4349;8346000;9883360;7.0;Type 2;AC;;[]
carregados_rj_2026-09-22;4228;8352639;9890912;7.0;Type 2;AC;7.0;[]
carregados_rj_2026-09-22;10558;8359712;9899475;7.0;Type 2;AC;;[]
carregados_rj_2026-09-22;2072951;8358038;9897475;1.0;Wall;não classificado;;[]
carregados_rj_2026-09-22;984891;8356610;9895743;7.0;Type 2;AC;;[]
carregados_rj_2026-09-22;984891;8356610;9895744;7.0;Type 2;AC;;[]
carregados_rj_2026-09-22;1044;8364701;9905724;7.0;Type 2;AC;;[]
carregados_rj_2026-09-22;5352;8346552;9883961;7.0;Type 2;AC;;[]
carregados_rj_2026-09-22;5244;8346483;9883883;7.0;Type 2;AC;;[]
carregados_rj_2026-09-22;9414;8348885;9886624;7.0;Type 2;AC;;[]
carregados_rj_2026-09-22;4252;8345948;9883303;7.0;Type 2;AC;7.0;[]
carregados_rj_2026-09-22;5005;8346363;9883756;7.0;Type 2;AC;;[]
carregados_rj_2026-09-22;4106;8345865;9883216;7.0;Type 2;AC;;[]
carregados_rj_2026-09-22;871;8364613;9905610;7.0;Type 2;AC;;[]
carregados_rj_2026-09-22;871;8364614;9905611;7.0;Type 2;AC;;[]
carregados_rj_2026-09-22;4219;8345931;9883286;7.0;Type 2;AC;7.0;[]
carregados_rj_2026-09-22;8183;8359038;9898681;7.0;Type 2;AC;;[]
carregados_rj_2026-09-22;8705;8348487;9886168;1.0;Wall;não classificado;;[]
carregados_rj_2026-09-22;8672;8348472;9886153;1.0;Wall;não classificado;;[]
carregados_rj_2026-09-22;2074426;6384384;7549859;6.0;Tipo 2;AC;;[]
carregados_rj_2026-09-22;9117;8348761;9886483;1.0;Wall;não classificado;;[]
carregados_rj_2026-09-22;782978;8349846;9887729;20.0;CCS2;DC;;[]
carregados_rj_2026-09-22;2073224;6265324;7408325;7.0;Type 2;AC;;[]
carregados_rj_2026-09-22;4287;8356215;9895258;7.0;Type 2;AC;7.0;[]
carregados_rj_2026-09-22;4287;8356216;9895259;7.0;Type 2;AC;7.0;[]
carregados_rj_2026-09-22;1139517;8350121;9888027;7.0;Type 2;AC;;[]
carregados_rj_2026-09-22;8189;8348149;9885782;7.0;Type 2;AC;;[]
carregados_rj_2026-09-22;9590;8348974;9886729;1.0;Wall;não classificado;;[]
carregados_rj_2026-09-22;1194786;1834409;2163962;7.0;Type 2;AC;7.0;"[{""activationPrice"": null, ""priceKwh"": null, ""isFromCommunity"": false}]"
carregados_rj_2026-09-22;1194786;1834410;2163963;7.0;Type 2;AC;7.0;"[{""activationPrice"": null, ""priceKwh"": null, ""isFromCommunity"": false}]"
carregados_rj_2026-09-22;7729;8352477;9890715;14.0;Three Phase;não classificado;;[]
carregados_rj_2026-09-22;2071913;8354326;9893021;7.0;Type 2;AC;;[]
carregados_rj_2026-09-22;1657235;8350422;9888354;7.0;Type 2;AC;;[]
carregados_rj_2026-09-22;2074182;8356273;9895327;1.0;Wall;não classificado;;[]
carregados_rj_2026-09-22;7784;8347772;9885341;1.0;Wall;não classificado;;[]
carregados_rj_2026-09-22;10437;8349448;9887273;16.0;GB/T;não classificado;;[]
carregados_rj_2026-09-22;7770;8360319;9900206;1.0;Wall;não classificado;;[]
carregados_rj_2026-09-22;4275;8356201;9895243;7.0;Type 2;AC;;[]
carregados_rj_2026-09-22;9968;8349207;9887000;7.0;Type 2;AC;;[]
carregados_rj_2026-09-22;8647;8353955;9892564;1.0;Wall;não classificado;;[]
carregados_rj_2026-09-22;5689;8353887;9892484;7.0;Type 2;AC;;[]
carregados_rj_2026-09-22;4229;8356179;9895215;7.0;Type 2;AC;7.0;[]
carregados_rj_2026-09-22;4065;8345839;9883186;7.0;Type 2;AC;;[]
carregados_rj_2026-09-22;5213;8346476;9883875;7.0;Type 2;AC;;[]
carregados_rj_2026-09-22;2076605;8360970;9901012;20.0;CCS2;DC;;[]
carregados_rj_2026-09-22;2076605;8360971;9901013;20.0;CCS2;DC;;[]
carregados_rj_2026-09-22;663897;981188;1157175;7.0;Type 2;AC;7.0;"[{""activationPrice"": null, ""priceKwh"": null, ""isFromCommunity"": false}]"
carregados_rj_2026-09-22;663897;6534556;7728258;7.0;Type 2;AC;7.0;"[{""activationPrice"": null, ""priceKwh"": null, ""isFromCommunity"": false}]"
carregados_rj_2026-09-22;4125;8345888;9883240;7.0;Type 2;AC;;[]
carregados_rj_2026-09-22;1325946;8350277;9888190;7.0;Type 2;AC;;[]
carregados_rj_2026-09-22;984887;1522626;1796202;7.0;Type 2;AC;7.0;"[{""activationPrice"": null, ""priceKwh"": null, ""isFromCommunity"": false}]"
carregados_rj_2026-09-22;984887;1522627;1796203;7.0;Type 2;AC;7.0;"[{""activationPrice"": null, ""priceKwh"": null, ""isFromCommunity"": false}]"
carregados_rj_2026-09-22;4217;8345930;9883285;7.0;Type 2;AC;7.0;[]
carregados_rj_2026-09-22;4063;8345835;9883182;7.0;Type 2;AC;;[]
carregados_rj_2026-09-22;4063;8345836;9883183;7.0;Type 2;AC;;[]
carregados_rj_2026-09-22;4063;8345837;9883184;7.0;Type 2;AC;;[]
carregados_rj_2026-09-22;4063;8345838;9883185;7.0;Type 2;AC;;[]
carregados_rj_2026-09-22;356441;8349649;9887504;7.0;Type 2;AC;;[]
carregados_rj_2026-09-22;356441;8349649;9887505;7.0;Type 2;AC;;[]
carregados_rj_2026-09-22;2073530;8351709;9889786;20.0;CCS2;DC;;[]
carregados_rj_2026-09-22;2073530;8351710;9889787;20.0;CCS2;DC;;[]
carregados_rj_2026-09-22;4304;8345976;9883332;7.0;Type 2;AC;;[]
carregados_rj_2026-09-22;2076612;8348041;9885644;7.0;Type 2;AC;;[]
carregados_rj_2026-09-22;4177;8345915;9883270;7.0;Type 2;AC;;[]
carregados_rj_2026-09-22;4177;8345916;9883271;7.0;Type 2;AC;;[]
carregados_rj_2026-09-22;4054;8345828;9883175;7.0;Type 2;AC;;[]
carregados_rj_2026-09-22;9238;8353684;9892244;11.0;Commando;não classificado;;[]
carregados_rj_2026-09-22;9238;8353685;9892245;1.0;Wall;não classificado;;[]
carregados_rj_2026-09-22;4291;8345968;9883323;7.0;Type 2;AC;;[]
carregados_rj_2026-09-22;4291;8345968;9883324;7.0;Type 2;AC;;[]
carregados_rj_2026-09-22;1142;8364777;9905803;7.0;Type 2;AC;7.0;[]
carregados_rj_2026-09-22;1142;8364778;9905804;7.0;Type 2;AC;7.0;[]
carregados_rj_2026-09-22;10451;8349457;9887284;7.0;Type 2;AC;;[]
carregados_rj_2026-09-22;2077159;8365498;9906763;6.0;Tipo 2;AC;;[]
carregados_rj_2026-09-22;4260;8353616;9892164;7.0;Type 2;AC;;[]
carregados_rj_2026-09-22;4260;8353617;9892165;7.0;Type 2;AC;;[]
carregados_rj_2026-09-22;781;8359479;9899202;7.0;Type 2;AC;;[]
carregados_rj_2026-09-22;2077223;8365591;9906887;20.0;CCS2;DC;;[]
carregados_rj_2026-09-22;2077223;8365592;9906888;20.0;CCS2;DC;;[]
carregados_rj_2026-09-22;2076949;8365174;9906344;7.0;Type 2;AC;;[]
carregados_rj_2026-09-22;1020;8364683;9905701;7.0;Type 2;AC;;[]
carregados_rj_2026-09-22;1020;8364683;9905702;7.0;Type 2;AC;;[]
carregados_rj_2026-09-22;8182;8348145;9885777;7.0;Type 2;AC;;[]
carregados_rj_2026-09-22;7778;8353803;9892388;1.0;Wall;não classificado;;[]
carregados_rj_2026-09-22;2076218;8358586;9898134;7.0;Type 2;AC;;[]
carregados_rj_2026-09-22;7791;8347775;9885345;14.0;Three Phase;não classificado;;[]
carregados_rj_2026-09-22;2072017;8350562;9888503;7.0;Type 2;AC;;[]
carregados_rj_2026-09-22;4955;8346330;9883722;7.0;Type 2;AC;;[]
carregados_rj_2026-09-22;2073753;5257675;6213631;20.0;CCS2;DC;;[]
carregados_rj_2026-09-22;9891;8359208;9898880;7.0;Type 2;AC;;[]
carregados_rj_2026-09-22;9891;8359208;9898878;13.0;CCS1;DC;;[]
carregados_rj_2026-09-22;9891;8359208;9898879;13.0;CCS1;DC;;[]
carregados_rj_2026-09-22;6858;8352276;9890468;7.0;Type 2;AC;;[]
carregados_rj_2026-09-22;6858;8352276;9890469;7.0;Type 2;AC;;[]
carregados_rj_2026-09-22;4126;8345890;9883242;7.0;Type 2;AC;;[]
carregados_rj_2026-09-22;9224;8353970;9892580;7.0;Type 2;AC;;[]
carregados_rj_2026-09-22;4119;8345879;9883230;7.0;Type 2;AC;;[]
carregados_rj_2026-09-22;4119;8345880;9883231;7.0;Type 2;AC;;[]
carregados_rj_2026-09-22;4119;8345881;9883232;7.0;Type 2;AC;;[]
carregados_rj_2026-09-22;4119;8345882;9883233;7.0;Type 2;AC;;[]
carregados_rj_2026-09-22;9423;8348891;9886630;7.0;Type 2;AC;;[]
carregados_rj_2026-09-22;4312;8345981;9883339;7.0;Type 2;AC;;[]
carregados_rj_2026-09-22;663894;2510482;2961010;7.0;Type 2;AC;22.0;"[{""activationPrice"": null, ""priceKwh"": null, ""isFromCommunity"": false}]"
carregados_rj_2026-09-22;663894;2510483;2961011;20.0;CCS2;DC;60.0;"[{""activationPrice"": null, ""priceKwh"": null, ""isFromCommunity"": false}]"
carregados_rj_2026-09-22;663894;2510483;2961012;20.0;CCS2;DC;60.0;"[{""activationPrice"": null, ""priceKwh"": null, ""isFromCommunity"": false}]"
carregados_rj_2026-09-22;2073271;4693893;5545940;20.0;CCS2;DC;;[]
carregados_rj_2026-09-22;2073271;4693893;5545941;20.0;CCS2;DC;;[]
carregados_rj_2026-09-22;867;8364612;9905608;7.0;Type 2;AC;;[]
carregados_rj_2026-09-22;867;8364612;9905609;7.0;Type 2;AC;;[]
carregados_rj_2026-09-22;4145;8354250;9892923;7.0;Type 2;AC;;[]
carregados_rj_2026-09-22;4145;8354251;9892924;7.0;Type 2;AC;;[]
carregados_rj_2026-09-22;782971;8349845;9887728;20.0;CCS2;DC;;[]
carregados_rj_2026-09-22;1139524;8350126;9888032;7.0;Type 2;AC;;[]
carregados_rj_2026-09-22;4353;8346003;9883363;7.0;Type 2;AC;;[]
carregados_rj_2026-09-22;663895;8357900;9897310;7.0;Type 2;AC;;[]
carregados_rj_2026-09-22;663895;8357901;9897311;7.0;Type 2;AC;;[]
carregados_rj_2026-09-22;2077221;8365587;9906883;20.0;CCS2;DC;;[]
carregados_rj_2026-09-22;2077221;8365588;9906884;13.0;CCS / TIPO 2;DC;;[]
carregados_rj_2026-09-22;2077221;8365589;9906885;13.0;CCS / TIPO 2;DC;;[]
carregados_rj_2026-09-22;756;8364557;9905547;7.0;Type 2;AC;;[]
carregados_rj_2026-09-22;8707;8348489;9886170;1.0;Wall;não classificado;;[]
carregados_rj_2026-09-22;782991;8349848;9887731;14.0;Three Phase;não classificado;;[]
carregados_rj_2026-09-22;1069;8364729;9905753;7.0;Type 2;AC;;[]
carregados_rj_2026-09-22;1069;8364730;9905754;7.0;Type 2;AC;;[]
carregados_rj_2026-09-22;1126;954228;1125282;7.0;Type 2;AC;7.0;"[{""activationPrice"": null, ""priceKwh"": null, ""isFromCommunity"": false}]"
carregados_rj_2026-09-22;1243160;8355130;9893983;20.0;CCS2;DC;;[]
carregados_rj_2026-09-22;2076747;8348720;9886436;1.0;Wall;não classificado;;[]
carregados_rj_2026-09-22;4300;8345975;9883331;7.0;Type 2;AC;;[]
carregados_rj_2026-09-22;1040;8351948;9890070;7.0;Type 2;AC;;[]
carregados_rj_2026-09-22;8713;8348492;9886173;1.0;Wall;não classificado;;[]
carregados_rj_2026-09-22;4237;8345942;9883297;7.0;Type 2;AC;;[]
carregados_rj_2026-09-22;4237;8345943;9883298;7.0;Type 2;AC;;[]
carregados_rj_2026-09-22;1139516;8350122;9888028;7.0;Type 2;AC;;[]
carregados_rj_2026-09-22;1139516;8350123;9888029;7.0;Type 2;AC;;[]
carregados_rj_2026-09-22;8194;8348153;9885787;7.0;Type 2;AC;;[]
carregados_rj_2026-09-22;8194;8348154;9885788;7.0;Type 2;AC;;[]
carregados_rj_2026-09-22;5363;8346562;9883971;7.0;Type 2;AC;;[]
carregados_rj_2026-09-22;762;8353743;9892312;3.0;CHAdeMO;DC;;[]
carregados_rj_2026-09-22;762;8353743;9892313;7.0;Type 2;AC;;[]
carregados_rj_2026-09-22;762;8353744;9892314;7.0;Type 2;AC;;[]
carregados_rj_2026-09-22;8191;8348151;9885785;7.0;Type 2;AC;;[]
carregados_rj_2026-09-22;5823;8346762;9884200;7.0;Type 2;AC;;[]
carregados_rj_2026-09-22;5823;8346762;9884201;7.0;Type 2;AC;;[]
carregados_rj_2026-09-22;4397;8346032;9883392;7.0;Type 2;AC;;[]
carregados_rj_2026-09-22;4124;8345889;9883241;7.0;Type 2;AC;;[]
carregados_rj_2026-09-22;4134;2644757;3119345;7.0;Type 2;AC;7.0;"[{""activationPrice"": null, ""priceKwh"": null, ""isFromCommunity"": false}]"
carregados_rj_2026-09-22;4989;8346348;9883741;7.0;Type 2;AC;;[]
carregados_rj_2026-09-22;4992;8346350;9883743;7.0;Type 2;AC;;[]
carregados_rj_2026-09-22;1139535;8350127;9888033;7.0;Type 2;AC;;[]
carregados_rj_2026-09-22;827;8364593;9905584;7.0;Type 2;AC;;[]
carregados_rj_2026-09-22;2075016;8359378;9899079;7.0;Type 2;AC;;[]
carregados_rj_2026-09-22;6428;8347066;9884525;7.0;Type 2;AC;;[]
carregados_rj_2026-09-22;6428;8347067;9884526;7.0;Type 2;AC;;[]
carregados_rj_2026-09-22;6428;8347068;9884527;20.0;CCS2;DC;;[]
carregados_rj_2026-09-22;6428;8347069;9884528;20.0;CCS2;DC;;[]
carregados_rj_2026-09-22;6428;8347070;9884529;7.0;Type 2;AC;;[]
carregados_rj_2026-09-22;2075384;8351451;9889489;20.0;CCS2;DC;;[]
carregados_rj_2026-09-22;2075384;8351452;9889490;20.0;CCS2;DC;;[]
carregados_rj_2026-09-22;5570;8346677;9884103;7.0;Type 2;AC;;[]
carregados_rj_2026-09-22;5570;8346677;9884101;20.0;CCS2;DC;;[]
carregados_rj_2026-09-22;5570;8346677;9884102;20.0;CCS2;DC;;[]
carregados_rj_2026-09-22;7735;8347737;9885303;7.0;Type 2;AC;;[]
carregados_rj_2026-09-22;625478;8349755;9887625;7.0;Type 2;AC;;[]
carregados_rj_2026-09-22;5376;8346573;9883982;7.0;Type 2;AC;;[]
carregados_rj_2026-09-22;5383;8346582;9883991;7.0;Type 2;AC;;[]
carregados_rj_2026-09-22;940903;8357038;9896249;7.0;Type 2;AC;;[]
carregados_rj_2026-09-22;6019;8346853;9884300;7.0;Type 2;AC;;[]
carregados_rj_2026-09-22;1074;8364738;9905762;7.0;Type 2;AC;;[]
carregados_rj_2026-09-22;761;8358196;9897672;7.0;Type 2;AC;;[]
carregados_rj_2026-09-22;1461707;8356801;9895972;7.0;Type 2;AC;;[]
carregados_rj_2026-09-22;10435;8349447;9887272;7.0;Type 2;AC;;[]
carregados_rj_2026-09-22;9963;8349204;9886996;7.0;Type 2;AC;;[]
carregados_rj_2026-09-22;2072150;8350593;9888539;7.0;Type 2;AC;;[]
carregados_rj_2026-09-22;9969;15357;20054;7.0;Type 2;AC;7.0;"[{""activationPrice"": null, ""priceKwh"": null, ""isFromCommunity"": false}]"
carregados_rj_2026-09-22;9969;8359159;9898822;7.0;Type 2;AC;7.0;[]
carregados_rj_2026-09-22;7133;8347418;9884935;17.0;GB/T (Fast);não classificado;;[]
carregados_rj_2026-09-22;7792;8347777;9885347;7.0;Type 2;AC;;[]
carregados_rj_2026-09-22;2072534;3961537;4678724;6.0;Tipo 2;AC;;[]
carregados_rj_2026-09-22;807;8364573;9905564;7.0;Type 2;AC;;[]
carregados_rj_2026-09-22;2072148;8350592;9888538;7.0;Type 2;AC;;[]
carregados_rj_2026-09-22;2077125;8365448;9906699;7.0;Type 2;AC;;[]
carregados_rj_2026-09-22;2077125;8365449;9906700;7.0;Type 2;AC;;[]
carregados_rj_2026-09-22;1325943;8350276;9888189;7.0;Type 2;AC;;[]
carregados_rj_2026-09-22;9225;8352824;9891128;7.0;Type 2;AC;;[]
carregados_rj_2026-09-22;9225;8352825;9891129;7.0;Type 2;AC;;[]
carregados_rj_2026-09-22;8192;8348150;9885783;7.0;Type 2;AC;;[]
carregados_rj_2026-09-22;8192;8348150;9885784;7.0;Type 2;AC;;[]
carregados_rj_2026-09-22;7731;8347732;9885298;1.0;Wall;não classificado;;[]
carregados_rj_2026-09-22;2074608;8351192;9889196;7.0;Type 2;AC;;[]
carregados_rj_2026-09-22;356737;526449;620756;7.0;Type 2;AC;7.0;"[{""activationPrice"": null, ""priceKwh"": null, ""isFromCommunity"": false}]"
carregados_rj_2026-09-22;8195;8353387;9891879;7.0;Type 2;AC;;[]
carregados_rj_2026-09-22;984890;1522630;1796206;7.0;Type 2;AC;7.0;"[{""activationPrice"": null, ""priceKwh"": null, ""isFromCommunity"": false}]"
carregados_rj_2026-09-22;164832;242513;286954;7.0;Type 2;AC;7.0;"[{""activationPrice"": null, ""priceKwh"": null, ""isFromCommunity"": false}]"
carregados_rj_2026-09-22;625489;8349760;9887630;7.0;Type 2;AC;;[]
carregados_rj_2026-09-22;356451;8358860;9898446;7.0;Type 2;AC;7.0;[]
carregados_rj_2026-09-22;1090;8364747;9905772;7.0;Type 2;AC;;[]
carregados_rj_2026-09-22;5367;8346566;9883975;7.0;Type 2;AC;;[]
carregados_rj_2026-09-22;1132;8364772;9905797;7.0;Type 2;AC;7.0;[]
carregados_rj_2026-09-22;1139513;8350120;9888026;7.0;Type 2;AC;;[]
carregados_rj_2026-09-22;4282;8345967;9883322;1.0;Wall;não classificado;;[]
carregados_rj_2026-09-22;4999;8346357;9883750;7.0;Type 2;AC;;[]
carregados_rj_2026-09-22;5008;8346366;9883759;7.0;Type 2;AC;;[]
carregados_rj_2026-09-22;5010;8346368;9883761;7.0;Type 2;AC;;[]
carregados_rj_2026-09-22;10108;8349284;9887083;7.0;Type 2;AC;;[]
carregados_rj_2026-09-22;984888;8350031;9887930;7.0;Type 2;AC;;[]
carregados_rj_2026-09-22;4993;8346352;9883745;7.0;Type 2;AC;;[]
carregados_rj_2026-09-22;4292;8345969;9883325;7.0;Type 2;AC;;[]
carregados_rj_2026-09-22;5348;8346549;9883958;7.0;Type 2;AC;;[]
carregados_rj_2026-09-22;4122;8345887;9883239;7.0;Type 2;AC;;[]
carregados_rj_2026-09-22;8764;8348512;9886196;7.0;Type 2;AC;;[]
carregados_rj_2026-09-22;4269;8345954;9883309;7.0;Type 2;AC;;[]
carregados_rj_2026-09-22;1112;8364756;9905781;7.0;Type 2;AC;;[]
carregados_rj_2026-09-22;1089;8364745;9905769;7.0;Type 2;AC;;[]
carregados_rj_2026-09-22;1089;8364745;9905770;7.0;Type 2;AC;;[]
carregados_rj_2026-09-22;5000;8346358;9883751;7.0;Type 2;AC;;[]
carregados_rj_2026-09-22;356454;526077;620297;7.0;Type 2;AC;7.0;"[{""activationPrice"": null, ""priceKwh"": null, ""isFromCommunity"": false}]"
carregados_rj_2026-09-22;5006;8346365;9883758;7.0;Type 2;AC;;[]
carregados_rj_2026-09-22;625505;8349761;9887631;7.0;Type 2;AC;;[]
carregados_rj_2026-09-22;356447;526063;620281;7.0;Type 2;AC;7.0;"[{""activationPrice"": null, ""priceKwh"": null, ""isFromCommunity"": false}]"
carregados_rj_2026-09-22;5552;8346663;9884084;7.0;Type 2;AC;;[]
carregados_rj_2026-09-22;1321483;2023785;2387228;6.0;Tipo 2;AC;;[]
carregados_rj_2026-09-22;4994;8346351;9883744;7.0;Type 2;AC;;[]
carregados_rj_2026-09-22;9587;8348970;9886724;7.0;Type 2;AC;;[]
carregados_rj_2026-09-22;10679;8358259;9897749;7.0;Type 2;AC;;[]
carregados_rj_2026-09-22;984905;8352074;9890223;7.0;Type 2;AC;;[]
carregados_rj_2026-09-22;5002;8346360;9883753;7.0;Type 2;AC;;[]
carregados_rj_2026-09-22;2074291;8351091;9889084;7.0;Type 2;AC;;[]
carregados_rj_2026-09-22;5554;8346666;9884087;7.0;Type 2;AC;;[]
carregados_rj_2026-09-22;356455;8349661;9887517;7.0;Type 2;AC;;[]
carregados_rj_2026-09-22;8997;8348678;9886388;7.0;Type 2;AC;;[]
carregados_rj_2026-09-22;848;8364604;9905598;7.0;Type 2;AC;;[]
carregados_rj_2026-09-22;4997;8346356;9883749;7.0;Type 2;AC;;[]
carregados_rj_2026-09-22;10671;8360470;9900398;7.0;Type 2;AC;;[]
carregados_rj_2026-09-22;984902;8350036;9887935;7.0;Type 2;AC;;[]
carregados_rj_2026-09-22;2076120;7752470;9177130;6.0;Tipo 2;AC;;[]
carregados_rj_2026-09-22;5349;8346550;9883959;7.0;Type 2;AC;;[]
carregados_rj_2026-09-22;10118;8349292;9887091;7.0;Type 2;AC;;[]
carregados_rj_2026-09-22;5377;8346579;9883988;7.0;Type 2;AC;;[]
carregados_rj_2026-09-22;5382;8346583;9883992;7.0;Type 2;AC;;[]
carregados_rj_2026-09-22;356466;8349662;9887518;7.0;Type 2;AC;;[]
carregados_rj_2026-09-22;4248;8345946;9883301;7.0;Type 2;AC;22.0;[]
carregados_rj_2026-09-22;5385;8346585;9883994;7.0;Type 2;AC;;[]
carregados_rj_2026-09-22;2071915;8354331;9893026;7.0;Type 2;AC;;[]
carregados_rj_2026-09-22;2071915;8354332;9893027;7.0;Type 2;AC;;[]
carregados_rj_2026-09-22;625482;8349756;9887626;7.0;Type 2;AC;;[]
carregados_rj_2026-09-22;9227;8348802;9886529;7.0;Type 2;AC;;[]
carregados_rj_2026-09-22;2073674;8350982;9888962;20.0;CCS2;DC;;[]
carregados_rj_2026-09-22;2075262;8360118;9899947;7.0;Type 2;AC;;[]
carregados_rj_2026-09-22;625494;8355212;9894079;7.0;Type 2;AC;;[]
carregados_rj_2026-09-22;4995;8346354;9883747;7.0;Type 2;AC;;[]
carregados_rj_2026-09-22;10114;8349288;9887087;7.0;Type 2;AC;;[]
carregados_rj_2026-09-22;9015;8348695;9886405;7.0;Type 2;AC;;[]
carregados_rj_2026-09-22;4158;8345900;9883253;7.0;Type 2;AC;;[]
carregados_rj_2026-09-22;4157;8345899;9883252;7.0;Type 2;AC;;[]
carregados_rj_2026-09-22;5007;8346364;9883757;7.0;Type 2;AC;;[]
carregados_rj_2026-09-22;10764;8349514;9887350;7.0;Type 2;AC;;[]
carregados_rj_2026-09-22;4118;8345883;9883234;7.0;Type 2;AC;;[]
carregados_rj_2026-09-22;9415;8348884;9886623;7.0;Type 2;AC;;[]
carregados_rj_2026-09-22;10104;8349281;9887080;7.0;Type 2;AC;;[]
carregados_rj_2026-09-22;625506;8349762;9887632;7.0;Type 2;AC;;[]
carregados_rj_2026-09-22;10106;8349283;9887082;7.0;Type 2;AC;;[]
carregados_rj_2026-09-22;164815;8360028;9899836;7.0;Type 2;AC;;[]
carregados_rj_2026-09-22;1125;8364769;9905794;7.0;Type 2;AC;7.0;[]
carregados_rj_2026-09-22;1124;8364768;9905793;7.0;Type 2;AC;7.0;[]
carregados_rj_2026-09-22;4250;8345947;9883302;7.0;Type 2;AC;7.0;[]
carregados_rj_2026-09-22;1136;8364775;9905800;7.0;Type 2;AC;;[]
carregados_rj_2026-09-22;4254;8345949;9883304;7.0;Type 2;AC;;[]
carregados_rj_2026-09-22;5004;8346361;9883754;7.0;Type 2;AC;;[]
carregados_rj_2026-09-22;9216;8348794;9886521;7.0;Type 2;AC;;[]
carregados_rj_2026-09-22;984889;8351860;9889964;7.0;Type 2;AC;;[]
carregados_rj_2026-09-22;5358;8346557;9883966;7.0;Type 2;AC;;[]
carregados_rj_2026-09-22;5359;8346560;9883969;7.0;Type 2;AC;;[]
carregados_rj_2026-09-22;5361;8346561;9883970;7.0;Type 2;AC;;[]
carregados_rj_2026-09-22;5366;8346564;9883973;7.0;Type 2;AC;;[]
carregados_rj_2026-09-22;9009;8348689;9886399;7.0;Type 2;AC;;[]
carregados_rj_2026-09-22;5001;8346359;9883752;7.0;Type 2;AC;;[]
carregados_rj_2026-09-22;164838;8349581;9887423;7.0;Type 2;AC;;[]
carregados_rj_2026-09-22;5357;8346558;9883967;7.0;Type 2;AC;;[]
carregados_rj_2026-09-22;9217;8348796;9886523;7.0;Type 2;AC;;[]
carregados_rj_2026-09-22;625491;8358908;9898508;7.0;Type 2;AC;;[]
carregados_rj_2026-09-22;5375;8346574;9883983;7.0;Type 2;AC;;[]
carregados_rj_2026-09-22;4998;8346355;9883748;7.0;Type 2;AC;;[]
carregados_rj_2026-09-22;5384;8346584;9883993;7.0;Type 2;AC;;[]
carregados_rj_2026-09-22;4160;8345901;9883254;7.0;Type 2;AC;;[]
carregados_rj_2026-09-22;5364;8346563;9883972;7.0;Type 2;AC;;[]
carregados_rj_2026-09-22;1037;8358560;9898100;7.0;Type 2;AC;7.0;[]
carregados_rj_2026-09-22;1139503;8350117;9888023;7.0;Type 2;AC;;[]
carregados_rj_2026-09-22;5009;8346367;9883760;7.0;Type 2;AC;;[]
carregados_rj_2026-09-22;5378;8352519;9890768;7.0;Type 2;AC;;[]
carregados_rj_2026-09-22;5380;8346581;9883990;7.0;Type 2;AC;;[]
carregados_rj_2026-09-22;10110;8349287;9887086;7.0;Type 2;AC;;[]
carregados_rj_2026-09-22;5381;8346580;9883989;7.0;Type 2;AC;;[]
carregados_rj_2026-09-22;164837;8349580;9887422;7.0;Type 2;AC;;[]
carregados_rj_2026-09-22;5356;8346556;9883965;7.0;Type 2;AC;;[]
carregados_rj_2026-09-22;4123;8345886;9883237;7.0;Type 2;AC;;[]
carregados_rj_2026-09-22;4123;8345886;9883238;7.0;Type 2;AC;;[]
carregados_rj_2026-09-22;4117;8345877;9883228;7.0;Type 2;AC;;[]
carregados_rj_2026-09-22;984892;8350033;9887932;7.0;Type 2;AC;;[]
carregados_rj_2026-09-22;4116;8345878;9883229;7.0;Type 2;AC;;[]
carregados_rj_2026-09-22;9589;8348973;9886728;7.0;Type 2;AC;;[]
carregados_rj_2026-09-22;2074952;6699057;7923790;6.0;Tipo 2;AC;;[]
carregados_rj_2026-09-22;2074952;6699057;7923791;6.0;Tipo 2;AC;;[]
carregados_rj_2026-09-22;5267;8346506;9883908;2.0;J-1772;AC;;[]
carregados_rj_2026-09-22;5267;8346506;9883909;2.0;J-1772;AC;;[]
carregados_rj_2026-09-22;7790;8357047;9896259;8.0;Type 3;não classificado;;[]
carregados_rj_2026-09-22;10761;8357123;9896347;7.0;Type 2;AC;;[]
carregados_rj_2026-09-22;10761;8357124;9896348;7.0;Type 2;AC;;[]
carregados_rj_2026-09-22;10761;8357125;9896349;7.0;Type 2;AC;;[]
carregados_rj_2026-09-22;6113;8346878;9884328;7.0;Type 2;AC;;[]
carregados_rj_2026-09-22;6113;8346879;9884329;7.0;Type 2;AC;;[]
carregados_rj_2026-09-22;2076990;8365243;9906429;7.0;Type 2;AC;;[]
carregados_rj_2026-09-22;563454;8349747;9887615;7.0;Type 2;AC;;[]
carregados_rj_2026-09-22;563454;8349747;9887616;7.0;Type 2;AC;;[]
carregados_rj_2026-09-22;1053;8364713;9905737;7.0;Type 2;AC;;[]
carregados_rj_2026-09-22;1053;8364714;9905738;7.0;Type 2;AC;;[]
carregados_rj_2026-09-22;1053;8364715;9905739;7.0;Type 2;AC;;[]
carregados_rj_2026-09-22;2076448;8351670;9889740;7.0;Type 2;AC;;[]
carregados_rj_2026-09-22;2075863;8357229;9896491;20.0;CCS2;DC;;[]
carregados_rj_2026-09-22;1026;8359572;9899308;7.0;Type 2;AC;;[]
carregados_rj_2026-09-22;9223;8348800;9886527;7.0;Type 2;AC;;[]
carregados_rj_2026-09-22;2072469;8350662;9888617;7.0;Type 2;AC;;[]
carregados_rj_2026-09-22;9001;8348679;9886389;7.0;Type 2;AC;;[]
carregados_rj_2026-09-22;2074388;6094854;7205761;6.0;Tipo 2;AC;;[]
carregados_rj_2026-09-22;2073975;5534263;6541384;;;não classificado;;[]
carregados_rj_2026-09-22;2073975;5534263;6541385;;;não classificado;;[]
carregados_rj_2026-09-22;2073975;5534263;6541383;6.0;Tipo 2;AC;;[]
carregados_rj_2026-09-22;2073975;5534264;6541386;6.0;Tipo 2;AC;;[]
carregados_rj_2026-09-22;9017;8348696;9886406;11.0;Commando;não classificado;;[]
carregados_rj_2026-09-22;684532;1011835;1193305;20.0;CCS2;DC;;[]
carregados_rj_2026-09-22;884842;8357039;9896250;7.0;Type 2;AC;;[]
carregados_rj_2026-09-22;884842;8357039;9896251;16.0;GB/T;não classificado;;[]
carregados_rj_2026-09-22;4311;8345979;9883337;7.0;Type 2;AC;;[]
carregados_rj_2026-09-22;7769;8347760;9885329;7.0;Type 2;AC;;[]
carregados_rj_2026-09-22;7769;8347761;9885330;7.0;Type 2;AC;;[]
carregados_rj_2026-09-22;4027;2766096;3263145;7.0;Type 2;AC;;[]
carregados_rj_2026-09-22;984899;2661390;3138908;7.0;Type 2;AC;7.0;"[{""activationPrice"": null, ""priceKwh"": null, ""isFromCommunity"": false}]"
carregados_rj_2026-09-22;984899;2661391;3138909;7.0;Type 2;AC;7.0;"[{""activationPrice"": null, ""priceKwh"": null, ""isFromCommunity"": false}]"
carregados_rj_2026-09-22;1243162;8355134;9893990;7.0;Type 2;AC;;[]
carregados_rj_2026-09-22;1066;2748008;3241605;7.0;Type 2;AC;;[]
carregados_rj_2026-09-22;2073768;5375441;6353285;20.0;CCS2;DC;;[]
carregados_rj_2026-09-22;2073768;5375441;6353286;20.0;CCS2;DC;;[]
carregados_rj_2026-09-22;10760;8358270;9897760;7.0;Type 2;AC;;[]
carregados_rj_2026-09-22;4359;8346007;9883367;7.0;Type 2;AC;;[]
carregados_rj_2026-09-22;5351;8352518;9890767;7.0;Type 2;AC;;[]
carregados_rj_2026-09-22;10103;8349276;9887074;7.0;Type 2;AC;;[]
carregados_rj_2026-09-22;1043;8364698;9905721;7.0;Type 2;AC;;[]
carregados_rj_2026-09-22;1043;8364699;9905722;7.0;Type 2;AC;;[]
carregados_rj_2026-09-22;1043;8364700;9905723;7.0;Type 2;AC;;[]
carregados_rj_2026-09-22;2074641;8351210;9889215;1.0;Wall;não classificado;;[]
carregados_rj_2026-09-22;9591;8348975;9886730;7.0;Type 2;AC;;[]
carregados_rj_2026-09-22;1095;8358588;9898137;2.0;J-1772;AC;;[]
carregados_rj_2026-09-22;1095;8358589;9898138;2.0;J-1772;AC;;[]
carregados_rj_2026-09-22;1095;8358590;9898139;7.0;Type 2;AC;;[]
carregados_rj_2026-09-22;836;8364599;9905591;2.0;J-1772;AC;;[]
carregados_rj_2026-09-22;836;8364599;9905592;7.0;Type 2;AC;;[]
carregados_rj_2026-09-22;836;8364600;9905593;7.0;Type 2;AC;;[]
carregados_rj_2026-09-22;9573;8348953;9886701;1.0;Wall;não classificado;;[]
carregados_rj_2026-09-22;9893;8349176;9886965;7.0;Type 2;AC;;[]
carregados_rj_2026-09-22;9893;8349176;9886966;7.0;Type 2;AC;;[]
carregados_rj_2026-09-22;940913;8349938;9887831;7.0;Type 2;AC;;[]
carregados_rj_2026-09-22;8645;8348455;9886136;1.0;Wall;não classificado;;[]
carregados_rj_2026-09-22;1121;8364766;9905791;7.0;Type 2;AC;;[]
carregados_rj_2026-09-22;5360;8346559;9883968;7.0;Type 2;AC;;[]
carregados_rj_2026-09-22;8766;8358152;9897618;1.0;Wall;não classificado;;[]
carregados_rj_2026-09-22;164835;242516;286957;7.0;Type 2;AC;7.0;"[{""activationPrice"": null, ""priceKwh"": null, ""isFromCommunity"": false}]"
carregados_rj_2026-09-22;164836;242517;286958;7.0;Type 2;AC;7.0;"[{""activationPrice"": null, ""priceKwh"": null, ""isFromCommunity"": false}]"
carregados_rj_2026-09-22;8711;8348491;9886172;7.0;Type 2;AC;;[]
carregados_rj_2026-09-22;9008;8348690;9886400;7.0;Type 2;AC;;[]
carregados_rj_2026-09-22;10109;8349285;9887084;7.0;Type 2;AC;;[]
carregados_rj_2026-09-22;5365;8346565;9883974;7.0;Type 2;AC;;[]
carregados_rj_2026-09-22;5821;8346760;9884198;7.0;Type 2;AC;;[]
carregados_rj_2026-09-22;10559;8349490;9887319;7.0;Type 2;AC;;[]
carregados_rj_2026-09-22;10559;8349490;9887320;7.0;Type 2;AC;;[]
carregados_rj_2026-09-22;1062;8358245;9897733;7.0;Type 2;AC;22.0;[]
carregados_rj_2026-09-22;1081;8364741;9905765;7.0;Type 2;AC;7.0;[]
carregados_rj_2026-09-22;10790;8349515;9887351;1.0;Wall;não classificado;;[]
carregados_rj_2026-09-22;10436;8349449;9887274;14.0;Three Phase;não classificado;;[]
carregados_rj_2026-09-22;2076261;8357797;9897181;7.0;Type 2;AC;;[]
carregados_rj_2026-09-22;5524;8346651;9884068;7.0;Type 2;AC;;[]
carregados_rj_2026-09-22;5524;8346651;9884069;7.0;Type 2;AC;;[]
carregados_rj_2026-09-22;4613;8346153;9883535;7.0;Type 2;AC;;[]
carregados_rj_2026-09-22;8999;8359611;9899350;7.0;Type 2;AC;;[]
carregados_rj_2026-09-22;408992;8358883;9898475;7.0;Type 2;AC;;[]
carregados_rj_2026-09-22;507030;8349721;9887586;7.0;Type 2;AC;;[]
carregados_rj_2026-09-22;5045;8346375;9883768;7.0;Type 2;AC;;[]
carregados_rj_2026-09-22;9966;8349206;9886998;7.0;Type 2;AC;;[]
carregados_rj_2026-09-22;9966;8349206;9886999;7.0;Type 2;AC;;[]
carregados_rj_2026-09-22;9000;8348680;9886390;7.0;Type 2;AC;;[]
carregados_rj_2026-09-22;4120;8345884;9883235;7.0;Type 2;AC;;[]
carregados_rj_2026-09-22;1370749;8350311;9888227;7.0;Type 2;AC;;[]
carregados_rj_2026-09-22;9007;8348685;9886395;7.0;Type 2;AC;;[]
carregados_rj_2026-09-22;9010;8348693;9886403;7.0;Type 2;AC;;[]
carregados_rj_2026-09-22;9010;8348694;9886404;7.0;Type 2;AC;;[]
carregados_rj_2026-09-22;9011;8348691;9886401;7.0;Type 2;AC;;[]
carregados_rj_2026-09-22;9011;8348692;9886402;7.0;Type 2;AC;;[]
carregados_rj_2026-09-22;10763;8349513;9887349;7.0;Type 2;AC;;[]
carregados_rj_2026-09-22;356467;8358893;9898487;7.0;Type 2;AC;;[]
carregados_rj_2026-09-22;4293;8345970;9883326;7.0;Type 2;AC;;[]
carregados_rj_2026-09-22;4346;8345998;9883358;7.0;Type 2;AC;;[]
carregados_rj_2026-09-22;625484;8349758;9887628;7.0;Type 2;AC;;[]
carregados_rj_2026-09-22;8996;8360301;9900187;7.0;Type 2;AC;;[]
carregados_rj_2026-09-22;1035609;8350089;9887991;7.0;Type 2;AC;;[]
carregados_rj_2026-09-22;9411;8348881;9886620;7.0;Type 2;AC;;[]
carregados_rj_2026-09-22;625481;8357949;9897370;7.0;Type 2;AC;;[]
carregados_rj_2026-09-22;10105;8349277;9887075;7.0;Type 2;AC;;[]
carregados_rj_2026-09-22;1139523;8350125;9888031;7.0;Type 2;AC;;[]
carregados_rj_2026-09-22;8193;8348152;9885786;7.0;Type 2;AC;;[]
carregados_rj_2026-09-22;9003;8348682;9886392;7.0;Type 2;AC;;[]
carregados_rj_2026-09-22;356449;8349650;9887506;7.0;Type 2;AC;;[]
carregados_rj_2026-09-22;1100;8352219;9890402;7.0;Type 2;AC;;[]
carregados_rj_2026-09-22;625485;8357956;9897378;7.0;Type 2;AC;;[]
carregados_rj_2026-09-22;10052;8349251;9887048;7.0;Type 2;AC;;[]
carregados_rj_2026-09-22;10054;8349254;9887051;7.0;Type 2;AC;;[]
carregados_rj_2026-09-22;9002;8348681;9886391;7.0;Type 2;AC;;[]
carregados_rj_2026-09-22;1035614;8359010;9898645;7.0;Type 2;AC;;[]
carregados_rj_2026-09-22;1461705;8356812;9895985;7.0;Type 2;AC;;[]
carregados_rj_2026-09-22;625479;8349757;9887627;7.0;Type 2;AC;;[]
carregados_rj_2026-09-22;298993;8359005;9898636;7.0;Type 2;AC;;[]
carregados_rj_2026-09-22;9219;8348797;9886524;7.0;Type 2;AC;;[]
carregados_rj_2026-09-22;940910;8349939;9887832;1.0;Wall;não classificado;;[]
carregados_rj_2026-09-22;1048;8364704;9905727;7.0;Type 2;AC;;[]
carregados_rj_2026-09-22;514362;8349737;9887604;13.0;CCS1;DC;;[]
carregados_rj_2026-09-22;625483;8349759;9887629;7.0;Type 2;AC;;[]
carregados_rj_2026-09-22;663905;2824274;3331893;7.0;Type 2;AC;7.0;"[{""activationPrice"": null, ""priceKwh"": null, ""isFromCommunity"": false}]"
carregados_rj_2026-09-22;2072788;8356274;9895328;20.0;CCS2;DC;;[]
carregados_rj_2026-09-22;8765;8348514;9886198;7.0;Type 2;AC;;[]
carregados_rj_2026-09-22;2073223;8358541;9898078;7.0;Type 2;AC;;[]
carregados_rj_2026-09-22;9218;8348795;9886522;7.0;Type 2;AC;;[]
carregados_rj_2026-09-22;9005;8348683;9886393;7.0;Type 2;AC;;[]
carregados_rj_2026-09-22;10107;8349282;9887081;7.0;Type 2;AC;;[]
carregados_rj_2026-09-22;1070;8364728;9905752;7.0;Type 2;AC;;[]
carregados_rj_2026-09-22;4036;8345818;9883164;7.0;Type 2;AC;;[]
carregados_rj_2026-09-22;5180;8346458;9883856;7.0;Type 2;AC;;[]
carregados_rj_2026-09-22;8986;8348660;9886369;17.0;GB/T (Fast);não classificado;;[]
carregados_rj_2026-09-22;8986;8348660;9886370;17.0;GB/T (Fast);não classificado;;[]
carregados_rj_2026-09-22;356478;8349663;9887519;7.0;Type 2;AC;;[]
carregados_rj_2026-09-22;5822;8346761;9884199;7.0;Type 2;AC;;[]
carregados_rj_2026-09-22;782983;8349847;9887730;7.0;Type 2;AC;;[]
carregados_rj_2026-09-22;663883;981157;1157144;7.0;Type 2;AC;7.0;"[{""activationPrice"": null, ""priceKwh"": null, ""isFromCommunity"": false}]"
carregados_rj_2026-09-22;10448;8352169;9890341;7.0;Type 2;AC;;[]
carregados_rj_2026-09-22;1194742;8350223;9888133;7.0;Type 2;AC;;[]
carregados_rj_2026-09-22;625508;8349763;9887633;7.0;Type 2;AC;;[]
carregados_rj_2026-09-22;9214;8348793;9886520;7.0;Type 2;AC;;[]
carregados_rj_2026-09-22;984886;1522625;1796201;7.0;Type 2;AC;7.0;"[{""activationPrice"": null, ""priceKwh"": null, ""isFromCommunity"": false}]"
carregados_rj_2026-09-22;984886;5390618;6371226;7.0;Type 2;AC;7.0;"[{""activationPrice"": null, ""priceKwh"": null, ""isFromCommunity"": false}]"
carregados_rj_2026-09-22;2072908;4249698;5020001;13.0;CCS / TIPO 2;DC;;[]
carregados_rj_2026-09-22;1102;8364752;9905777;7.0;Type 2;AC;22.0;[]
carregados_rj_2026-09-22;9588;8348972;9886727;7.0;Type 2;AC;;[]
carregados_rj_2026-09-22;10117;8349289;9887088;7.0;Type 2;AC;;[]
carregados_rj_2026-09-22;2075218;6916305;8181874;;;não classificado;;[]
carregados_rj_2026-09-22;2075218;6916305;8181875;;;não classificado;;[]
carregados_rj_2026-09-22;2075218;6916305;8181873;20.0;CCS2;DC;;[]
carregados_rj_2026-09-22;2075715;8351515;9889561;7.0;Type 2;AC;;[]
carregados_rj_2026-09-22;7788;8347774;9885344;1.0;Wall;não classificado;;[]
carregados_rj_2026-09-22;6262;8346982;9884437;7.0;Type 2;AC;;[]
carregados_rj_2026-09-22;409079;8355988;9894994;1.0;Wall;não classificado;;[]
carregados_rj_2026-09-22;409079;8355989;9894995;1.0;Wall;não classificado;;[]
carregados_rj_2026-09-22;2072117;3480589;4109021;6.0;Tipo 2;AC;;[]
carregados_rj_2026-09-22;2072117;3480589;4109022;6.0;Tipo 2;AC;;[]
carregados_rj_2026-09-22;4337;8345991;9883351;7.0;Type 2;AC;;[]
carregados_rj_2026-09-22;5508;8346646;9884061;7.0;Type 2;AC;;[]
carregados_rj_2026-09-22;797;8364568;9905559;20.0;CCS2;DC;;[]
carregados_rj_2026-09-22;797;8364569;9905560;7.0;Type 2;AC;;[]
carregados_rj_2026-09-22;4108;8345868;9883219;7.0;Type 2;AC;;[]
carregados_rj_2026-09-22;8185;8348147;9885779;7.0;Type 2;AC;;[]
carregados_rj_2026-09-22;5368;8346567;9883976;7.0;Type 2;AC;;[]
carregados_rj_2026-09-22;4168;8352237;9890424;7.0;Type 2;AC;;[]
carregados_rj_2026-09-22;782966;8349844;9887727;7.0;Type 2;AC;;[]
carregados_rj_2026-09-22;2075981;7626635;9027054;1.0;Tomada;não classificado;;[]
carregados_rj_2026-09-22;2075981;7626635;9027055;6.0;Tipo 2;AC;;[]
carregados_rj_2026-09-22;9967;8349205;9886997;7.0;Type 2;AC;;[]
carregados_rj_2026-09-22;9116;8348760;9886482;7.0;Type 2;AC;;[]
carregados_rj_2026-09-22;4990;8346347;9883740;7.0;Type 2;AC;;[]
carregados_rj_2026-09-22;5553;8346664;9884085;7.0;Type 2;AC;;[]
carregados_rj_2026-09-22;9006;8348684;9886394;7.0;Type 2;AC;;[]
carregados_rj_2026-09-22;625492;8352173;9890345;7.0;Type 2;AC;;[]
carregados_rj_2026-09-22;2072254;8354288;9892975;7.0;Type 2;AC;;[]
carregados_rj_2026-09-22;4375;8346019;9883379;7.0;Type 2;AC;;[]
carregados_rj_2026-09-22;2073304;8353406;9891901;7.0;Type 2;AC;;[]
carregados_rj_2026-09-22;5499;8346641;9884056;7.0;Type 2;AC;;[]
carregados_rj_2026-09-22;2073792;8351016;9889004;7.0;Type 2;AC;;[]
carregados_rj_2026-09-22;10873;8358285;9897778;7.0;Type 2;AC;;[]
carregados_rj_2026-09-22;164839;8349582;9887424;7.0;Type 2;AC;;[]
carregados_rj_2026-09-22;164839;8349583;9887425;7.0;Type 2;AC;;[]
carregados_rj_2026-09-22;1243178;8360324;9900211;7.0;Type 2;AC;;[]
carregados_rj_2026-09-22;1243178;8360325;9900212;7.0;Type 2;AC;;[]
