snapshot_id;local_id;nome;cidade;estado;endereco;latitude;longitude;acesso_publicado;publico;manutencao_no_cartao;inativo;grupo_recarga;redes;tipo_local;n_equipamentos;n_conectores;potencia_max_conector_kW;potencia_media_relatada_kW;preco_kWh_R;taxa_ativacao_R;preco_origem_comunidade;classificacao_preco;rotulo_recarga_gratuita;conflito_gratuito_pago;conflito_descricao_preco;descricao_custo;comentario_preco;parametro_pago_filtrado;horario;cadastro_atualizado_em;preco_confirmado_em;coletado_em;url;detalhe_coletado;nome_indica_obra_ou_futuro
carregados_rj_2026-09-22;832;BR Marinas Verolme;angra dos reis;rio de janeiro (rj);BR-101 KM 469.5 - Verolme, Jacuecanga - RJ, Brazil;-22.998166;-44.249516;Público;True;False;False;somente AC identificado;EZVolt;Marina;1;1;7.0;;2.07;;False;pago;True;True;False;"Abra os detalhes do carregador para ver os preços atualizados

Please open charger details to view up to date pricing";;False;;2026-09-19T12:57:22.884000+00:00;;2026-09-22T22:27:49.386929+00:00;https://carregados.com.br/estacoes/estacao-easy-volt-brasil-832;True;False
carregados_rj_2026-09-22;9237;Cais Santa Luzia;angra dos reis;rio de janeiro (rj);Av. Júlio Maria, 202 - Centro, Angra dos Reis - RJ, 23900-504, Brazil;-23.00823600307781;-44.316259010867014;Público;True;False;False;somente AC identificado;Enel X;point_of_interest;1;2;;;;;False;ausente;False;False;False;;;False;;2026-09-19T14:01:28.077000+00:00;;2026-09-22T22:27:47.245920+00:00;https://carregados.com.br/estacoes/estacao-estacao-cais-santa-luzia-9237;True;False
carregados_rj_2026-09-22;1325943;Chargeon Vg Angra;angra dos reis;rio de janeiro (rj);Av. Vereador Benedito Adelino, 8413 - Praia Grande, Angra dos Reis - RJ, 23909-000, Brazil;-23.00693150674307;-44.35272769999999;Público;True;False;False;somente AC identificado;ChargeOn;point_of_interest;1;1;;;;;False;ausente;False;False;False;;;False;;2026-09-19T15:33:18.472000+00:00;;2026-09-22T22:29:19.982260+00:00;https://carregados.com.br/estacoes/estacao-chargeon-vg-angra-1325943;True;False
carregados_rj_2026-09-22;4050;Condomínio Green Coast;angra dos reis;rio de janeiro (rj);Rodovia BR 101, KM 488 Green Coast - Ponta da Cruz, Angra dos Reis - RJ, 23942-320, Brazil;-22.958707593002956;-44.33553133159876;Restrito;False;False;False;somente AC identificado;;lodging;1;1;;;;;False;ausente;False;False;False;;;False;;2026-09-19T10:54:10.954000+00:00;;2026-09-22T22:28:31.382591+00:00;https://carregados.com.br/estacoes/estacao-condominio-green-coast-4050;True;False
carregados_rj_2026-09-22;2073303;E37B;angra dos reis;rio de janeiro (rj);Rua Principal do Condomínio, 37 - Portogalo, Angra dos Reis - RJ, 23900-010, Brazil;-23.03752934460097;-44.196015382568355;Público;True;False;False;somente AC identificado;;;2;2;;6.67;;;False;ausente;False;False;False;R$ 2,00 / kwh;;False;;2026-09-19T19:48:41.701000+00:00;;2026-09-22T22:28:01.101234+00:00;https://carregados.com.br/estacoes/estacao-e37b-2073303;True;False
carregados_rj_2026-09-22;10053;EnelX;angra dos reis;rio de janeiro (rj);Avenida Prefeito Jair Toscano de Brito - Praia da Chácara, Angra dos Reis - RJ, 23906-805, Brazil;-23.00123267912298;-44.303529194356905;Público;True;False;False;somente AC identificado;;point_of_interest;1;1;;6.0;0.0;;False;energia gratuita informada;False;False;False;;;False;;2026-09-20T20:17:56.643000+00:00;;2026-09-22T22:27:53.832976+00:00;https://carregados.com.br/estacoes/estacao-enelx-10053;True;False
carregados_rj_2026-09-22;8705;Estacionamento Do Carmo;angra dos reis;rio de janeiro (rj);Rua Dr. Coutinho, 172 - Centro, Angra dos Reis - RJ, 23900-620, Brazil;-23.007067941670247;-44.314661507158334;Restrito;False;False;False;não classificado;;parking;1;1;;;1.272727272727273;;False;pago;False;False;False;À combinar valor pelo kWh;;False;8:00-18:00;2026-09-19T13:41:06.075000+00:00;;2026-09-22T22:28:52.369538+00:00;https://carregados.com.br/estacoes/estacao-estacionamento-do-carmo-8705;True;False
carregados_rj_2026-09-22;8672;Flat Aconchegante No Coração De Itaipava;angra dos reis;rio de janeiro (rj);Estrada União e Indústria, 9153 Mangabeiras, 211, • Itaipava, Rio de Janeiro 25730-736, Brazil;-23.02803189110597;-44.343798385370526;Restrito;False;False;False;não classificado;;lodging;1;1;;;;;False;ausente;False;False;False;;;False;;2026-09-19T16:52:58.078000+00:00;;2026-09-22T22:28:52.364613+00:00;https://carregados.com.br/estacoes/estacao-airbnb-flat-aconchegante-no-coracao-de-itaipava-8672;True;False
carregados_rj_2026-09-22;2071913;Hotel Do Bosque;angra dos reis;rio de janeiro (rj);BR-101, Km 533 - Mambucaba, Angra dos Reis - RJ, 23908-000, Brazil;-23.019502643720664;-44.527763575315475;Restrito;False;False;False;somente AC identificado;;;1;1;;13.0;;;False;ausente;False;False;False;;;False;;2026-09-19T20:48:03.986000+00:00;;2026-09-22T22:28:55.407298+00:00;https://carregados.com.br/estacoes/estacao-hotel-do-bosque-2071913;True;False
carregados_rj_2026-09-22;820;Marina Bracuhy JL;angra dos reis;rio de janeiro (rj);Marina Bracuhy JL - Rodovia Governador Mário Covas - Bracuhy, Angra dos Reis - RJ, Brasil Angra dos Reis BR - Bracuí, Angra dos Reis - RJ, Brazil;-22.950549;-44.393312;Público;True;True;False;somente AC identificado;EZVolt;Marina;1;1;7.0;;1.77;;True;pago;False;False;False;"Abra os detalhes do carregador para ver os preços atualizados

Please open charger details to view up to date pricing";;False;;2026-09-19T09:03:17.391000+00:00;;2026-09-22T22:27:47.951580+00:00;https://carregados.com.br/estacoes/estacao-easy-volt-brasil-820;True;False
carregados_rj_2026-09-22;865;Marinas Piratas;angra dos reis;rio de janeiro (rj);Estr. das Marinas, 91 - Praia da Chácara, Angra dos Reis - RJ, 23907-205, Brazil;-23.002446;-44.300172;Público;True;False;False;somente AC identificado;EZVolt;Marina;1;1;7.0;60.0;;;False;ausente;True;False;False;"Abra os detalhes do carregador para ver os preços atualizados

Please open charger details to view up to date pricing";;False;;2026-09-19T19:16:10.083000+00:00;;2026-09-22T22:27:55.235794+00:00;https://carregados.com.br/estacoes/estacao-marinas-piratas-865;True;False
carregados_rj_2026-09-22;4062;POSTO AABF;angra dos reis;rio de janeiro (rj);Av. Raul Pompéia, 209 - Verolme, Angra dos Reis - RJ, 23913-140, Brazil;-22.991517;-44.2432528;Público;True;False;False;somente AC identificado;;gas_station;1;1;;;2.07;;True;pago;False;False;False;2,07;;True;1;2026-09-19T10:55:14.746000+00:00;;2026-09-22T22:28:38.479039+00:00;https://carregados.com.br/estacoes/estacao-posto-aabf-4062;True;False
carregados_rj_2026-09-22;2074289;PlugAki - Porto Aquarius II;angra dos reis;rio de janeiro (rj);R. Itapirapuã, 145 - Ponta da Cruz, Angra dos Reis - RJ, 23942-320, Brazil;-22.956571838585248;-44.33189638159696;Público;True;False;False;somente AC identificado;PlugAki;;1;1;7.0;42.25;2.7;2.0;True;pago;False;False;False;R$ 2,70 por kWh;Tolerância de ociosidade de 30 minutos, depois cobrança de R$ 0,50 por minuto ocioso. Isenção de cobrança de ociosidade das 0h às 06h.;True;24 horas;2026-09-20T02:41:58.280000+00:00;;2026-09-22T22:28:03.298813+00:00;https://carregados.com.br/estacoes/estacao-porto-aquarius-ii-2074289;True;False
carregados_rj_2026-09-22;781;Porto Virada Do Leste;angra dos reis;rio de janeiro (rj);R. do Contôrno, 616 - Mombaça, Angra dos Reis - RJ, Brazil;-23.015879;-44.278388;Restrito;False;False;False;somente AC identificado;;park.;1;1;;;;;False;ausente;False;False;False;;;False;;2026-09-20T11:03:30.948000+00:00;;2026-09-22T22:29:02.921920+00:00;https://carregados.com.br/estacoes/estacao-porto-virada-do-leste-781;True;False
carregados_rj_2026-09-22;10024;Posto AP Bracuí;angra dos reis;rio de janeiro (rj);Rod. Rio-Santos, 113 - Frade, Angra dos Reis - RJ, 23943-150, Brazil;-22.9299201;-44.3806382;Público;True;False;False;DC presente;EZVolt;Gas Station;1;2;60.0;48.29;2.2;;True;pago;True;True;False;"Abra os detalhes do carregador para ver os preços atualizados

Please open charger details to view up to date pricing";;False;24h;2026-09-22T11:45:29.164000+00:00;;2026-09-22T22:27:19.997558+00:00;https://carregados.com.br/estacoes/estacao-posto-ap-bracui-10024;True;False
carregados_rj_2026-09-22;4483;Posto Costa Verde - Vale Do Café;angra dos reis;rio de janeiro (rj);R. Itatiaia, 28 - Japuíba, Angra dos Reis - RJ, 23934-200, Brazil;-22.9695097135054;-44.29905918455417;Público;True;False;False;DC presente;EZVolt;Gas Station;3;3;60.0;41.38;4.0;2.5;True;pago;True;True;False;"Abra los detalles del cargador para ver los precios actualizados

Please open charger details to view up to date pricing";;False;;2026-09-19T12:37:34.815000+00:00;;2026-09-22T22:27:13.168293+00:00;https://carregados.com.br/estacoes/estacao-posto-costa-verde---vale-do-caf%C3%A9-4483;True;False
carregados_rj_2026-09-22;9236;Recar Costabella Resort;angra dos reis;rio de janeiro (rj);Ponta da Cruz, Angra dos Reis - RJ;-22.94868798826444;-44.33208850271785;Público;True;False;False;somente AC identificado;;Lodging;1;1;;7.0;;;False;ausente;True;False;False;;;False;;2026-09-19T20:25:11.116000+00:00;;2026-09-22T22:28:27.105008+00:00;https://carregados.com.br/estacoes/estacao-recar-costabella-resort-9236;True;False
carregados_rj_2026-09-22;8986;Residência;angra dos reis;rio de janeiro (rj);Av. Vereador Benedito Adelino, 1262 - Praia Grande, Angra dos Reis - RJ, 23909-000, Brazil;-22.986184073057824;-44.318349793044106;Restrito;False;False;False;não classificado;;point_of_interest;1;2;;;;;True;ausente;False;False;False;1,90/kwh;;False;7:00 hrs as 18:00 horas;2026-09-19T13:52:01.890000+00:00;;2026-09-22T22:30:13.615371+00:00;https://carregados.com.br/estacoes/estacao-1262-residencia-8986;True;False
carregados_rj_2026-09-22;767;Shopping Piratas;angra dos reis;rio de janeiro (rj);Estr. das Marinas, 91 - Praia da Chácara, Angra dos Reis - RJ, 23906-800, Brazil;-23.00403455846133;-44.29935302585363;Público;True;True;False;DC presente;Shell Recharge;Shopping Center;3;4;180.0;48.38;2.9;;False;pago;True;True;False;;"Relato de 06/09/2026, trecho: “r do valor da carga. Se fizer compras no Zona Sul tem 1hr de estacionamento grátis, mas o mínimo de 15reais cobra obrigatoriamente.”
Relato de 17/08/2026, trecho: “Tem que pagar estacionamento, mínimo 8,00 e 2,90kw, caro demais, porém o único carregador rápido da região, vale pra emergência, tem duas vag”
Relato de 12/08/2026, trecho: “Além de CARO R$ 2,90 Kw/h ainda tem que pagar no mínimo 15,00 de estacionamento, um absurdo!”";False;10:00 as 22:00;2026-09-19T23:00:41.073000+00:00;;2026-09-22T22:27:10.723884+00:00;https://carregados.com.br/estacoes/estacao-shopping-piratas-767;True;False
carregados_rj_2026-09-22;851;Vila Galé Eco Resort Angra;angra dos reis;rio de janeiro (rj);Praia Grande, 8413 - Praia Grande, Angra dos Reis - RJ, 23909-210, Brazil;-23.009004;-44.35425;Público;True;False;False;não classificado;;Lodging;2;2;;4.0;;;False;ausente;True;False;False;R$ 2,30;;False;;2026-09-19T09:04:41.821000+00:00;;2026-09-22T22:27:39.985494+00:00;https://carregados.com.br/estacoes/estacao-vila-gal%C3%A9-eco-resort-angra-851;True;False
carregados_rj_2026-09-22;1430849;Algodão Da Praia;araruama;rio de janeiro (rj);R. Otávio Carneiro, 65 - Pontinha, Araruama - RJ, 28982-105, Brazil;-22.878224976799387;-42.310753778241725;Público;True;False;False;somente AC identificado;;point_of_interest;1;1;;6.0;;;False;ausente;False;False;False;2,00;;False;;2026-09-19T15:38:22.824000+00:00;;2026-09-22T22:28:18.140307+00:00;https://carregados.com.br/estacoes/estacao-algodao-da-praia-1430849;True;False
carregados_rj_2026-09-22;164813;Ollem Soluções Em Energia;araruama;rio de janeiro (rj);RJ-124 A, KM 35 - s/n - Itatiquara, Araruama - RJ, 28970-000, Brazil;-22.83534809912207;-42.35625822097063;Público;True;False;False;DC presente;;Workplace;2;4;;56.67;2.5;2.0;True;pago;True;True;False;2.50;;False;;2026-09-20T09:30:06.407000+00:00;;2026-09-22T22:27:22.758992+00:00;https://carregados.com.br/estacoes/estacao-ollem-solucoes-em-energia-164813;True;False
carregados_rj_2026-09-22;4353;Sex Shop Pimentinha;araruama;rio de janeiro (rj);R. Cristóvão Colombo, 82 - Outeiro, Araruama - RJ, 28979-422, Brazil;-22.87870510715137;-42.35345162451267;Restrito;False;False;False;somente AC identificado;;store;1;1;;;;;False;ausente;False;False;False;;;False;;2026-09-19T11:05:41.272000+00:00;;2026-09-22T22:29:08.447573+00:00;https://carregados.com.br/estacoes/estacao-sex-shop-pimentinha-4353;True;False
carregados_rj_2026-09-22;2073792;Zero Baixa Barbearia;araruama;rio de janeiro (rj);Av. John Kennedy, 148 - Centro, Araruama - RJ, 28970-000, Brazil;-22.87778391847885;-42.34003106920313;Restrito;False;False;False;somente AC identificado;;;1;1;;;;;False;ausente;True;False;False;;;False;;2026-09-19T16:20:19.789000+00:00;;2026-09-22T22:30:22.498403+00:00;https://carregados.com.br/estacoes/estacao-zero-baixa-barbearia-2073792;True;False
carregados_rj_2026-09-22;853;BR Marinas Búzios;armação dos búzios;rio de janeiro (rj);Alameda Andorinhas, 43 - Praia Rasa, Armação dos Búzios - RJ, 28950-000, Brazil;-22.748525;-41.956531;Público;True;False;False;somente AC identificado;EZVolt;Marina;1;1;7.0;;2.07;;False;pago;True;True;False;"Abra os detalhes do carregador para ver os preços atualizados

Please open charger details to view up to date pricing";;False;;2026-09-21T00:13:54.124000+00:00;;2026-09-22T22:27:37.847723+00:00;https://carregados.com.br/estacoes/estacao-br-marinas-b%C3%BAzios-853;True;False
carregados_rj_2026-09-22;1461707;Buzios Mar Hotel;armação dos búzios;rio de janeiro (rj);R. João Fernandes, 8 - Village de Búzios, Armação dos Búzios - RJ, 28950-000, Brazil;-22.7423859;-41.8727428;Restrito;False;False;False;somente AC identificado;;point_of_interest;1;1;;;;;False;ausente;False;False;False;;;False;;2026-09-20T00:51:13.499000+00:00;;2026-09-22T22:29:17.055959+00:00;https://carregados.com.br/estacoes/estacao-buzios-mar-hotel-1461707;True;False
carregados_rj_2026-09-22;1461704;Greco Hotel;armação dos búzios;rio de janeiro (rj);R. da Praia, 8 - Praia Brava, Armação dos Búzios - RJ, 28950-000, Brazil;-22.755616;-41.8749173;Restrito;False;False;False;somente AC identificado;;lodging;1;1;;7.0;1.59;1.0;False;pago;False;False;False;;Relato de 29/12/2025, trecho: “R$ 1,59 por KWh Para de carregar sempre que chega a 15 reais por algum motivo”;False;;2026-09-20T00:51:25.378000+00:00;;2026-09-22T22:28:21.312494+00:00;https://carregados.com.br/estacoes/estacao-greco-hotel-1461704;True;False
carregados_rj_2026-09-22;854;Hotel Insólito Entrega;armação dos búzios;rio de janeiro (rj);R. E1, 73 - Village de Búzios, Armação dos Búzios - RJ, 28950-000, Brazil;-22.76974804403434;-41.882932699405664;Público;True;True;False;somente AC identificado;;Lodging;1;1;7.0;;1.77;;True;pago;True;True;False;"Abra los detalles del cargador para ver los precios actualizados

Please open charger details to view up to date pricing";;False;;2026-09-19T21:56:55.186000+00:00;;2026-09-22T22:27:38.498034+00:00;https://carregados.com.br/estacoes/estacao-hotel-ins%C3%B3lito-entrega-854;True;False
carregados_rj_2026-09-22;2075690;Ollem Energy Clube Arete Buzios;armação dos búzios;rio de janeiro (rj);Estr. Jose Bento Ribeiro Dantas, 4 - Lot. Praia Baia Formosa, Armação dos Búzios - RJ, 28950-000, Brazil;-22.75754108576861;-41.944269824060136;Público;True;False;False;DC presente;;;3;3;;66.75;;;False;ausente;False;False;False;R$ 2,50 por kW + R$ 2,00 por conexão ;;False;;2026-09-20T09:37:53.424000+00:00;;2026-09-22T22:28:03.295283+00:00;https://carregados.com.br/estacoes/estacao-ollem-energy-clube-arete-buzios-2075690;True;False
carregados_rj_2026-09-22;2076949;Pousada Coronado Beach Hotel;armação dos búzios;rio de janeiro (rj);Praia Joao Fernandes, 27 - Pr Joao Fernandes, Armação dos Búzios - RJ, 28950-000, Brazil;-22.741510963542922;-41.87321584671736;Restrito;False;False;False;somente AC identificado;;;1;1;;2.0;;;False;ausente;False;False;False;;;False;;2026-09-20T09:16:25.660000+00:00;;2026-09-22T22:29:03.435268+00:00;https://carregados.com.br/estacoes/estacao-pousada-coronado-beach-hotel-2076949;True;False
carregados_rj_2026-09-22;1461705;Recar Uni Boutique Hotel;armação dos búzios;rio de janeiro (rj);R. B da Ferradura, 122 - Village da Ferradura, Armação dos Búzios - RJ, 28950-000, Brazil;-22.771556;-41.8900426;Restrito;False;False;False;somente AC identificado;;point_of_interest;1;1;;;;;False;ausente;False;False;False;;;False;;2026-09-20T00:52:35.010000+00:00;;2026-09-22T22:30:09.135130+00:00;https://carregados.com.br/estacoes/estacao-recar-uni-boutique-hotel-1461705;True;False
carregados_rj_2026-09-22;9963;Capitão N Areia Pousada;arraial do cabo;rio de janeiro (rj);R. Santa Cruz, 7 - Praia dos Anjos, Arraial do Cabo - RJ, 28930-000, Brazil;-22.9698018;-42.0196869;Restrito;False;False;False;somente AC identificado;;lodging;1;1;;;;;False;ausente;False;False;False;;;False;;2026-09-19T14:26:00.668000+00:00;;2026-09-22T22:29:17.769888+00:00;https://carregados.com.br/estacoes/estacao-capitao-n-areia-pousada-9963;True;False
carregados_rj_2026-09-22;2072150;Capitão N Arria Pousada;arraial do cabo;rio de janeiro (rj);R. Ezer Teixeira de Melo, 19 - Centro, Arraial do Cabo - RJ, 28930-000, Brazil;-22.97043046655734;-42.02138774199903;Restrito;False;False;False;somente AC identificado;;;1;1;;;;;False;ausente;False;False;False;;;False;;2026-09-19T15:54:27.994000+00:00;;2026-09-22T22:29:17.779796+00:00;https://carregados.com.br/estacoes/estacao-capitao-n-arria-pousada-2072150;True;False
carregados_rj_2026-09-22;8182;Pousada Mirante Da Prainha;arraial do cabo;rio de janeiro (rj);R. José Pinto de Macedo, 270 - Casa 07 - Sítio, Arraial do Cabo - RJ, 28930-000, Brazil;-22.965402872551127;-42.02540432238665;Público;True;False;False;somente AC identificado;;lodging;1;1;;;;;False;ausente;False;False;False;;;False;;2026-09-19T13:19:47.907000+00:00;;2026-09-22T22:29:03.838822+00:00;https://carregados.com.br/estacoes/estacao-pousada-mirante-da-prainha-8182;True;False
carregados_rj_2026-09-22;884843;Bangre;barra do piraí;rio de janeiro (rj);R. Augusto Cardoso, 71 - Centro, Nova Friburgo - RJ, Brasil;-22.462298400415733;-43.86151158150553;Restrito;False;False;False;somente AC identificado;ATM EVS;lodging;1;1;;;;;False;ausente;False;False;False;;;False;;2026-09-19T16:55:57.051000+00:00;;2026-09-22T22:28:42.190111+00:00;https://carregados.com.br/estacoes/estacao-hotel-habitare-884843;True;False
carregados_rj_2026-09-22;246333;Casa Do Arroz;barra do piraí;rio de janeiro (rj);R. João Pessoa, 801 - Centro, Barra do Piraí - RJ, 27120-170, Brazil;-22.463135891064717;-43.81966844201088;Público;True;False;False;somente AC identificado;;parking;1;1;;5.0;;;True;ausente;False;False;False;Grátis para clientes em compra;;False;;2026-09-19T14:52:49.273000+00:00;;2026-09-22T22:28:19.770568+00:00;https://carregados.com.br/estacoes/estacao-casa-do-arroz-246333;True;False
carregados_rj_2026-09-22;807;Centersul - A Loja do Atila;barra do piraí;rio de janeiro (rj);R. Francisco Teixeira Neto, 591 - Fátima, Barra do Piraí - RJ, 27143-138, Brazil;-22.476503650787304;-44.04830610298394;Público;True;False;False;somente AC identificado;;car_dealer;1;1;;;;;False;ausente;False;False;False;;;False;8 as 18 de segunda a sexta. Aos sábados até 12:30h. Feriados não abre;2026-09-21T00:13:04.875000+00:00;;2026-09-22T22:29:19.279307+00:00;https://carregados.com.br/estacoes/estacao-centersul---a-loja-do-atila-807;True;False
carregados_rj_2026-09-22;5854;Aquinos;barra mansa;rio de janeiro (rj);Av. Dr. Francisco Vilela de Andrade Neto, 297 - Centro, Barra Mansa - RJ, 27330-590, Brazil;-22.547903505031616;-44.165465224638055;Público;True;False;False;DC presente;;gas_station;2;2;;32.4;2.49;;True;pago;False;False;False;"Custo de R$ 1,99
";;True;"8:00 ás 18:00 de segunda à sábado 
8:00 ás 13:00 sábado 

";2026-09-20T20:21:27.557000+00:00;;2026-09-22T22:27:31.816728+00:00;https://carregados.com.br/estacoes/estacao-aquino%E2%80%99s-solar-5854;True;False
carregados_rj_2026-09-22;2075939;BYD Barra Mansa Riozen;barra mansa;rio de janeiro (rj);R. Antônio Luiz Pires, 101 - São Judas Tadeu, Barra Mansa - RJ, 27332-360, Brazil;-22.559777546237765;-44.119352996349335;Público;True;False;False;DC presente;Tupinambá;;2;2;;25.0;2.49;;False;pago;False;False;False;2,49;Relato de 25/07/2026, trecho: “Carregando a 25kw a preço de 2,49/kwh. Carregador na entrada da concessionária byd Barra Mansa. Bom para quem esta passando na dutra,”;True;;2026-09-20T02:00:43.706000+00:00;;2026-09-22T22:28:28.870912+00:00;https://carregados.com.br/estacoes/estacao-byd-barra-mansa-riozen-2075939;True;False
carregados_rj_2026-09-22;9573;Mamão;barra mansa;rio de janeiro (rj);R. Dr. Antônio G Karapiperis, 125 - Santa Rosa, Barra Mansa - RJ, 27323-750, Brazil;-22.531709930341346;-44.16477867697281;Restrito;False;False;False;não classificado;;restaurant;1;1;;;;;False;ausente;True;False;False;;;False;;2026-09-19T14:10:11.035000+00:00;;2026-09-22T22:29:55.699018+00:00;https://carregados.com.br/estacoes/estacao-mamao-9573;True;False
carregados_rj_2026-09-22;2075846;Posto AP - Vila Nova;barra mansa;rio de janeiro (rj);R. Maj. José Bento, 2137 - Vila Nova, Barra Mansa - RJ, 27321-002, Brazil;-22.524409;-44.188361;Público;True;False;False;DC presente;EZVolt;Gas Station;1;2;90.0;60.5;;;False;ausente;True;False;False;"Abra os detalhes do carregador para ver os preços atualizados

Please open charger details to view up to date pricing";;False;;2026-09-20T01:37:13.843000+00:00;;2026-09-22T22:28:24.913270+00:00;https://carregados.com.br/estacoes/estacao-posto-ap-vila-nova-2075846;True;False
carregados_rj_2026-09-22;164808;Posto AP Barbará;barra mansa;rio de janeiro (rj);R. Quatro, 238 - Barbará, Barra Mansa - RJ, 27323-525, Brazil;-22.540207768457;-44.14526191322822;Público;True;False;False;DC presente;EZVolt;Gas Station;1;2;60.0;55.23;2.2;;True;pago;True;True;False;"Abra os detalhes do carregador para ver os preços atualizados

Please open charger details to view up to date pricing";;False;24x7;2026-09-20T10:07:28.541000+00:00;;2026-09-22T22:27:28.006101+00:00;https://carregados.com.br/estacoes/estacao-posto-ap-barbara-164808;True;False
carregados_rj_2026-09-22;777;Posto Metano;barra mansa;rio de janeiro (rj);Rod. Pres. Dutra, 361 - Boa Sorte, Barra Mansa - RJ, 27343-000, Brazil;-22.561109865691712;-44.15657629362392;Público;True;False;False;DC presente;EZVolt;Gas Station;3;3;120.0;80.75;4.0;2.5;True;pago;True;True;False;"Abra os detalhes do carregador para ver os preços atualizados

Please open charger details to view up to date pricing



Gratuito só para Volvo";;False;;2026-09-22T11:45:28.947000+00:00;;2026-09-22T22:25:42.186102+00:00;https://carregados.com.br/estacoes/estacao-posto-metano-777?estado=rio+de+janeiro+%28rj%29;True;False
carregados_rj_2026-09-22;817;Renault Rio Sena - Barra Mansa;barra mansa;rio de janeiro (rj);Rod. Lúcio Meira, 120 - Metalúrgico, Barra Mansa - RJ, 27335-000, Brazil;-22.561285759993606;-44.11974360160524;Restrito;False;False;False;somente AC identificado;Tupinambá;park;1;1;;;;;False;ausente;False;False;False;;;False;;2026-09-21T00:13:15.159000+00:00;;2026-09-22T22:28:17.408198+00:00;https://carregados.com.br/estacoes/estacao-renault-rio-sena---barra-mansa-817;True;False
carregados_rj_2026-09-22;1566918;Shell;barra mansa;rio de janeiro (rj);Estr. Virgílio Vilella, 498 - Floriano, Barra Mansa - RJ, 27570-000, Brazil;-22.45500594412355;-44.30114940553444;Público;True;False;False;DC presente;RJ Eletropostos;Gas Station;1;2;60.0;46.06;2.5;0.0;False;pago;True;True;False;R$ 2,50, desconto para motorista app;;False;24h;2026-09-19T09:43:55.152000+00:00;;2026-09-22T22:27:11.471631+00:00;https://carregados.com.br/estacoes/estacao-shell-1566918;True;False
carregados_rj_2026-09-22;782960;Posto Atacadão Belford Roxo;belford roxo;rio de janeiro (rj);Av. Jorge Júlio da Costa dos Santos, 200 - Centro, Belford Roxo - RJ, 26130-010, Brazil;-22.77384012924249;-43.39787487473318;Público;True;False;False;DC presente;ChargeOn;point_of_interest;1;1;;28.29;2.09;;True;pago;False;False;False;;;True;;2026-09-19T18:15:46.612000+00:00;;2026-09-22T22:27:42.138366+00:00;https://carregados.com.br/estacoes/estacao-posto-atacadao-belford-roxo-782960;True;False
carregados_rj_2026-09-22;2074641;La Parrilla;bom jesus do itabapoana;rio de janeiro (rj);Av. Gov. Roberto Silveira, 790 - Centro, Bom Jesus do Itabapoana - RJ, 28360-000, Brazil;-21.133805319627673;-41.67103854035574;Público;True;False;False;não classificado;;;1;1;;;;;False;ausente;False;False;False;;;False;;2026-09-19T16:34:27.590000+00:00;;2026-09-22T22:29:54.963159+00:00;https://carregados.com.br/estacoes/estacao-la-parrilla-2074641;True;False
carregados_rj_2026-09-22;5823;Abracadabra Pousada;búzios;rio de janeiro (rj);R. Morro do Humaitá, 13 - Lot. Triangulo de Buzios, Búzios - RJ, 28950-000, Brazil;-22.752666965100858;-41.88340683316634;Público;True;False;False;somente AC identificado;;lodging;1;2;;;2.0;;True;pago;False;False;False;R$ 2/kwh;;True;;2026-09-19T11:54:57.723000+00:00;;2026-09-22T22:29:12.831532+00:00;https://carregados.com.br/estacoes/estacao-abracadabra-pousada-5823;True;False
carregados_rj_2026-09-22;4288;Av José Bento Ribeiro Dantas;búzios;rio de janeiro (rj);R. Radamés Gnatalli, 24 - Porto Belo, Búzios - RJ, 28950-000, Brazil;-22.774229627313943;-41.929238475859165;Restrito;False;False;False;somente AC identificado;;Parking Garage/Lot;1;1;7.0;;;;False;ausente;True;False;False;;;False;09:00 x 17:00;2026-09-19T23:41:27.526000+00:00;;2026-09-22T22:28:18.142969+00:00;https://carregados.com.br/estacoes/estacao-av-jos%C3%A9-bento-ribeiro-dantas-4288;True;False
carregados_rj_2026-09-22;4245;BMW Rio Buzios Posto Br Manguinhos;búzios;rio de janeiro (rj);3.600 - Av. José Bento Ribeiro Dantas, 3600 - Manguinhos, Búzios - RJ, 28950-000, Brazil;-22.77432483458048;-41.91538390706928;Público;True;False;False;somente AC identificado;;gas_station;1;1;;3.0;0.0;0.0;True;energia gratuita informada;False;False;False;;;False;;2026-09-19T19:59:05.888000+00:00;;2026-09-22T22:27:21.237787+00:00;https://carregados.com.br/estacoes/estacao-bmw-rio-buzios-posto-br-manguinhos-4245;True;False
carregados_rj_2026-09-22;761;Buzios;búzios;rio de janeiro (rj);R. Greta Blank Rio, 8 - Cem Bracas, Búzios - RJ, 28950-000, Brazil;-22.762681;-41.941045;Restrito;False;False;False;somente AC identificado;;gas_station;1;1;;;;;False;ausente;False;False;False;;;False;;2026-09-20T04:00:05.879000+00:00;;2026-09-22T22:29:17.045019+00:00;https://carregados.com.br/estacoes/estacao-buzios-761;True;False
carregados_rj_2026-09-22;8521;Cantinho Da Praia;búzios;rio de janeiro (rj);R. das Casuarinas, 199 - Bosque, Búzios - RJ, 28956-790, Brazil;-22.780068677823323;-41.918764186565475;Restrito;False;False;False;não classificado;;lodging;2;2;;7.0;;;False;ausente;True;False;False;Somente para hospedes da casa, contato pelo Instagram cantinhodapraia13;;False;;2026-09-19T13:34:11.330000+00:00;;2026-09-22T22:28:30.237827+00:00;https://carregados.com.br/estacoes/estacao-cantinhodapraia13-8521;True;False
carregados_rj_2026-09-22;4273;Casas Brancas Hotel & Spa;búzios;rio de janeiro (rj);R. Morro do Humaitá, 10 - Lot. Triangulo de Buzios, Búzios - RJ, 28950-000, Brazil;-22.7521839;-41.8836382;Restrito;False;False;False;somente AC identificado;Autocharge;lodging;1;1;;;;;False;ausente;True;False;False;;;False;;2026-09-19T11:02:31.524000+00:00;;2026-09-22T22:28:13.566621+00:00;https://carregados.com.br/estacoes/estacao-casas-brancas-hotel-%26-spa-4273;True;False
carregados_rj_2026-09-22;4150;Centro Automotivo Novo Búzios;búzios;rio de janeiro (rj);Av. José Bento Ribeiro Dantas, 5587 - Bosque, Búzios - RJ, 28950-000, Brazil;-22.77506305842558;-41.92502371966839;Público;True;False;False;DC presente;EZVolt;Parking Garage/Lot;1;2;60.0;57.8;2.5;1.0;True;pago;True;True;False;CCS2 - R$ 2,50/kWh;;False;;2026-09-19T06:39:40.133000+00:00;;2026-09-22T22:27:07.247019+00:00;https://carregados.com.br/estacoes/estacao-posto-br-petrobras-4150;True;False
carregados_rj_2026-09-22;4282;Condominio Buzios Inn;búzios;rio de janeiro (rj);R. Jorn. Gloria Maria, 171 - Bosque, Búzios - RJ, 28950-000, Brazil;-22.780006408691406;-41.9183235168457;Restrito;False;True;False;não classificado;;Residential;1;1;;;;;False;ausente;True;False;False;;;False;;2026-09-19T11:02:40.671000+00:00;;2026-09-22T22:29:23.586104+00:00;https://carregados.com.br/estacoes/estacao-condominio-buzios-inn-(coming-soon)-4282;True;True
carregados_rj_2026-09-22;10672;Condomínio Porto Da Barra ( Shopsolar);búzios;rio de janeiro (rj);Porto da Barra - Av. José Bento Ribeiro Dantas, 2900 - Manguinhos, Armação dos Búzios - RJ, 28953-814, Brazil;-22.76939425237104;-41.910736297553264;Público;True;False;False;somente AC identificado;WEMOB;point_of_interest;1;1;;;1.9;;True;pago;True;True;False;1.90;;False;;2026-09-19T20:37:37.386000+00:00;;2026-09-22T22:28:32.088870+00:00;https://carregados.com.br/estacoes/estacao-condominio-porto-da-barra-shopsolar-10672;True;False
carregados_rj_2026-09-22;848;Condomínio Rasa Kitesurf;búzios;rio de janeiro (rj);RJ-102, 66 - Tamoios, Búzios - RJ, 28950-000, Brazil;-22.730684123931628;-41.97437636554241;Restrito;False;False;False;somente AC identificado;Copel;park;1;1;;;2.0;;True;pago;False;False;False;2,00 / kWh;;False;;2026-09-21T00:13:45.294000+00:00;;2026-09-22T22:29:30.911582+00:00;https://carregados.com.br/estacoes/estacao-condom%C3%ADnio-rasa-kitesurf-848;True;False
carregados_rj_2026-09-22;4285;Hotel Ferradura Resort;búzios;rio de janeiro (rj);R. Armina Campio Gomes, 9 - Village da Ferradura, Búzios - RJ, 28950-000, Brazil;-22.766317108281424;-41.88698493325058;Público;True;False;False;somente AC identificado;Intelbras;lodging;1;1;;;;;False;ausente;True;False;False;Grátis para hóspedes / pago para não-hóspedes (taxa de hora ou kw a consultar);Relato de 07/04/2026, trecho: “Grátis para hóspedes / taxa para carregamento não hóspedes / por hora. No valor de 22,00 reais.”;False;;2026-09-19T23:41:02.670000+00:00;;2026-09-22T22:28:10.500936+00:00;https://carregados.com.br/estacoes/estacao-ferradura-resort-4285;True;False
carregados_rj_2026-09-22;9894;Posto Sol Búzios;búzios;rio de janeiro (rj);Estr. da Usina Velha, SN - Village de Búzios, Búzios - RJ, 28950-000, Brazil;-22.755287791486655;-41.88281882554293;Público;True;False;False;DC presente;Link+;Gas Station;1;2;47.0;38.5;2.5;5.0;True;pago;True;True;False;"Potência: 47 kW Rápida
Carga: R$ 2,50/kWh
Ociosidade: R$2,00 minuto";;False;;2026-09-19T09:59:19.615000+00:00;;2026-09-22T22:27:21.996938+00:00;https://carregados.com.br/estacoes/estacao-eletroposto-link-posto-sol-buzios-47-kw-9894;True;False
carregados_rj_2026-09-22;4944;Pousada Gente Bonita Lá Mansion;búzios;rio de janeiro (rj);Praia Joao Fernandes, 1 - Pr Joao Fernandes, Búzios - RJ, 28950-000, Brazil;-22.75085531505736;-41.87674965709448;Público;True;False;False;somente AC identificado;Enel X;lodging;1;1;;6.5;;;True;ausente;False;False;False;Grátis para hospedes da pousada.;;False;;2026-09-20T16:52:03.665000+00:00;;2026-09-22T22:28:06.188619+00:00;https://carregados.com.br/estacoes/estacao-pousada-gente-bonita-l%C3%A1-mansion-4944;True;False
carregados_rj_2026-09-22;4306;Pousada Gente Bonita Mirante;búzios;rio de janeiro (rj);R. do Torque, 107 - João Fernandes, Búzios - RJ, 28950-000, Brazil;-22.74348278899258;-41.87453582882881;Público;True;False;False;somente AC identificado;;lodging;2;2;;6.5;;;False;ausente;True;False;False;;Relato de 07/11/2025, trecho: “O carregador está funcionando direitinho. Hóspedes não pagam nada e os outros, 10 reais a cada hora.”;False;24 horas ;2026-09-20T21:03:17.416000+00:00;;2026-09-22T22:27:51.794082+00:00;https://carregados.com.br/estacoes/estacao-pousada-gente-bonita-mirante-4306;True;False
carregados_rj_2026-09-22;10055;Pousada Villa Bella Ferradura;búzios;rio de janeiro (rj);R. F 4, 9 - Praia da Ferradura, Búzios - RJ, 28950-000, Brazil;-22.769201278686523;-41.891788482666016;Público;True;False;False;somente AC identificado;;lodging;1;1;;;;;False;ausente;True;False;False;;;False;;2026-09-19T14:29:23.657000+00:00;;2026-09-22T22:28:12.050536+00:00;https://carregados.com.br/estacoes/estacao-pousada-villa-bella-ferradura-10055;True;False
carregados_rj_2026-09-22;7791;Pousada Villa Canaã;búzios;rio de janeiro (rj);R. 5, 906 - Village de Búzios, Búzios - RJ, 28950-000, Brazil;-22.749683;-41.877128;Público;True;False;False;não classificado;;Lodging;1;1;;;;;False;ausente;False;False;False;;;False;;2026-09-19T12:46:26.656000+00:00;;2026-09-22T22:29:04.500945+00:00;https://carregados.com.br/estacoes/estacao-pousada-villa-cana%C3%A3-7791;True;False
carregados_rj_2026-09-22;4281;Anderson Inácioh;cabo frio;rio de janeiro (rj);R. das Hortênsias, 10 - Unamar, Cabo Frio - RJ, 28908, Brazil;-22.681452684550738;-41.99997838586569;Público;True;False;False;somente AC identificado;;lodging;1;1;;6.0;1.5;;True;pago;False;False;False;R$ 1,50 por kWh.;;True;À combinar ;2026-09-19T11:02:39.668000+00:00;;2026-09-22T22:27:46.528927+00:00;https://carregados.com.br/estacoes/estacao-carregador-compartilhado-do-anderson-inacio-4281;True;False
carregados_rj_2026-09-22;8508;Canal Da Lagoa;cabo frio;rio de janeiro (rj);Estr. dos Passageiros, 47 - Jacaré, Cabo Frio - RJ, 28922-000, Brazil;-22.87226509178356;-42.02338359981275;Público;True;True;False;DC presente;RJ Eletropostos;Gas Station;1;1;40.0;38.5;2.5;0.0;True;pago;True;True;False;R$ 2,50 - Desconto para motoristas app;;False;24h;2026-09-21T00:38:00.176000+00:00;;2026-09-22T22:27:36.309519+00:00;https://carregados.com.br/estacoes/estacao-br-petrobras-gnv-8508;True;False
carregados_rj_2026-09-22;792;Casa;cabo frio;rio de janeiro (rj);R. Jorge Lóssio, 516 - Centro, Cabo Frio - RJ, 28907-013, Brazil;-22.8808114;-42.0167647;Restrito;False;False;False;somente AC identificado;;lodging;1;1;;;;;False;ausente;False;False;False;;;False;;2026-09-21T00:12:57.558000+00:00;;2026-09-22T22:28:30.636214+00:00;https://carregados.com.br/estacoes/estacao-casa-792;True;False
carregados_rj_2026-09-22;4127;Clínica Veins - Dr Guilherme Alberto Da Cunha;cabo frio;rio de janeiro (rj);R. Barão do Rio Branco, 263 - Passagem, Cabo Frio - RJ, 28906-170, Brazil;-22.87632079375943;-42.01110774360257;Restrito;False;False;False;somente AC identificado;;doctor;1;1;;;;;False;ausente;False;False;False;Para clientes da Clínica Vascular;;False;;2026-09-19T20:10:20.708000+00:00;;2026-09-22T22:28:31.376893+00:00;https://carregados.com.br/estacoes/estacao-cl%C3%ADnica-veins---dr-guilherme-alberto-da-cunha-4127;True;False
carregados_rj_2026-09-22;4304;Orla 500;cabo frio;rio de janeiro (rj);R. Castelo Branco, 3 - Unamar, Cabo Frio - RJ, 28908, Brazil;-22.677791025561145;-41.99769166610646;Restrito;False;False;False;somente AC identificado;Intelbras;lodging;1;1;;;2.5;;True;pago;False;False;False;R$2,50 KW/h;;False;24h em períodos festivos;2026-09-19T11:03:58.234000+00:00;;2026-09-22T22:29:00.679166+00:00;https://carregados.com.br/estacoes/estacao-carregador-compartilhado-do-orla-500-(coming-soon)-4304;True;True
carregados_rj_2026-09-22;4054;Paradiso Peró Praia Hotel;cabo frio;rio de janeiro (rj);Av. Drasio Solon Ribeiro, 88 - Peró, Cabo Frio - RJ, 28923-410, Brazil;-22.8621864;-41.9865202;Restrito;False;False;False;somente AC identificado;;lodging;1;1;;;;;True;ausente;False;False;False;Gratuito para hóspedes;;False;;2026-09-19T10:54:12.892000+00:00;;2026-09-22T22:29:01.318574+00:00;https://carregados.com.br/estacoes/estacao-paradiso-pero-praia-hotel-4054;True;False
carregados_rj_2026-09-22;10451;Peró Recharge;cabo frio;rio de janeiro (rj);R. dos Motoqueiros, 120 - Cajueiro, Cabo Frio - RJ, 28924-209, Brazil;-22.858263261379285;-41.99626331555727;Restrito;False;False;False;somente AC identificado;;point_of_interest;1;1;;;2.5;;True;pago;False;False;False;R$ 2,50 kw;;False;08:00 ás 20:00;2026-09-19T14:41:38.794000+00:00;;2026-09-22T22:29:02.222742+00:00;https://carregados.com.br/estacoes/estacao-pero-recharge-10451;True;False
carregados_rj_2026-09-22;2077159;PlugAki - Clube Náutico de Cabo Frio;cabo frio;rio de janeiro (rj);Rua dos Meros 7, Cabo Frio - Rio de Janeiro, 28922-050, Brasil;-22.86991411746301;-42.00950214199247;Público;True;False;False;somente AC identificado;PlugAki;;1;1;;;2.5;2.0;False;pago;False;False;False;;Tolerância de ociosidade de 30 minutos, depois cobrança de R$ 1,00 por minuto ocioso.;True;24 horas;2026-09-20T00:30:35.135000+00:00;;2026-09-22T22:29:02.527844+00:00;https://carregados.com.br/estacoes/estacao-plugaki-clube-nautico-de-cabo-frio-2077159;True;False
carregados_rj_2026-09-22;8990;Portal Das Dunas;cabo frio;rio de janeiro (rj);Rod. Gen. Bruno Martins, 50 - Braga, Cabo Frio - RJ, 28908-145, Brazil;-22.89666175842285;-42.04068756103516;Público;True;False;False;DC presente;RJ Eletropostos;Gas Station;1;2;60.0;45.67;2.5;0.0;True;pago;True;True;False;R$ 2,50, desconto para motorista app;;False;24h;2026-09-21T00:40:17.490000+00:00;;2026-09-22T22:27:16.804447+00:00;https://carregados.com.br/estacoes/estacao-ed-don-fernando-8990;True;False
carregados_rj_2026-09-22;5026;SolGás Eletric Centro;cabo frio;rio de janeiro (rj);Av. Júlia Kubitschek, 30 - Jardim Flamboyant, Cabo Frio - RJ, 28905-000, Brazil;-22.88438647746;-42.03069136649709;Público;True;False;False;DC presente;PlugAki;Gas Station;5;7;80.0;44.39;2.5;2.0;True;pago;False;False;False;"R$ 2,50 por kWh das 05h00 às 00h59
R$ 1,89 por kWh de 01h00 às 04h59
Desconto para motoristas de aplicativo cadastrados";R$ 1,89/kWh de 01h00 às 04h59 e desconto para motoristas de aplicativo cadastrados.;True;24 horas;2026-09-21T12:55:42.774000+00:00;;2026-09-22T22:27:05.656870+00:00;https://carregados.com.br/estacoes/estacao-posto-sol-%26-g%C3%A1s-(coming-soon)-5026;True;False
carregados_rj_2026-09-22;9422;SolGás Eletric Porto do Carro;cabo frio;rio de janeiro (rj);Av. Wilson Mendes, 1200 - Porto do Carro, Cabo Frio - RJ, 28922-000, Brazil;-22.858234163532575;-42.037279632595926;Público;True;False;False;DC presente;PlugAki;gas_station;2;2;30.0;36.73;2.5;2.0;True;pago;False;False;False;"R$ 2,50 por kWh das 05h00 às 00h59
R$ 1,89 por kWh de 01h00 às 04h59
Desconto para motoristas de aplicativo cadastrados";R$ 1,89/kWh de 01h00 às 04h59 e desconto para motoristas de aplicativo cadastrados.;True;24 horas;2026-09-19T23:57:00.107000+00:00;;2026-09-22T22:27:33.275248+00:00;https://carregados.com.br/estacoes/estacao-solgas-eletric-porto-do-carro-9422;True;False
carregados_rj_2026-09-22;10447;SolGás Eletric Unamar;cabo frio;rio de janeiro (rj);Rod. Amaral Peixoto, 132 - Tamoios, Cabo Frio - RJ, Brazil;-22.65312905481772;-42.005088329315186;Público;True;False;False;DC presente;PlugAki;gas_station;2;2;30.0;31.93;2.5;2.0;True;pago;False;False;False;"R$ 2,50 por kWh das 05h00 às 00h59
R$ 1,89 por kWh de 01h00 às 04h59
Desconto para motoristas de aplicativo cadastrados";R$ 1,89/kWh de 01h00 às 04h59 e desconto para motoristas de aplicativo cadastrados.;True;24 horas;2026-09-20T00:21:53.083000+00:00;;2026-09-22T22:27:28.743410+00:00;https://carregados.com.br/estacoes/estacao-posto-solgas-eletric-unamar-cabo-frio-rj-10447;True;False
carregados_rj_2026-09-22;6269;Supermarket Unamar;cabo frio;rio de janeiro (rj);Av. Independência, 57 - Unamar, Cabo Frio - RJ, 28928-542, Brazil;-22.67948182150927;-42.00826473534107;Público;True;False;False;somente AC identificado;EZVolt;Store;3;3;7.0;5.0;2.07;1.0;True;pago;True;True;True;"R$ 2,00/kWh

R$ 1,00 conexão

R$ 0,80 por min de ociosidade ";;False;7:00 às 22:30;2026-09-20T21:46:22.858000+00:00;;2026-09-22T22:27:23.526314+00:00;https://carregados.com.br/estacoes/estacao-supermarket-tamoios-(coming-soon)-6269;True;False
carregados_rj_2026-09-22;7735;Bar Bye Bye Rio;campos dos goytacazes;rio de janeiro (rj);Av. Antônio Luiz da Silveira, 655 - KM 15, Campos dos Goytacazes - RJ, Brazil;-21.616487386352517;-41.31155155599117;Restrito;False;False;False;somente AC identificado;;point_of_interest;1;1;;;;;False;ausente;True;False;False;;;False;08:00 às 23:00h;2026-09-19T12:43:13.072000+00:00;;2026-09-22T22:29:15.622274+00:00;https://carregados.com.br/estacoes/estacao-bar-bye-bye-rio-7735;True;False
carregados_rj_2026-09-22;1139501;Bazar Do Fundão;campos dos goytacazes;rio de janeiro (rj);Av. Sen. Tarcisio Miranda, 341 - Parque Tarcisio Miranda, Campos dos Goytacazes - RJ, 28020-801, Brazil;-21.78556513123609;-41.30084685981274;Público;True;False;False;DC presente;WEMOB;point_of_interest;2;2;;45.12;2.5;0.0;True;pago;True;True;False;R$ 2,50;;False;;2026-09-22T11:45:29.298000+00:00;;2026-09-22T22:27:26.516714+00:00;https://carregados.com.br/estacoes/estacao-bazar-do-fundao-1139501;True;False
carregados_rj_2026-09-22;8298;Campos Volvo;campos dos goytacazes;rio de janeiro (rj);Estr. Santa Rosa, 351 - Parque Santa Clara, Campos dos Goytacazes - RJ, 28085-500, Brazil;-21.73854122895805;-41.31182480603456;Público;True;False;False;DC presente;EZVolt;Shopping Center;3;3;60.0;36.84;4.0;2.5;True;pago;True;True;False;"Abra os detalhes do carregador para ver os preços atualizados

Please open charger details to view up to date pricing";;False;;2026-09-20T10:13:57.644000+00:00;;2026-09-22T22:27:13.866875+00:00;https://carregados.com.br/estacoes/estacao-eletroposto-volvo-8298;True;False
carregados_rj_2026-09-22;2074291;Condomínio Parque Ipê;campos dos goytacazes;rio de janeiro (rj);Av. Dr. Arthur Bernardes, 1430 - Vila da Rainha, Campos dos Goytacazes - RJ, 28015-325, Brazil;-21.76814402683831;-41.29433642625939;Restrito;False;False;False;somente AC identificado;;;1;1;;;;;False;ausente;False;False;False;R$ 2,50Kw/h;;False;;2026-09-19T16:24:21.536000+00:00;;2026-09-22T22:29:30.108992+00:00;https://carregados.com.br/estacoes/estacao-condominio-parque-ipe-2074291;True;False
carregados_rj_2026-09-22;7729;Hotel Campos Plaza;campos dos goytacazes;rio de janeiro (rj);R. Carlos Drummond de Andrade, 110 - Parque Rodoviária, Campos dos Goytacazes - RJ, 28111-000, Brazil;-21.767138;-41.351972;Público;True;False;False;não classificado;;lodging;1;1;;;;;False;ausente;False;False;False;;;False;;2026-09-19T18:56:30.630000+00:00;;2026-09-22T22:28:55.300700+00:00;https://carregados.com.br/estacoes/estacao-hotel-campos-plaza-7729;True;False
carregados_rj_2026-09-22;9017;Hotel Doce Lar;campos dos goytacazes;rio de janeiro (rj);R. Espírito Santo, 380 - Caju, Campos dos Goytacazes - RJ, 28051-070, Brazil;-21.74956676247736;-41.33721861988307;Público;True;False;False;não classificado;WeCharge;lodging;1;1;;;;;False;ausente;False;False;False;40 reais para uso liberado;;False;;2026-09-19T13:54:53.688000+00:00;;2026-09-22T22:29:48.966931+00:00;https://carregados.com.br/estacoes/estacao-hotel-doce-lar-9017;True;False
carregados_rj_2026-09-22;5681;Humpback Convenience;campos dos goytacazes;rio de janeiro (rj);Av. Alberto Lamego, 507 - Parque California, Campos dos Goytacazes - RJ, 28016-811, Brazil;-21.76396401766067;-41.29143968224525;Público;True;False;False;DC presente;WEMOB;Store;2;3;;28.0;2.5;1.0;True;pago;True;True;False;R$ 2,50 (rápido) e R$ 2,00 (lentos) + R$ 1,00 de acesso. ;;False;;2026-09-22T11:45:29.082000+00:00;;2026-09-22T22:27:10.727197+00:00;https://carregados.com.br/estacoes/estacao-posto-grafitti-5681;True;False
carregados_rj_2026-09-22;4061;LCA Energia Solar;campos dos goytacazes;rio de janeiro (rj);R. Padre Romeu Pedruzzi, 55 - Parque Dom Bosco, Campos dos Goytacazes - RJ, 28030-140, Brazil;-21.761972431331376;-41.339107700200316;Restrito;False;False;False;somente AC identificado;;store;1;1;;;;;False;ausente;False;False;False;15 reais a hora;;False;"Segunda a quinta de 08h às 18h
Sexta de 08h às 17h";2026-09-19T10:55:15.787000+00:00;;2026-09-22T22:28:15.166049+00:00;https://carregados.com.br/estacoes/estacao-lca-energia-solar-4061;True;False
carregados_rj_2026-09-22;1325957;Now Charge;campos dos goytacazes;rio de janeiro (rj);BR-101, 4483 - Ibitioca, Campos dos Goytacazes - RJ, Brazil;-21.876413042059;-41.57530792057514;Público;True;True;False;DC presente;EZVolt;Gas Station;2;4;150.0;63.74;2.5;;False;pago;True;True;False;"Abra os detalhes do carregador para ver os preços atualizados

Please open charger details to view up to date pricing";;False;;2026-09-20T14:37:18.342000+00:00;;2026-09-22T22:27:06.492944+00:00;https://carregados.com.br/estacoes/estacao-now-charge-1325957;True;False
carregados_rj_2026-09-22;2073110;Oásis;campos dos goytacazes;rio de janeiro (rj);Rodovia BR 101, KM 80, S/N - Ibitioca, Campos dos Goytacazes - RJ, 28120-000, Brazil;-21.83538428864527;-41.43807001411915;Público;True;True;False;somente AC identificado;Intelbras;;2;2;;3.0;;;False;ausente;False;False;False;;;False;;2026-09-19T21:02:55.753000+00:00;;2026-09-22T22:27:58.085892+00:00;https://carregados.com.br/estacoes/estacao-oasis-2073110;True;False
carregados_rj_2026-09-22;2076612;Padaria Pão Da Vida;campos dos goytacazes;rio de janeiro (rj);R. Firmino Lopes, 14 - Nova Goitacazes, Campos dos Goytacazes - RJ, 28110-000, Brazil;-21.82597599003612;-41.28928194808876;Público;True;False;False;somente AC identificado;;;1;1;;7.0;;;False;ausente;True;False;False;R$2,00/kWh;;False;;2026-09-19T13:13:13.925000+00:00;;2026-09-22T22:29:00.894657+00:00;https://carregados.com.br/estacoes/estacao-padaria-pao-da-vida-2076612;True;False
carregados_rj_2026-09-22;728;Posto Líder 1;campos dos goytacazes;rio de janeiro (rj);Av. 15 de Novembro, 585 - Centro, Campos dos Goytacazes - RJ, 28035-100, Brazil;-21.74336897462562;-41.33503831923008;Público;True;False;False;DC presente;EZVolt;Gas Station;1;1;30.0;29.06;2.5;1.0;True;pago;True;True;True;"CCS2 - R$ 2,75/kWh
R$ 1,00 por conexão
R$ 2,00 por minuto de ociosidad";;False;24hs;2026-09-20T10:29:12.608000+00:00;;2026-09-22T22:25:43.101675+00:00;https://carregados.com.br/estacoes/estacao-petrobras---posto-l%C3%ADder-728?estado=rio+de+janeiro+%28rj%29;True;False
carregados_rj_2026-09-22;736;Posto Timbozao;campos dos goytacazes;rio de janeiro (rj);Rod. Governador Mário Covas, 4483 - Dores de Macabu, Campos dos Goytacazes - RJ, Brazil;-21.87690680895857;-41.5752998739481;Público;True;True;False;DC presente;NOW CHARGE;gas_station;4;4;;80.67;;2.0;True;ausente;True;False;False;;;False;24 horas;2026-09-19T19:26:09.661000+00:00;;2026-09-22T22:27:15.306695+00:00;https://carregados.com.br/estacoes/estacao-posto-timbozao-5-736;True;False
carregados_rj_2026-09-22;1461709;Prime Sol;campos dos goytacazes;rio de janeiro (rj);Av. Vinte e Oito de Março, 41 - Parque Tamandaré, Campos dos Goytacazes - RJ, 28020-740, Brazil;-21.7517123325301;-41.33761017016307;Público;True;False;False;DC presente;Tupinambá;Workplace;1;1;;38.33;2.49;;False;pago;True;True;False;2,49 ;;False;;2026-09-19T18:47:44.978000+00:00;;2026-09-22T22:27:18.414503+00:00;https://carregados.com.br/estacoes/estacao-prime-sol-1461709;True;False
carregados_rj_2026-09-22;5471;Royal;campos dos goytacazes;rio de janeiro (rj);R. Copenhage - Parque Juliao Nogueira, Campos dos Goytacazes - RJ, 28055, Brazil;-21.753626850525468;-41.35304767638445;Restrito;False;False;False;somente AC identificado;Enel X;park;1;1;;;1.5;;True;pago;False;False;False;1,50;;False;24 horas ;2026-09-19T02:35:37.441000+00:00;;2026-09-22T22:28:43.580257+00:00;https://carregados.com.br/estacoes/estacao-eletroposto-royal-5471;True;False
carregados_rj_2026-09-22;2074183;YEL Padaria Pontual;campos dos goytacazes;rio de janeiro (rj);R. Pedro Taváres, 20 - Parque Rosario, Campos dos Goytacazes - RJ, 28027-250, Brazil;-21.768524689685545;-41.32016580551863;Público;True;False;False;somente AC identificado;Tupinambá;;1;1;;4.0;2.0;2.0;False;pago;False;False;False;2.00 kWh + 1.50 desbloqueio;;True;;2026-09-19T21:23:47.513000+00:00;;2026-09-22T22:28:41.503616+00:00;https://carregados.com.br/estacoes/estacao-yel-padaria-pontual-2074183;True;False
carregados_rj_2026-09-22;747;Yatta Caoa Chery;campos dos goytacazes;rio de janeiro (rj);R. Campos Itaperuna, 1454 - Parque Aldeia, Campos dos Goytacazes - RJ, 28060-750, Brazil;-21.737923867162117;-41.33463507170696;Restrito;False;False;False;somente AC identificado;;car_dealer;1;1;;;;;False;ausente;False;False;False;;;False;08:00 as 18:00;2026-09-21T00:11:49.268000+00:00;;2026-09-22T22:28:25.730409+00:00;https://carregados.com.br/estacoes/estacao-yatta-caoa-chery-747;True;False
carregados_rj_2026-09-22;2074182;Hotel Fazenda Gamela Aeco Resort;cantagalo;rio de janeiro (rj);Km 20 - Cantagalo, RJ, 28500-000, Brazil;-21.91462902980921;-42.39075444638729;Restrito;False;False;False;não classificado;;;1;1;;2.0;0.0;;False;energia gratuita informada;False;False;False;;;False;;2026-09-19T23:46:38.408000+00:00;;2026-09-22T22:28:55.991073+00:00;https://carregados.com.br/estacoes/estacao-hotel-fazenda-gamela-aeco-resort-2074182;True;False
carregados_rj_2026-09-22;6858;Rancho Santo Antonio;carapebus;rio de janeiro (rj);"22° 9' 6.2233"" S 41° 44' 13.0834"" W";-22.1514196112494;-41.73559707874867;Público;True;True;False;somente AC identificado;WEMOB;point_of_interest;1;2;;;2.5;;True;pago;False;False;False;2.50;;False;;2026-09-19T18:41:05.758000+00:00;;2026-09-22T22:29:05.551695+00:00;https://carregados.com.br/estacoes/estacao-rancho-santo-antonio-6858;True;False
carregados_rj_2026-09-22;782991;Tomada 32A Pública;carapebus;rio de janeiro (rj);Av. Getúlio Vargas, 452 - Caxangá, Carapebus - RJ, 27998-000, Brazil;-22.18783712078345;-41.66137051817233;Público;True;False;False;não classificado;;point_of_interest;1;1;;;;;False;ausente;False;False;False;;;False;;2026-09-19T15:08:48.569000+00:00;;2026-09-22T22:29:09.423079+00:00;https://carregados.com.br/estacoes/estacao-tomada-32a-publica-782991;True;False
carregados_rj_2026-09-22;7731;Clínica Pró Coração;carmo;rio de janeiro (rj);R. Manoel Goulart, 273 - Carmo, RJ, 28640-000, Brazil;-21.933121342699536;-42.612102373659624;Restrito;False;False;False;não classificado;;point_of_interest;1;1;;;;;False;ausente;False;False;False;;;False;;2026-09-19T12:43:04.254000+00:00;;2026-09-22T22:29:20.676718+00:00;https://carregados.com.br/estacoes/estacao-cl%C3%ADnica-pr%C3%B3-cora%C3%A7%C3%A3o-7731;True;False
carregados_rj_2026-09-22;2075801;Lanchonete Route;casimiro de abreu;rio de janeiro (rj);BR-101, s/n - Lot. Pedro Ratts, Casimiro de Abreu - RJ, 28860-000, Brazil;-22.47478892225594;-42.187795602813345;Público;True;False;False;DC presente;WEMOB;Gas Station;2;2;;28.33;;;False;ausente;True;False;False;2.50;;False;;2026-09-20T00:26:24.584000+00:00;;2026-09-22T22:27:32.537999+00:00;https://carregados.com.br/estacoes/estacao-lanchonete-route-206-2075801;True;False
carregados_rj_2026-09-22;2076261;Pousada Peniel;casimiro de abreu;rio de janeiro (rj);Estrada Serramar, S/N, Casimiro De Abreu - RJ, Brasil;-22.3695091;-42.2091423;Restrito;False;False;False;somente AC identificado;;;1;1;;;;;False;ausente;False;False;False;;;False;;2026-09-20T02:54:59.660000+00:00;;2026-09-22T22:30:00.781531+00:00;https://carregados.com.br/estacoes/estacao-pousada-peniel-2076261;True;False
carregados_rj_2026-09-22;2076448;Frisoldas;cordeiro;rio de janeiro (rj);Rodovia Rj 116, 306, Cordeiro - RJ, Brasil;-22.014561139035237;-42.36885856837034;Público;True;False;False;somente AC identificado;;;1;1;;;;;False;ausente;False;False;False;;;False;;2026-09-19T18:04:27.896000+00:00;;2026-09-22T22:29:51.168548+00:00;https://carregados.com.br/estacoes/estacao-frisoldas-2076448;True;False
carregados_rj_2026-09-22;2073676;BYD Duque De Caxias;duque de caxias;rio de janeiro (rj);Rod. Washington Luiz, 1308 - Parque Duque, Duque de Caxias - RJ, 25085-009, Brazil;-22.80062688699355;-43.29073157159815;Público;True;False;False;DC presente;;;2;2;;56.4;2.5;;False;pago;False;False;False;;;True;;2026-09-19T19:54:31.828000+00:00;;2026-09-22T22:27:52.658043+00:00;https://carregados.com.br/estacoes/estacao-byd-duque-de-caxias-2073676;True;False
carregados_rj_2026-09-22;4328;Capri Hotel;duque de caxias;rio de janeiro (rj);Rod. Washington Luiz, 1400 - Parque Duque, Duque de Caxias - RJ, 25085-110, Brazil;-22.798586345287784;-43.28940668446886;Público;True;False;False;somente AC identificado;Power2Go;lodging;1;1;;;;;False;ausente;True;False;False;R$ 30 por hora;;False;00h - 00h;2026-09-19T11:04:16.634000+00:00;;2026-09-22T22:28:09.093495+00:00;https://carregados.com.br/estacoes/estacao-capri-hotel-4328;True;False
carregados_rj_2026-09-22;2074605;Carrefour;duque de caxias;rio de janeiro (rj);Av. Expedicionário José Amaro, 802 - Vila São Luis, Duque de Caxias - RJ, 25065-090, Brazil;-22.7682652330865;-43.28716268641248;Público;True;False;False;DC presente;ChargeOn;;1;1;;29.0;;;False;ausente;False;False;False;1,99 kw;;False;;2026-09-19T16:32:41.231000+00:00;;2026-09-22T22:28:19.017413+00:00;https://carregados.com.br/estacoes/estacao-carrefour-2074605;True;False
carregados_rj_2026-09-22;9582;EcoRioMinas - Arco Metropolitano (Duque De Caxias);duque de caxias;rio de janeiro (rj);Arco Metropolitano do Rio de Janeiro, 2689 - Santa Isabel, Duque de Caxias - RJ, 25237-010, Brazil;-22.66840440889192;-43.312288361449525;Público;True;False;False;somente AC identificado;;point_of_interest;1;1;;5.0;;;False;ausente;False;False;False;0800;;False;;2026-09-19T18:21:04.551000+00:00;;2026-09-22T22:27:50.048953+00:00;https://carregados.com.br/estacoes/estacao-ecoriominas-arco-metropolitano-duque-de-caxias-9582;True;False
carregados_rj_2026-09-22;2075152;JB Caxias;duque de caxias;rio de janeiro (rj);R. Onix Jd Sta Amelia, 8 - Figueira, Duque de Caxias - RJ, 25240-005, Brazil;-22.67850661835066;-43.2869600875669;Público;True;False;False;DC presente;Tupinambá;Gas Station;1;2;120.0;55.85;2.5;;False;pago;True;True;False;"Recarga: R$ 2,50 / KWh
Ociosidade: R$ 2,00 / min (tolerancia 15 minutos)";"Relato de 30/08/2026, trecho: “bom e banheiros limpos. Tem um cupom de desconto de 15% só solicitar ao pessoal do posto. Valor de R$ 2,50 kW”
Relato de 17/08/2026, trecho: “Bom eletroposto. Embora bem mais caro (2,50) que meu habitual, fica em.local seguro, com KFC.”";False;;2026-09-20T20:31:20.687000+00:00;;2026-09-22T22:27:35.582475+00:00;https://carregados.com.br/estacoes/estacao-jb-caxias-2075152;True;False
carregados_rj_2026-09-22;4291;Parrini Pneus;duque de caxias;rio de janeiro (rj);R. Maj. Correia de Melo, 258 - Jardim Vinte e Cinco de Agosto, Duque de Caxias - RJ, 25075-015, Brazil;-22.7938498;-43.30006909999999;Público;True;True;False;somente AC identificado;;park;1;2;;;;;False;ausente;False;False;False;30 reais a hora;;False;"8:00 as 18:00 
Segunda a sexta 

Sábado 8:00 as 12:00";2026-09-19T11:02:41.667000+00:00;;2026-09-22T22:29:01.863069+00:00;https://carregados.com.br/estacoes/estacao-parrini-pneus-4291;True;False
carregados_rj_2026-09-22;563470;Posto Lord Rodrigo;duque de caxias;rio de janeiro (rj);R. Voluntários da Pátria, 2 - Jardim Vinte e Cinco de Agosto, Duque de Caxias - RJ, 25075-030, Brazil;-22.79271444072408;-43.3039265294998;Público;True;False;False;DC presente;EZVolt;Gas Station;1;2;80.0;64.33;;;False;ausente;True;False;False;"Abra os detalhes do carregador para ver os preços atualizados

Please open charger details to view up to date pricing";;False;;2026-09-21T12:55:42.936000+00:00;;2026-09-22T22:27:28.761513+00:00;https://carregados.com.br/estacoes/estacao-posto-lord-rodrigo-recarga-ultra-rapida-563470;True;False
carregados_rj_2026-09-22;5583;Posto Renaza Rodhar;duque de caxias;rio de janeiro (rj);Rod. Washington Luiz, 10 - Santo Antônio, Duque de Caxias - RJ, 25085-009, Brazil;-22.630989458868278;-43.28625300097415;Público;True;True;False;somente AC identificado;Intelbras;gas_station;1;1;;;2.07;;True;pago;False;False;False;R$ 2,07 KW;;False;24 HS;2026-09-19T11:49:38.150000+00:00;;2026-09-22T22:27:38.543266+00:00;https://carregados.com.br/estacoes/estacao-posto-renaza-rodhar-5583;True;False
carregados_rj_2026-09-22;684532;Hotel Fazenda Galo Vermelho;engenheiro paulo de frontin;rio de janeiro (rj);Rj-121 19520, Engenheiro Paulo de Frontin - Rio de Janeiro, 26650-000, Brasil;-22.482613;-43.590527;Restrito;False;False;False;DC presente;Autocharge;;1;1;;;;;False;ausente;False;False;False;;;False;;2026-08-16T13:59:49.643000+00:00;;2026-09-22T22:29:51.200167+00:00;https://carregados.com.br/estacoes/estacao-hotel-fazenda-galo-vermelho-684532;True;False
carregados_rj_2026-09-22;10557;Base SAU - Eco Rio Minas;guapimirim;rio de janeiro (rj);BR-116, 5415 - Parque Santo Antonio, Guapimirim - RJ, 25940-000, Brazil;-22.53972315535422;-42.98698063665473;Público;True;False;False;somente AC identificado;;point_of_interest;1;1;;5.67;0.0;0.0;False;energia gratuita informada;True;False;False;;;False;;2026-09-20T15:36:54.753000+00:00;;2026-09-22T22:27:53.158331+00:00;https://carregados.com.br/estacoes/estacao-base-sau-eco-rio-minas-10557;True;False
carregados_rj_2026-09-22;2074603;MDM - Francis Guapi;guapimirim;rio de janeiro (rj);Av. Dedo de Deus, 1500 - Guapimirim, RJ, 25940-000, Brazil;-22.531161953000193;-42.98880197052188;Público;True;False;False;DC presente;;;1;1;;40.0;;;False;ausente;False;False;False;2,89;;False;;2026-09-20T16:47:00.075000+00:00;;2026-09-22T22:28:11.181034+00:00;https://carregados.com.br/estacoes/estacao-francis-guapi-2074603;True;False
carregados_rj_2026-09-22;4185;Posto BR - Parada Modelo;guapimirim;rio de janeiro (rj);R. Edgard Barbosa, 383 - Parque Santo Antonio, Guapimirim - RJ, 25940-000, Brazil;-22.54739142534752;-42.98678358491383;Público;True;False;False;somente AC identificado;;Gas Station;1;2;;22.0;3.0;;True;pago;True;True;True;R$2,50/kWh;;False;;2026-09-19T20:42:46.091000+00:00;;2026-09-22T22:27:33.976758+00:00;https://carregados.com.br/estacoes/estacao-posto-br-4185;True;False
carregados_rj_2026-09-22;2072255;Pousada Paraíso Guapi;guapimirim;rio de janeiro (rj);Estr. Júlio Santoro, 157 - Caneca Fina, Guapimirim - RJ, 25949-400, Brazil;-22.494780910265433;-42.955285012722015;Público;True;False;False;somente AC identificado;;;1;1;;7.0;;;False;ausente;False;False;False;2,10/kw;;False;;2026-09-19T20:46:09.752000+00:00;;2026-09-22T22:28:40.006481+00:00;https://carregados.com.br/estacoes/estacao-pousada-paraiso-guapi-2072255;True;False
carregados_rj_2026-09-22;8185;Valente's House;guapimirim;rio de janeiro (rj);R. Santa Tereza, 13 - Cotia, Guapimirim - RJ, 25940-000, Brazil;-22.519939400724102;-42.95975223183632;Restrito;False;False;False;somente AC identificado;;point_of_interest;1;1;;;1.8;;True;pago;False;False;False;1.80 per kw;;False;;2026-09-19T13:19:54.864000+00:00;;2026-09-22T22:30:19.096506+00:00;https://carregados.com.br/estacoes/estacao-valentes-house-8185;True;False
carregados_rj_2026-09-22;773;Amigão De Itaboraí;itaboraí;rio de janeiro (rj);Rod. Governador Mário Covas, 3170 - Picos, Itaboraí - RJ, 24800, Brazil;-22.74704634993351;-42.81204666942358;Público;True;False;False;DC presente;Shell Recharge;Gas Station;1;2;180.0;65.33;3.05;;True;pago;True;True;True;R$2,98/kWh;;False;;2026-09-22T13:07:28.710000+00:00;;2026-09-22T22:25:42.218576+00:00;https://carregados.com.br/estacoes/estacao-shell-773?estado=rio+de+janeiro+%28rj%29;True;False
carregados_rj_2026-09-22;4164;EcoRioMinas BSO 16 Itaboraí - RJ;itaboraí;rio de janeiro (rj);Rod. Raphael de Almeida Magalhães, 140 - Itambi, Itaboraí - RJ, Brazil;-22.721665277751868;-42.951495721936226;Público;True;False;False;somente AC identificado;;Other;1;1;;6.0;;;False;ausente;False;False;False;;;False;;2026-09-19T13:18:36.195000+00:00;;2026-09-22T22:27:42.130833+00:00;https://carregados.com.br/estacoes/estacao-ecoriominas-bso-16-itabora%C3%AD---rj-4164;True;False
carregados_rj_2026-09-22;6113;Estacionamento e Lava Jato Apolo;itaboraí;rio de janeiro (rj);R. Job Maia Salgado, 62 - Aldeia da Prata, Itaboraí - RJ, 24858-588, Brazil;-22.7814608;-42.9370266;Público;True;False;False;somente AC identificado;;car_wash;2;2;;;2.0;3.0;True;pago;False;False;False;R$3,00 para conectar + R$2,00 / KWh;;True;6:00 -  18:00;2026-09-19T12:02:06.950000+00:00;;2026-09-22T22:29:50.446183+00:00;https://carregados.com.br/estacoes/estacao-estacionamento-e-lava-jato-apolo-6113;True;False
carregados_rj_2026-09-22;2072534;Cebel;itaguaí;rio de janeiro (rj);Avenida Deputado Octávio Cabral 840, Itaguaí - Rio de Janeiro, 23810-302, Brasil;-22.86991746711855;-43.76730859129347;Restrito;False;False;False;somente AC identificado;WEMOB;;1;1;;;2.5;;False;pago;False;False;False;;;False;	 Segunda – Sexta: 05:00 às 23:00  Sábado: 08:00 às 17:00 Domingo: 08:00 às 14:00;2026-08-16T13:59:54.735000+00:00;;2026-09-22T22:29:19.281335+00:00;https://carregados.com.br/estacoes/estacao-cebel-carregador-carro-eltrico-2072534;True;False
carregados_rj_2026-09-22;9232;Juliano Home Center;itaguaí;rio de janeiro (rj);Rod. Rio-Santos, 403 - Engenho, Itaguaí - RJ, 23812-040, Brazil;-22.8523404098459;-43.76529235392809;Público;True;True;False;somente AC identificado;;point_of_interest;2;2;;;;;True;ausente;True;False;False;Grátis;;False;08:00 as 19:00;2026-09-19T14:01:27.113000+00:00;;2026-09-22T22:28:01.108115+00:00;https://carregados.com.br/estacoes/estacao-juliano-home-center-9232;True;False
carregados_rj_2026-09-22;8501;Shell Itaguai Eletriczen;itaguaí;rio de janeiro (rj);R. Pedro Segundo, 14 - Vila Ibirapitanga, Itaguaí - RJ, 23812-530, Brazil;-22.85615984973188;-43.76363456220955;Público;True;True;False;DC presente;EZVolt;Gas Station;2;3;120.0;59.25;2.8;5.0;True;pago;True;True;False;2,80 + taxa;;False;;2026-09-19T18:09:07.025000+00:00;;2026-09-22T22:27:14.641740+00:00;https://carregados.com.br/estacoes/estacao-shell-itaguai-8501;True;False
carregados_rj_2026-09-22;6566;Av Pres Franklin Roosevelt;itaperuna;rio de janeiro (rj);Av. Pres. Franklin Roosevelt, 650 - Pres. Costa e Silva, Itaperuna - RJ, 28300-000, Brazil;-21.195061841025566;-41.90518368398816;Público;True;False;False;somente AC identificado;WEMOB;Parking Garage/Lot;2;2;22.0;6.0;2.5;;True;pago;True;True;False;R$ 2,50 o kW, pagos via app WEMOB;;False;;2026-09-20T15:52:57.345000+00:00;;2026-09-22T22:27:25.764537+00:00;https://carregados.com.br/estacoes/estacao-eletrikamob-(coming-soon)-6566;True;False
carregados_rj_2026-09-22;2073313;Dom Atacadista - Itaperuna;itaperuna;rio de janeiro (rj);Av. Pres. Dutra, 1155 - Cidade Nova, Itaperuna - RJ, 28300-000, Brazil;-21.20117950439453;-41.90562438964844;Público;True;False;False;DC presente;Tupinambá;Store;2;4;60.0;42.11;2.5;;False;pago;True;True;False;R$2,50/kWh em ambos DC e AC;;False;;2026-09-19T19:48:58.494000+00:00;;2026-09-22T22:27:34.706648+00:00;https://carregados.com.br/estacoes/estacao-dom-atacadista-itaperuna-2073313;True;False
carregados_rj_2026-09-22;4027;INATIVO;itaperuna;rio de janeiro (rj);R. Pio Nascimento Soares, 15 - Gov. Roberto Silveira, Itaperuna - RJ, 28300-000, Brazil;-21.19240083477771;-41.90295081585646;Restrito;False;False;False;somente AC identificado;;poi;1;1;;;;;False;ausente;False;False;False;;;False;;2026-08-16T13:59:31.644000+00:00;;2026-09-22T22:29:52.716224+00:00;https://carregados.com.br/estacoes/estacao-inativo-4027;True;False
carregados_rj_2026-09-22;1630658;Posto Disco Itaperuna;itaperuna;rio de janeiro (rj);33,05 - BR-356, 158 - Pres. Costa e Silva, Itaperuna - RJ, 28300-000, Brazil;-21.19257761845748;-41.90644606949297;Público;True;False;False;DC presente;Spott;point_of_interest;1;1;;37.47;;;False;ausente;True;False;False;2,49;;False;;2026-09-19T18:53:02.909000+00:00;;2026-09-22T22:27:22.006881+00:00;https://carregados.com.br/estacoes/estacao-posto-disco-itaperuna-1630658;True;False
carregados_rj_2026-09-22;5248;Sport Car;itaperuna;rio de janeiro (rj);Av. Pres. Dutra, 497 - Cidade Nova, Itaperuna - RJ, 28300-000, Brazil;-21.201024705224295;-41.89732796999709;Restrito;False;False;False;somente AC identificado;;car_dealer;1;1;;;3.0;;False;pago;False;False;False;;;False;"7;30  as 6;";2026-09-19T11:36:01.308000+00:00;;2026-09-22T22:28:43.732320+00:00;https://carregados.com.br/estacoes/estacao-sport-car-5248;True;False
carregados_rj_2026-09-22;2074037;Aromas De Penedo Hotel;itatiaia;rio de janeiro (rj);Av. das Mangueiras, 2008 - Penedo, Itatiaia - RJ, 27580-000, Brazil;-22.43827201167867;-44.527548998594284;Restrito;False;False;False;somente AC identificado;;;2;2;;6.5;;;False;ausente;False;False;False;;;False;;2026-09-20T02:29:41.866000+00:00;;2026-09-22T22:28:18.137162+00:00;https://carregados.com.br/estacoes/estacao-aromas-de-penedo-hotel-2074037;True;False
carregados_rj_2026-09-22;2074036;Cervejaria Penélope;itatiaia;rio de janeiro (rj);R. Harry Bertel, 226 - Penedo, Itatiaia - RJ, 27580-000, Brazil;-22.437876587900625;-44.518852941691875;Restrito;False;False;False;somente AC identificado;;;2;2;;;;;False;ausente;False;False;False;$50 por período de 4h. Não fracionável.;;False;;2026-09-20T02:28:22.137000+00:00;;2026-09-22T22:28:45.876480+00:00;https://carregados.com.br/estacoes/estacao-cervejaria-penelope-2074036;True;False
carregados_rj_2026-09-22;2072148;Chalé Das Carpas;itatiaia;rio de janeiro (rj);R. Passeio Niteroi, 180 - Penedo, Itatiaia - RJ, 27580-000, Brazil;-22.433103;-44.5296826;Restrito;False;False;False;somente AC identificado;;;1;1;;;;;False;ausente;False;False;False;2 Reais o Kw;;False;;2026-09-19T15:54:27.066000+00:00;;2026-09-22T22:29:19.291423+00:00;https://carregados.com.br/estacoes/estacao-chale-das-carpas-2072148;True;False
carregados_rj_2026-09-22;9233;Graal Itatiaia;itatiaia;rio de janeiro (rj);Rod. Pres. Dutra, 315, Itatiaia - RJ, 27580-000, Brazil;-22.484460042181183;-44.54740211210682;Público;True;False;False;DC presente;Eletrograal;Restaurant;2;3;;48.54;2.59;2.0;True;pago;True;True;False;2,00 + 2,59 por kWh;;False;;2026-09-20T03:42:22.841000+00:00;;2026-09-22T22:27:07.850539+00:00;https://carregados.com.br/estacoes/estacao-graal-itatiaia-9233;True;False
carregados_rj_2026-09-22;2073975;Hotel Aromas De Penedo;itatiaia;rio de janeiro (rj);Avenida das Mangueiras 4, Itatiaia - Rio de Janeiro, 27580-000, Brasil;-22.436581;-44.531019;Restrito;False;False;False;não classificado;;;2;4;;;;;False;ausente;False;False;False;Gratuito;;False;24 horas;2026-08-16T13:59:56.970000+00:00;;2026-09-22T22:29:48.952145+00:00;https://carregados.com.br/estacoes/estacao-hotel-aromas-de-penedo-2073975;True;False
carregados_rj_2026-09-22;1657235;Hotel Do Papai Noel;itatiaia;rio de janeiro (rj);Av. Penedo, 640 - Penedo, Itatiaia - RJ, 27580-000, Brazil;-22.44375103253476;-44.524707020809416;Restrito;False;False;False;somente AC identificado;;point_of_interest;1;1;;;;;False;ausente;False;False;False;Gratuito para hospedes;;False;;2026-09-19T15:43:40.880000+00:00;;2026-09-22T22:28:55.417944+00:00;https://carregados.com.br/estacoes/estacao-hotel-do-papai-noel-1657235;True;False
carregados_rj_2026-09-22;1110;Hotel Titanic;itatiaia;rio de janeiro (rj);Avenida Nova Penedo, sem número - Nova Penedo, Itatiaia - RJ, 27580-000, Brazil;-22.44353206305461;-44.51694911140277;Restrito;False;False;False;somente AC identificado;;lodging;1;2;;6.0;5.0;0.0;True;pago;False;False;False;;;False;;2026-09-19T09:18:51.363000+00:00;;2026-09-22T22:30:41.891078+00:00;https://carregados.com.br/estacoes/estacao-hotel-titanic-1110;True;False
carregados_rj_2026-09-22;8647;Itatiaia Resort;itatiaia;rio de janeiro (rj);Rodovia Presidente Estrada Fazenda Campo Belo, Itatiaia - RJ, Brasil;-22.449391629776112;-44.556924348915814;Restrito;False;False;False;não classificado;;lodging;1;1;;;;;False;ausente;False;False;False;;;False;;2026-09-19T20:25:03.207000+00:00;;2026-09-22T22:28:57.325071+00:00;https://carregados.com.br/estacoes/estacao-itatiaia-resort-8647;True;False
carregados_rj_2026-09-22;1109;Le Garden Pousada Boutique;itatiaia;rio de janeiro (rj);Tv. Dr. Alberto Saade, 89 - Penedo, Itatiaia - RJ, 27580-000, Brazil;-22.44123207614033;-44.51896861195564;Restrito;False;False;False;somente AC identificado;Enel X;lodging;1;1;;;;;True;ausente;False;False;False;Gratuito;;False;24 horas para hóspedes ;2026-09-21T00:16:51.512000+00:00;;2026-09-22T22:28:10.695696+00:00;https://carregados.com.br/estacoes/estacao-le-garden-pousada-boutique-1109;True;False
carregados_rj_2026-09-22;563458;Lugano;itatiaia;rio de janeiro (rj);Av. das Mangueiras, 1563 - Penedo, Itatiaia - RJ, 27580-000, Brazil;-22.43952273615718;-44.52473110903743;Público;True;False;False;somente AC identificado;;point_of_interest;1;1;;;;;False;ausente;True;False;False;Consumação mínima na loja de R$ 80 ;;False;;2026-09-19T20:53:45+00:00;;2026-09-22T22:28:22.735084+00:00;https://carregados.com.br/estacoes/estacao-lugano-563458;True;False
carregados_rj_2026-09-22;4468;Pousada Do Lago (Penedo);itatiaia;rio de janeiro (rj);Av. das Mangueiras, 200 - Penedo, Itatiaia - RJ, 27580-000, Brazil;-22.440959376025436;-44.522592946887016;Restrito;False;True;False;somente AC identificado;;lodging;1;1;;;;;False;ausente;False;False;False;;;False;;2026-09-19T11:09:40.233000+00:00;;2026-09-22T22:28:40.006873+00:00;https://carregados.com.br/estacoes/estacao-pousada-do-lago-(penedo)-4468;True;False
carregados_rj_2026-09-22;8709;Pousada Recanto De Moriá;itatiaia;rio de janeiro (rj);Estr. do Córrego Frio, 356 - Penedo, Itatiaia - RJ, 27580-000, Brazil;-22.423599671312182;-44.53275918960571;Público;True;False;False;não classificado;;lodging;1;1;;;;;False;ausente;False;False;False;A princípio gratuito. É preciso veriificar na recepção.;;False;;2026-09-19T13:41:14.013000+00:00;;2026-09-22T22:28:27.096743+00:00;https://carregados.com.br/estacoes/estacao-pousada-recanto-de-moria-8709;True;False
carregados_rj_2026-09-22;2076218;Pousada Serra da ÍndIa;itatiaia;rio de janeiro (rj);Estr. Pousada da Índia, 707 - Penedo, Itatiaia - RJ, 27580-000, Brazil;-22.428902706324823;-44.54515736550093;Restrito;False;False;False;somente AC identificado;;;1;1;;7.0;;;False;ausente;False;False;False;;;False;;2026-09-20T10:10:19.451000+00:00;;2026-09-22T22:29:04.266667+00:00;https://carregados.com.br/estacoes/estacao-pousada-serra-da-india-2076218;True;False
carregados_rj_2026-09-22;4894;Restaurante Querencia;itatiaia;rio de janeiro (rj);R. Palmeiras, 70-126 - Penedo, Itatiaia - RJ, 27580-000, Brazil;-22.435734276321124;-44.53079078346491;Restrito;False;False;False;somente AC identificado;Autocharge;restaurant;1;1;;6.0;;;False;ausente;False;False;False;Para consumidores;;False;Durante o funcionamento do restaurante ;2026-09-19T11:23:40.220000+00:00;;2026-09-22T22:27:42.856989+00:00;https://carregados.com.br/estacoes/estacao-restaurante-querencia-4894;True;False
carregados_rj_2026-09-22;889;Spa Rituali;itatiaia;rio de janeiro (rj);Ac. A, 310 - Penedo, Itatiaia - RJ, 27580-000, Brazil;-22.433799090005866;-44.51972218950842;Público;True;False;False;somente AC identificado;;point_of_interest;1;1;;;1.8;;False;pago;False;False;False;;;True;;2026-09-21T00:14:22.296000+00:00;;2026-09-22T22:28:28.187277+00:00;https://carregados.com.br/estacoes/estacao-spa-rituali-889;True;False
carregados_rj_2026-09-22;8564;Vert Hotel Spa;itatiaia;rio de janeiro (rj);R. do Lago, 62 - Penedo, Itatiaia - RJ, 27800-000, Brazil;-22.440053896374668;-44.522668973080116;Restrito;False;False;False;somente AC identificado;;parking;2;2;;7.0;0.0;0.0;True;energia gratuita informada;False;False;False;;;False;;2026-09-19T13:35:39.947000+00:00;;2026-09-22T22:28:28.557296+00:00;https://carregados.com.br/estacoes/estacao-vert-hotel-spa-8564;True;False
carregados_rj_2026-09-22;771;Br2w;macaé;rio de janeiro (rj);Rua Lady Esteves da Conceição, 680 - Vale Encantado, Macaé - RJ, 27933-420, Brazil;-22.381481;-41.823597;Público;True;False;False;somente AC identificado;;car_dealer;1;1;;;;;False;ausente;False;False;False;;;False;;2026-09-20T11:28:46.203000+00:00;;2026-09-22T22:28:42.914150+00:00;https://carregados.com.br/estacoes/estacao-carregador-br2w-(coming-soon)-771;True;True
carregados_rj_2026-09-22;2077125;ChargeOn - Atacadão - Macaé;macaé;rio de janeiro (rj);RJ-106, 106 - São José do Barreto, Macaé - RJ, 27971-130, Brazil;-22.334850160200062;-41.74039309149216;Público;True;False;False;somente AC identificado;ChargeOn;;2;2;;;;;False;ausente;False;False;False;;;False;;2026-09-20T04:42:33.843000+00:00;;2026-09-22T22:29:20.000484+00:00;https://carregados.com.br/estacoes/estacao-chargeon-atacadao-macae-2077125;True;False
carregados_rj_2026-09-22;1325958;Cidade Universitária;macaé;rio de janeiro (rj);Polo Universitário Macaé - R. Aloísio da Silva Gomes, 50 - Granja dos Cavaleiros, Macaé - RJ, 27930-560, Brazil;-22.39016614767487;-41.8057831004262;Público;True;False;False;somente AC identificado;;point_of_interest;1;1;;;;;False;ausente;False;False;False;;;False;;2026-09-19T15:33:25.373000+00:00;;2026-09-22T22:28:01.092704+00:00;https://carregados.com.br/estacoes/estacao-cidade-universitaria-1325958;True;False
carregados_rj_2026-09-22;2074608;Colégio Castelo;macaé;rio de janeiro (rj);R. Rafael Francisco de Almeida, 18 - Miramar, Macaé - RJ, 27936-230, Brazil;-22.380418322591275;-41.7870790958812;Restrito;False;False;False;somente AC identificado;WEMOB;;1;1;;;;;False;ausente;True;False;False;1.90;;False;;2026-09-19T16:32:42.180000+00:00;;2026-09-22T22:29:20.688322+00:00;https://carregados.com.br/estacoes/estacao-shop-go-colegio-castelo-macae-rj-2074608;True;False
carregados_rj_2026-09-22;10679;Condomínio Mistral;macaé;rio de janeiro (rj);Al. Raimundo Correia, 303 - Novo Cavaleiros, Macaé - RJ, 27933-140, Brazil;-22.401273974542043;-41.80458213121338;Restrito;False;False;False;somente AC identificado;WEMOB;point_of_interest;1;1;;;;;False;ausente;False;False;False;;;False;;2026-09-20T04:12:12.255000+00:00;;2026-09-22T22:29:29.374804+00:00;https://carregados.com.br/estacoes/estacao-condominio-mistral-shopsolar-10679;True;False
carregados_rj_2026-09-22;2075262;Durval Macaé RJ;macaé;rio de janeiro (rj);R. Min. Salgado Filho, 91 - Cavaleiros, Macaé - RJ, 27920-210, Brazil;-22.40458305225085;-41.79886040584122;Público;True;False;False;somente AC identificado;Tupinambá;;1;1;;;;;False;ausente;True;False;False;1.90;;False;;2026-09-20T12:18:28.698000+00:00;;2026-09-22T22:29:34.712106+00:00;https://carregados.com.br/estacoes/estacao-shop-go-durval-macae-rj-2075262;True;False
carregados_rj_2026-09-22;2074952;Eletro Sossai;macaé;rio de janeiro (rj);Avenida Aluízio da Silva Gomes 112, Glória, Macaé - Rio de Janeiro, 27930-560, Brasil;-22.392885093845734;-41.81510467255748;Público;True;True;False;somente AC identificado;;;1;2;;;;;False;ausente;False;False;False;;;False;;2026-08-16T13:59:58.577000+00:00;;2026-09-22T22:29:45.269924+00:00;https://carregados.com.br/estacoes/estacao-eletro-sossai-2074952;True;False
carregados_rj_2026-09-22;5721;Farol Do Marceneiro;macaé;rio de janeiro (rj);R. Francisco Drumond Sobrinho, 15 - Sol e Mar, Macaé - RJ, 27915-280, Brazil;-22.388703795450006;-41.78180477481777;Público;True;False;False;somente AC identificado;;tourist_attraction;1;1;;;;;True;ausente;False;False;False;Grátis para clientes em compras;;False;8 as 18;2026-09-19T11:53:06.737000+00:00;;2026-09-22T22:28:32.809236+00:00;https://carregados.com.br/estacoes/estacao-farol-do-marceneiro-5721;True;False
carregados_rj_2026-09-22;356435;GW Líder;macaé;rio de janeiro (rj);Rua Iracema - R. Lelita Sales Pessanha, 141B - Botafogo, Macaé - RJ, 27947-660, Brazil;-22.36075528207878;-41.799635447310315;Público;True;False;False;DC presente;;point_of_interest;2;3;;25.0;;;False;ausente;False;False;False;;;False;8 as 19;2026-09-19T14:55:39.578000+00:00;;2026-09-22T22:28:14.330515+00:00;https://carregados.com.br/estacoes/estacao-gw-lider-356435;True;False
carregados_rj_2026-09-22;2073535;Hotel Paradiso Macaé;macaé;rio de janeiro (rj);Av. Atlântica, 1068 - Praia Campista, Macaé - RJ, 27920-325, Brazil;-22.3973236;-41.78741610000001;Restrito;False;False;False;somente AC identificado;Intelbras;;1;1;;6.5;2.1;0.0;False;pago;True;True;False;1 kW - R$ 2,10 (Uso exclusivo para hóspedes);;False;24 hrs (7 dias da semana);2026-09-19T16:20:44.555000+00:00;;2026-09-22T22:28:33.592757+00:00;https://carregados.com.br/estacoes/estacao-hotel-paradiso-macae-2073535;True;False
carregados_rj_2026-09-22;830;Nissan Seijin;macaé;rio de janeiro (rj);Av. Lacerda Agostinho, 300 Lote Area Denominada C7 - Estr. Linha Azul - Botafogo, Macaé - RJ, 27970-020, Brazil;-22.358352661132812;-41.79713821411133;Restrito;False;False;False;somente AC identificado;;Dealership;1;1;;;;;False;ausente;False;False;False;"Fora de operação.

out of operation";;False;"Fora de operação 

out of operation";2026-09-19T21:37:44.067000+00:00;;2026-09-22T22:28:02.549099+00:00;https://carregados.com.br/estacoes/estacao-nissan-seijin-830;True;False
carregados_rj_2026-09-22;10163;POSTO Shell Cancela Preta;macaé;rio de janeiro (rj);Estr. da Cancela Preta, 60 - Riviera Fluminense, Macaé - RJ, 27937-050, Brazil;-22.3982315974856;-41.79198464165445;Público;True;False;False;DC presente;EZVolt;Gas Station;1;2;60.0;43.89;2.5;;True;pago;True;True;False;"Abra os detalhes do carregador para ver os preços atualizados

Please open charger details to view up to date pricing";;False;;2026-09-20T01:36:36.252000+00:00;;2026-09-22T22:27:17.761280+00:00;https://carregados.com.br/estacoes/estacao-posto-shell-cancela-preta-10163;True;False
carregados_rj_2026-09-22;10674;Plaft Zoom ( Shopsolar);macaé;rio de janeiro (rj);R. Vinicios De Moraes, 455 - Novo Cavaleiros, Macaé - RJ, 27930-250, Brazil;-22.40087809526487;-41.80506198280334;Público;True;False;False;somente AC identificado;WEMOB;point_of_interest;2;2;;15.0;1.9;;True;pago;True;True;False;R$ 1.90;;False;;2026-09-19T14:44:00.575000+00:00;;2026-09-22T22:28:39.239258+00:00;https://carregados.com.br/estacoes/estacao-plaft-zoom-shopsolar-10674;True;False
carregados_rj_2026-09-22;802;Posto Alessandra Timbozão;macaé;rio de janeiro (rj);Rodovia BR-101, Km 154 - Segundo - Macaé, RJ, Brazil;-22.25664520263672;-41.83445739746094;Público;True;True;False;somente AC identificado;WEMOB;gas_station;1;2;;23.0;2.0;;False;pago;True;True;False;"2,00 ou cashback em consumo com alimentação no posto.

 CARREGADOR EM INSTALAÇÃO ";;False;;2026-09-20T11:31:00.637000+00:00;;2026-09-22T22:27:16.036702+00:00;https://carregados.com.br/estacoes/estacao-posto-alessandratimboz%C3%A3o-5-802;True;False
carregados_rj_2026-09-22;1566920;Posto Petrobras;macaé;rio de janeiro (rj);R. Dr. Télio Barreto, 1074 - Centro, Macaé - RJ, 27910-060, Brazil;-22.368857319944656;-41.78769179147184;Público;True;False;False;DC presente;EZVolt;Gas Station;1;1;40.0;39.0;;0.0;False;ausente;True;False;False;2,50, desconto para motoristas app;;False;;2026-09-19T09:44:52.050000+00:00;;2026-09-22T22:27:51.363083+00:00;https://carregados.com.br/estacoes/estacao-posto-petrobras-1566920;True;False
carregados_rj_2026-09-22;2076433;Posto Raiz;macaé;rio de janeiro (rj);R. Dona Maria Reid, 1170 - Glória, Macaé - RJ, 27937-030, Brazil;-22.399805479829205;-41.7973834834671;Público;True;False;False;DC presente;EZVolt;Gas Station;1;2;60.0;45.33;2.5;;False;pago;True;True;False;"Valor do kWh: R$ 2,50
Taxa de ociosidade: R$ 1,00 por minuto após o término da recarga
Tolerância de ociosidade: 15 minutos
Funcionamento: 06h00 às 22h30";;False;;2026-09-19T18:19:35.182000+00:00;;2026-09-22T22:28:25.038234+00:00;https://carregados.com.br/estacoes/estacao-posto-raiz-2076433;True;False
carregados_rj_2026-09-22;10162;Posto Shell;macaé;rio de janeiro (rj);Rod. Amaral Peixoto, 16403 - Imboassica, Macaé - RJ, 27973-030, Brazil;-22.40668197403001;-41.85505025088787;Público;True;False;False;DC presente;EZVolt;Gas Station;1;2;60.0;37.33;2.5;;True;pago;True;True;False;"Abra os detalhes do carregador para ver os preços atualizados

Please open charger details to view up to date pricing";;False;;2026-09-19T21:09:55.757000+00:00;;2026-09-22T22:27:35.579985+00:00;https://carregados.com.br/estacoes/estacao-posto-shell-10162;True;False
carregados_rj_2026-09-22;4053;Shop Solar Brasil;macaé;rio de janeiro (rj);R. Teixeira de Gouvéa, 1487 - Cajueiros, Macaé - RJ, 27910-110, Brazil;-22.38173713325268;-41.77732869982719;Público;True;False;False;DC presente;WEMOB;Workplace;2;2;;27.67;2.5;2.5;False;pago;True;True;True;1.90/kWh;;False;24 horas;2026-09-19T20:58:37.545000+00:00;;2026-09-22T22:27:31.044340+00:00;https://carregados.com.br/estacoes/estacao-shop-solar-brasil-4053;True;False
carregados_rj_2026-09-22;663901;Supermarket Macaé;macaé;rio de janeiro (rj);Av. Aluizio da Silva Gomes, 787 - Glória, Macaé - RJ, 27930-560, Brazil;-22.391107;-41.808895;Público;True;False;False;somente AC identificado;EZVolt;Store;3;3;7.0;6.5;2.0;1.0;True;pago;True;True;False;2,50+1,90kwh;;False;;2026-09-19T20:57:00.739000+00:00;;2026-09-22T22:27:37.149869+00:00;https://carregados.com.br/estacoes/estacao-supermarket-macae-663901;True;False
carregados_rj_2026-09-22;6262;Taeco Tintas;macaé;rio de janeiro (rj);Av. Carlos Augusto T. Garcia, 1450 - Sol e Mar, Macaé - RJ, 27937-590, Brazil;-22.39028161999817;-41.78314979077263;Público;True;False;False;somente AC identificado;WEMOB;store;1;1;;;2.5;;True;pago;True;True;False;1.90;;False;24x7;2026-09-19T12:07:43.768000+00:00;;2026-09-22T22:30:17.465734+00:00;https://carregados.com.br/estacoes/estacao-taeco-tintas-6262;True;False
carregados_rj_2026-09-22;7271;Trevo Litoral - Rede Abreu;macaé;rio de janeiro (rj);RJ-168, 1178 - Botafogo, Macaé - RJ, 27901-970, Brazil;-22.36154182094097;-41.80016186088324;Público;True;False;False;DC presente;RJ Eletropostos;Gas Station;1;3;150.0;72.53;2.5;0.0;True;pago;True;True;False;R$ 2,50, desconto para motorista app;;False;24h;2026-09-21T00:35:48.696000+00:00;;2026-09-22T22:27:11.493877+00:00;https://carregados.com.br/estacoes/estacao-posto-shell-trevo-litoral-(coming-soon)-7271;True;False
carregados_rj_2026-09-22;7790;Embaúba Boutique Hotel;magé;rio de janeiro (rj);Estrada de Andradas, 1.300. Andradas/Providencia. Teresópolis. RJ;-22.506503;-43.028375;Restrito;False;False;False;não classificado;;lodging;1;1;;;;;False;ausente;False;False;False;;;False;;2026-09-20T01:23:42.832000+00:00;;2026-09-22T22:29:49.717142+00:00;https://carregados.com.br/estacoes/estacao-emba%C3%BAba-boutique-hotel-7790;True;False
carregados_rj_2026-09-22;4049;Posto Renaza Magé;magé;rio de janeiro (rj);Rod. Santos Dumont, 4419 - Santa Dalila, Magé - RJ, 25907-000, Brazil;-22.65314328771093;-43.14813852310181;Público;True;False;False;somente AC identificado;;gas_station;1;1;;5.5;2.07;;True;pago;False;False;False;2,07;;True;;2026-09-19T21:18:50.057000+00:00;;2026-09-22T22:27:39.260873+00:00;https://carregados.com.br/estacoes/estacao-posto-renaza-mage-4049;True;False
carregados_rj_2026-09-22;5045;Premag;magé;rio de janeiro (rj);Rod. Br 116 Rio Teresopolis, 15152 - Parque Santa Filomena, Magé - RJ, 25937-500, Brazil;-22.589631039473492;-43.01897406578064;Restrito;False;False;False;somente AC identificado;;gas_station;1;1;;;;;False;ausente;False;False;False;;;False;Comercial ;2026-09-19T11:30:22.028000+00:00;;2026-09-22T22:30:02.205299+00:00;https://carregados.com.br/estacoes/estacao-premag-5045;True;False
carregados_rj_2026-09-22;7788;Sítio Da Promessa;magé;rio de janeiro (rj);R. Saquarema, 670 - Centro, Magé - RJ, 25914-000, Brazil;-22.573418799585035;-43.06294378071679;Restrito;False;False;False;não classificado;;point_of_interest;1;1;;;;;False;ausente;False;False;False;;;False;;2026-09-19T12:46:25.674000+00:00;;2026-09-22T22:30:17.024423+00:00;https://carregados.com.br/estacoes/estacao-s%C3%ADtio-da-promessa-7788;True;False
carregados_rj_2026-09-22;4101;BMW - Resort Portobello;mangaratiba;rio de janeiro (rj);Rodovia Governador Mário Covas - Marina, Mangaratiba - RJ, 23860-000, Brazil;-22.9501169;-44.0744582;Restrito;False;True;False;somente AC identificado;;car_dealer;1;1;;;;;False;ausente;False;False;False;;;False;;2026-09-19T20:32:23.411000+00:00;;2026-09-22T22:28:26.890098+00:00;https://carregados.com.br/estacoes/estacao-bmw---resort-portobello-4101;True;False
carregados_rj_2026-09-22;787;BR Marinas Itacuruçá;mangaratiba;rio de janeiro (rj);Alameda Bons Ventos, S/N - Itacuruçá, Mangaratiba - RJ, 23860-000, Brazil;-22.925277;-43.898885;Público;True;False;False;somente AC identificado;EZVolt;Marina;1;1;7.0;;2.0;1.0;False;pago;True;True;False;"Abra os detalhes do carregador para ver os preços atualizados

Please open charger details to view up to date pricing";;False;;2026-09-19T09:01:39.137000+00:00;;2026-09-22T22:27:54.685437+00:00;https://carregados.com.br/estacoes/estacao-br-marinas-itacuru%C3%A7%C3%A1-787;True;False
carregados_rj_2026-09-22;9108;Hotel Portobello;mangaratiba;rio de janeiro (rj);R. Humberto Teixeira, 3697 - Marina, Mangaratiba - RJ, 23860-000, Brazil;-22.950843988219113;-44.073603833302556;Público;True;False;False;DC presente;;lodging;1;1;;;;;False;ausente;False;False;False;;;False;;2026-09-19T13:58:00.026000+00:00;;2026-09-22T22:28:01.821131+00:00;https://carregados.com.br/estacoes/estacao-hotel-portobello-9108;True;False
carregados_rj_2026-09-22;5689;Krek;mangaratiba;rio de janeiro (rj);R. Rio de Janeiro, 204 - Vila Muriqui, Mangaratiba - RJ, 23860-000, Brazil;-22.924921447061767;-43.948264473495236;Restrito;False;False;False;somente AC identificado;;park;1;1;;;2.0;;True;pago;False;False;False;R$2,00 por KW/H ;;False;;2026-09-19T20:21:06.130000+00:00;;2026-09-22T22:28:57.466568+00:00;https://carregados.com.br/estacoes/estacao-esta%C3%A7%C3%A3o-krek-5689;True;False
carregados_rj_2026-09-22;4260;Porsche - Estacionamento Portobello Resorts;mangaratiba;rio de janeiro (rj);R. Humberto Teixeira, 26 - Marina, Mangaratiba - RJ, 23860-000, Brazil;-22.95055473203485;-44.071370624005795;Restrito;False;False;False;somente AC identificado;;lodging;2;2;;;;;True;ausente;True;False;False;Free;;False;;2026-09-19T20:02:43.262000+00:00;;2026-09-22T22:29:02.769080+00:00;https://carregados.com.br/estacoes/estacao-porsche---estacionamento-portobello-resorts-4260;True;False
carregados_rj_2026-09-22;9234;Shop Solar - Sahy;mangaratiba;rio de janeiro (rj);SHOPPING SAHY, Shopping Sahy Village - Rod. Rio-Santos, Km 38 - Sahy, Mangaratiba - RJ, 23860-000, Brazil;-22.9345459;-43.9974953;Público;True;False;False;DC presente;WEMOB;point_of_interest;1;1;;29.39;2.57;30.0;True;pago;True;True;False;2,50;;False;;2026-09-20T17:46:04.481000+00:00;;2026-09-22T22:27:16.817795+00:00;https://carregados.com.br/estacoes/estacao-shop-solar-eletropostos-sahy-9234;True;False
carregados_rj_2026-09-22;5895;Aeroporto De Maricá;maricá;rio de janeiro (rj);Aeroporto Municipal de Maricá - R. Jovino Duarte de Oliveira, S/N - Centro, Maricá - RJ, 24901-130, Brazil;-22.92080232200196;-42.82863618077911;Público;True;True;False;somente AC identificado;;Airport;1;1;;;;;False;ausente;True;False;False;;;False;;2026-09-20T04:14:43.345000+00:00;;2026-09-22T22:27:44.337806+00:00;https://carregados.com.br/estacoes/estacao-aeroporto-de-maric%C3%A1-5895;True;False
carregados_rj_2026-09-22;2072149;Amoedo Maricá;maricá;rio de janeiro (rj);Rodovia Amaral Peixoto Próximo Ao 2704 - Inoã, Maricá - RJ, 24942-395, Brazil;-22.9357764;-42.9098203;Público;True;False;False;somente AC identificado;;;2;2;;5.43;0.0;0.0;False;energia gratuita informada;False;False;False;GRATIS- NÃO REQUER APLICATIVO - APENAS PARA CLIENTES AMOEDO.;;False;;2026-09-20T18:33:19.114000+00:00;;2026-09-22T22:27:46.528448+00:00;https://carregados.com.br/estacoes/estacao-amoedo-marica-2072149;True;False
carregados_rj_2026-09-22;1325946;Mirante Vista Nobre;maricá;rio de janeiro (rj);R. 03, 5 - Caxito, Maricá - RJ, 24910-520, Brazil;-22.88552081329842;-42.82267089933157;Público;True;False;False;somente AC identificado;Plug Charge Eletromobilidade;lodging;1;1;;;;;False;ausente;True;False;False;30,00;;False;;2026-09-19T15:33:24.446000+00:00;;2026-09-22T22:28:59.113409+00:00;https://carregados.com.br/estacoes/estacao-mirante-vista-nobre-1325946;True;False
carregados_rj_2026-09-22;663894;Rede Economia Em Construção;maricá;rio de janeiro (rj);Av. Carlos Marighella, 3316 - Inoã, Maricá - RJ, 24936-435, Brazil;-22.910879091024448;-42.9457688704133;Público;True;False;False;DC presente;EZVolt;Parking Garage/Lot;2;3;60.0;;;;False;ausente;True;False;False;"Abra los detalles del cargador para ver los precios actualizados

Please open charger details to view up to date pricing";;False;;2026-09-19T20:19:37.248000+00:00;;2026-09-22T22:29:07.118359+00:00;https://carregados.com.br/estacoes/estacao-rede-economia-em-construcao-663894;True;True
carregados_rj_2026-09-22;625497;Shop Solar O Queijão;maricá;rio de janeiro (rj);Rod. Amaral Peixoto, 109 - Itaipuaçu, Maricá - RJ, 24942-395, Brazil;-22.9330133;-42.9169612;Público;True;False;False;DC presente;WEMOB;Gas Station;2;2;;28.0;2.5;;False;pago;True;True;False;R$ 1,90 kWh;;False;;2026-09-19T15:40:38.248000+00:00;;2026-09-22T22:27:41.423260+00:00;https://carregados.com.br/estacoes/estacao-shop-solar-eletropostos-o-queijao-625497;True;False
carregados_rj_2026-09-22;2075551;Ipiranga;mendes;rio de janeiro (rj);RJ-127, 30710 - Santa Rita, Mendes - RJ, 26700-000, Brazil;-22.51901159065565;-43.74220283129036;Público;True;False;False;DC presente;Tupinambá;Gas Station;1;1;;38.3;;;False;ausente;True;False;False;R$ 2,50/kWh;;False;;2026-09-20T22:03:27.023000+00:00;;2026-09-22T22:27:50.693372+00:00;https://carregados.com.br/estacoes/estacao-ipiranga-2075551;True;False
carregados_rj_2026-09-22;2073753;PowerPlug EV - 40kW (Mendes RJ);mendes;rio de janeiro (rj);Rj-127 30673, Mendes - Rio de Janeiro, 26700-000, Brasil;-22.51919724944338;-43.742053817673764;Público;True;False;False;DC presente;Spott;;1;1;;40.0;2.5;0.0;False;pago;False;False;False;;;True;domingo a domingo de 06:00 as 00:00;2026-09-20T00:25:41.618000+00:00;;2026-09-22T22:29:05.175945+00:00;https://carregados.com.br/estacoes/estacao-powerplug-ev-carregador-rapido-40kw-mendes-rj-2073753;True;False
carregados_rj_2026-09-22;2076018;Cherin Bão;miguel pereira;rio de janeiro (rj);Av. Pres. John Kenedy, 56 - Alto da Boa Vista, Miguel Pereira - RJ, 26900-000, Brazil;-22.45503186116556;-43.46908025443554;Público;True;False;False;somente AC identificado;;;1;1;;1.0;;;False;ausente;False;False;False;;;False;;2026-09-19T04:26:36.213000+00:00;;2026-09-22T22:28:46.151403+00:00;https://carregados.com.br/estacoes/estacao-cherin-bao-2076018;True;False
carregados_rj_2026-09-22;514359;Espaço Le Vélo;miguel pereira;rio de janeiro (rj);Av. Mal. Rondon, 500 - Barão de Javary, Miguel Pereira - RJ, 26900-000, Brazil;-22.474288653249303;-43.492478504776955;Público;True;False;False;somente AC identificado;;point_of_interest;1;1;;7.0;;;False;ausente;False;False;False;;;False;;2026-09-19T13:25:18.136000+00:00;;2026-09-22T22:27:50.228367+00:00;https://carregados.com.br/estacoes/estacao-espaco-le-velo-514359;True;False
carregados_rj_2026-09-22;1461703;Posto Turcão;miguel pereira;rio de janeiro (rj);Av. Mal. Rondon, 94 - Vila Selma, Miguel Pereira - RJ, 26900-000, Brazil;-22.47596552561404;-43.49586725624217;Público;True;False;False;DC presente;EvoltBR;point_of_interest;1;1;;33.0;;;False;ausente;False;False;False;;;False;;2026-09-20T13:36:01.874000+00:00;;2026-09-22T22:27:42.835395+00:00;https://carregados.com.br/estacoes/estacao-posto-turcao-1461703;True;False
carregados_rj_2026-09-22;2075981;Vila Suissa;miguel pereira;rio de janeiro (rj);Rua Joao Alberto 105, Miguel Pereira - Rio de Janeiro, 26900-000, Brasil;-22.451022;-43.478572;Público;True;False;False;não classificado;Outro;;1;2;;;3.88;10.0;False;pago;False;False;False;;;True;Seg a Seg 06:00 as 21:00;2026-08-16T14:00:00.102000+00:00;;2026-09-22T22:30:19.766382+00:00;https://carregados.com.br/estacoes/estacao-vila-suissa-2075981;True;False
carregados_rj_2026-09-22;356453;Amoedo Niterói;niterói;rio de janeiro (rj);R. São Lourenço, 311 - São Lourenço, Niterói - RJ, 24060-008, Brazil;-22.88717412963064;-43.11337197291024;Público;True;False;False;somente AC identificado;;Store;1;1;;4.33;;;False;ausente;False;False;False;;;False;"Segunda - Sábado: 08h - 21h
Domingo: 08h - 20h";2026-09-19T20:40:41.368000+00:00;;2026-09-22T22:27:52.007306+00:00;https://carregados.com.br/estacoes/estacao-amoedo-niteroi-356453;True;False
carregados_rj_2026-09-22;2073531;Atacadão;niterói;rio de janeiro (rj);R. Padre Marcelino, 167 - Barreto, Niterói - RJ, 24110-235, Brazil;-22.85718635935022;-43.10085453093052;Público;True;True;False;DC presente;;Shopping Center;1;1;;24.0;1.89;;False;pago;True;True;False;;Relato de 21/04/2026, trecho: “Aplicativo ChargeOn. 1,89 / kHw”;False;;2026-09-20T22:27:15.582000+00:00;;2026-09-22T22:27:52.490868+00:00;https://carregados.com.br/estacoes/estacao-atacadao-2073531;True;False
carregados_rj_2026-09-22;2072019;Cactus;niterói;rio de janeiro (rj);Av. II, 35 - Camboinhas, Niterói - RJ, 24358-580, Brazil;-22.962072882062376;-43.05104020982981;Público;True;False;False;somente AC identificado;On-Charge;Parking Garage/Lot;3;3;;7.0;;5.0;False;ausente;True;False;False;2.39;;False;;2026-09-19T15:52:22.653000+00:00;;2026-09-22T22:28:29.547117+00:00;https://carregados.com.br/estacoes/estacao-cactus-2072019;True;False
carregados_rj_2026-09-22;2073031;Café Teatro Pirandello;niterói;rio de janeiro (rj);Av. Pres. Roosevelt, 1033 - São Francisco, Niterói - RJ, 24360-066, Brazil;-22.9137707;-43.0850929;Público;True;True;False;somente AC identificado;;;1;1;;;;;False;ausente;True;False;False;;;False;;2026-09-19T16:06:46.553000+00:00;;2026-09-22T22:28:29.960736+00:00;https://carregados.com.br/estacoes/estacao-cafe-teatro-pirandello-2073031;True;False
carregados_rj_2026-09-22;2071915;Country Club Niterói;niterói;rio de janeiro (rj);R. México, 344 - Vila Progresso, Niterói - RJ, 24320-055, Brazil;-22.89650337273226;-43.03482960909605;Público;True;False;False;somente AC identificado;On-Charge;;2;2;;;;;False;ausente;True;False;False;;;False;;2026-09-19T20:48:18.703000+00:00;;2026-09-22T22:29:34.008963+00:00;https://carregados.com.br/estacoes/estacao-country-club-niteroi-2071915;True;False
carregados_rj_2026-09-22;8993;Crystall Mall;niterói;rio de janeiro (rj);Crystal Mall Offices - R. Ator Paulo Gustavo, 217 - Sala 506 - Icaraí, Niterói - RJ, 24230-052, Brazil;-22.9064199;-43.1108225;Público;True;False;False;não classificado;;shopping_mall;1;1;;;;;False;ausente;False;False;False;;;False;;2026-09-19T13:52:02.797000+00:00;;2026-09-22T22:28:32.281585+00:00;https://carregados.com.br/estacoes/estacao-crystall-mall-8993;True;False
carregados_rj_2026-09-22;1055;DR Energia;niterói;rio de janeiro (rj);Estr. Francisco da Cruz Nunes, 89 - Jacaré, Niterói - RJ, 24350-310, Brazil;-22.936641097826712;-43.06202770820528;Público;True;False;False;somente AC identificado;WEMOB;park;1;1;;7.0;2.5;;True;pago;True;True;False;R$ 2,00;;False;9:00 às 18:00;2026-09-20T19:49:25.856000+00:00;;2026-09-22T22:27:34.707223+00:00;https://carregados.com.br/estacoes/estacao-dr-energia-1055;True;False
carregados_rj_2026-09-22;1506973;Enerzon Itaipu Multicenter;niterói;rio de janeiro (rj);Estr. Francisco da Cruz Nunes, 6501 - 303 - Piratininga, Niterói - RJ, 24350-310, Brazil;-22.940911141516136;-43.05675899862386;Público;True;False;False;DC presente;Tupinambá;Shopping Center;4;4;;16.0;;;False;ausente;True;False;False;"Carga lenta R$ 1,90 kWh / Liberação: R$ 2,50 / ociosidade - R$ 0,50 por minuto após 15 minutos.

Carga rápida 30kW - R$2,50 kWh / Liberação R$ - 2,50 / ociosidade - R$ 0,50 por minuto após 15 minutos.

Estacionamento no shopping possui tarifa única. Consulte valores. Administradora: INDIGO.";;False;;2026-09-22T13:21:14.295000+00:00;;2026-09-22T22:28:01.814464+00:00;https://carregados.com.br/estacoes/estacao-enerzon-itaipu-multicenter-1506973;True;False
carregados_rj_2026-09-22;4176;GAC Lider;niterói;rio de janeiro (rj);Av. Marquês do Paraná, 154 - Centro, Niterói - RJ, 24030-211, Brazil;-22.892611688019784;-43.11393164098263;Público;True;False;False;DC presente;;car_dealer;1;1;;29.33;0.0;;False;energia gratuita informada;False;False;False;"Gratuito para clientes Líder.

Demais clientes, consultar tarifas.";;False;8:00 às 18:00;2026-09-20T15:13:31.486000+00:00;;2026-09-22T22:27:50.224670+00:00;https://carregados.com.br/estacoes/estacao-gwm-lider-4176;True;False
carregados_rj_2026-09-22;782978;GWM Líder;niterói;rio de janeiro (rj);Estr. Francisco da Cruz Nunes, 4390 - Piratininga, Niterói - RJ, 24350-310, Brazil;-22.928024704467376;-43.06383684133373;Restrito;False;False;False;DC presente;;car_dealer;1;1;;;;;False;ausente;False;False;False;;;False;;2026-09-19T15:08:46.742000+00:00;;2026-09-22T22:28:53.157075+00:00;https://carregados.com.br/estacoes/estacao-gwm-lider-782978;True;False
carregados_rj_2026-09-22;9223;H Niterói Hotel;niterói;rio de janeiro (rj);R. Dr. Paulo Alves, 14 - Ingá, Niterói - RJ, 24210-445, Brazil;-22.9047106;-43.1217517;Restrito;False;False;False;somente AC identificado;;point_of_interest;1;1;;;;;False;ausente;False;False;False;;;False;;2026-09-19T14:00:34+00:00;;2026-09-22T22:29:48.209358+00:00;https://carregados.com.br/estacoes/estacao-recar-eletroposto-h-niteroi-hotel-9223;True;False
carregados_rj_2026-09-22;4900;Hotel Village Icaraí;niterói;rio de janeiro (rj);Travessa Dr. João Francisco da Matta 12 Entrada Pela - Rua Mariz e Barros, 97 - Icaraí, Niterói - RJ, 24220-130, Brazil;-22.90859900434429;-43.10813404619694;Público;True;False;False;somente AC identificado;Enel X Way;lodging;1;2;;;2.0;;True;pago;True;True;False;2,00;;False;;2026-09-19T11:23:48.005000+00:00;;2026-09-22T22:28:15.163098+00:00;https://carregados.com.br/estacoes/estacao-hotel-village-icara%C3%AD-4900;True;False
carregados_rj_2026-09-22;9968;Ioffices Niteroi;niterói;rio de janeiro (rj);Cond. Edifício Ioffices - Rua Drua - R. Dr. Celestino, 122 - Sala: 1128 - Centro, Niterói - RJ, 24020-091, Brazil;-22.89567618423872;-43.11561108275792;Público;True;False;False;somente AC identificado;;point_of_interest;1;1;;;3.0;;True;pago;True;True;False;R3,00 por kwh;;False;;2026-09-19T14:26:08.858000+00:00;;2026-09-22T22:28:56.791361+00:00;https://carregados.com.br/estacoes/estacao-ioffices-niteroi-9968;True;False
carregados_rj_2026-09-22;2076605;MRC Power;niterói;rio de janeiro (rj);Av. Alm. Tamandaré, 665 - Piratininga, Niterói - RJ, 24350-380, Brazil;-22.947075229870602;-43.057573065161705;Público;True;False;False;DC presente;Tupinambá;;2;2;;60.0;;;False;ausente;False;False;False;2,60;;False;;2026-09-22T13:02:44.922000+00:00;;2026-09-22T22:28:58.389579+00:00;https://carregados.com.br/estacoes/estacao-mrcpower-2076605;True;False
carregados_rj_2026-09-22;940913;Marino Residencial;niterói;rio de janeiro (rj);R. João Pinto, 28 - Piratininga, Niterói - RJ, 24358-210, Brazil;-22.9538908;-43.0879745;Restrito;False;False;False;somente AC identificado;;point_of_interest;1;1;;;;;False;ausente;False;False;False;;;False;;2026-09-19T15:15:23.751000+00:00;;2026-09-22T22:29:56.415226+00:00;https://carregados.com.br/estacoes/estacao-recar-eletroposto-marino-residencial-940913;True;False
carregados_rj_2026-09-22;2075778;Mercado Municipal De Niterói;niterói;rio de janeiro (rj);Rua Santo Antônio 53, Centro, Niterói - Rio de Janeiro, 24030, Brasil;-22.883463;-43.113492;Público;True;False;False;DC presente;;;1;1;;40.0;;;False;ausente;False;False;False;;;False;Seg-Sex 09h-23h;2026-09-22T12:21:57.698000+00:00;;2026-09-22T22:28:37.718357+00:00;https://carregados.com.br/estacoes/estacao-mercado-municipal-de-niteroi-2075778;True;False
carregados_rj_2026-09-22;8645;Mo Charger;niterói;rio de janeiro (rj);R. Cinco, 237 - Várzea das Moças, Niterói - RJ, 24330-190, Brazil;-22.91692238595043;-42.98272401094437;Restrito;False;False;False;não classificado;;point_of_interest;1;1;;;;;False;ausente;False;False;False;;;False;;2026-09-19T13:39:11.854000+00:00;;2026-09-22T22:29:56.410189+00:00;https://carregados.com.br/estacoes/estacao-mo-charger-8645;True;False
carregados_rj_2026-09-22;888;Niteroi Recar Guanabara Niteroi;niterói;rio de janeiro (rj);R. São João, 379 - Centro, Niterói - RJ, 24020-042, Brazil;-22.890344980326848;-43.11492869444274;Público;True;False;False;DC presente;;Store;4;4;;38.86;2.19;1.07;True;pago;True;True;True;"DC(44): 2,19/kWh
AC: 1,89/kWh
Liberação: 1,07
";;False;7h às 22h;2026-09-20T13:13:58.741000+00:00;;2026-09-22T22:27:11.485650+00:00;https://carregados.com.br/estacoes/estacao-recar--eletroposto-supermercado-guanabara-888;True;False
carregados_rj_2026-09-22;356441;Novos Começos PD7 Tech;niterói;rio de janeiro (rj);Estr. Francisco da Cruz Nunes, 5260 - Piratininga, Niterói - RJ, 24350-310, Brazil;-22.9329031;-43.0658993;Público;True;False;False;somente AC identificado;;point_of_interest;1;2;;;;;False;ausente;False;False;False;;;False;;2026-09-19T14:55:45.743000+00:00;;2026-09-22T22:29:00.225004+00:00;https://carregados.com.br/estacoes/estacao-novos-comecos-pd7-tech-356441;True;False
carregados_rj_2026-09-22;8711;Parque Da Cidade De Niterói;niterói;rio de janeiro (rj);Estr. Viracao, 10 - Charitas, Niterói - RJ, Brazil;-22.9298604;-43.0878834;Público;True;False;False;somente AC identificado;;park;1;1;;;;;False;ausente;True;False;False;;;False;Segunda-feira fechado. Qualquer outro dia de 7 às 18h.;2026-09-19T13:41:14.957000+00:00;;2026-09-22T22:29:57.792707+00:00;https://carregados.com.br/estacoes/estacao-parque-da-cidade-de-niteroi-8711;True;False
carregados_rj_2026-09-22;940935;Posto Ipiranga - Subida Ponte;niterói;rio de janeiro (rj);Av. Jansen de Melo, 7 - São Lourenço, Niterói - RJ, 24030-220, Brazil;-22.88748653960513;-43.11468902975321;Público;True;False;False;DC presente;EZVolt;Gas Station;1;2;60.0;52.76;2.5;2.0;True;pago;False;False;False;"Abra os detalhes do carregador para ver os preços atualizados

Please open charger details to view up to date pricing";;True;;2026-09-20T01:55:30.303000+00:00;;2026-09-22T22:27:16.807536+00:00;https://carregados.com.br/estacoes/estacao-posto-ipiranga-subida-ponte-940935;True;False
carregados_rj_2026-09-22;1243157;Posto MJX Bombeiros Itacoatiara;niterói;rio de janeiro (rj);Estr. Francisco da Cruz Nunes, 10397 - Itaipu, Niterói - RJ, 24350-310, Brazil;-22.9541166443874;-43.02755023313522;Público;True;False;False;DC presente;EZVolt;Gas Station;2;2;40.0;39.0;2.5;;True;pago;True;True;False;"Abra los detalles del cargador para ver los precios actualizados

Please open charger details to view up to date pricing";;False;;2026-09-20T15:00:24.835000+00:00;;2026-09-22T22:27:57.385287+00:00;https://carregados.com.br/estacoes/estacao-posto-mjx-bombeiros-itacoatiara-1243157;True;False
carregados_rj_2026-09-22;2073109;Posto NITGAS;niterói;rio de janeiro (rj);Alameda São Boaventura, 359 - Fonseca, Niterói - RJ, 24130-005, Brazil;-22.88061100642032;-43.100974559783936;Público;True;False;False;DC presente;On-Charge;;4;4;;28.0;;;False;ausente;False;False;False;2.39;;False;;2026-09-22T12:22:40.423000+00:00;;2026-09-22T22:28:06.170304+00:00;https://carregados.com.br/estacoes/estacao-posto-nitgas-2073109;True;False
carregados_rj_2026-09-22;2077223;Posto Shell;niterói;rio de janeiro (rj);Estrada Francisco da Cruz Nunes 1065, Cantagalo, Niterói - Rio de Janeiro, 24320-330, Brasil;-22.916043525201417;-43.048415741485115;Público;True;False;False;DC presente;Tupinambá;;2;2;;60.0;2.5;;False;pago;False;False;False;;;True;;2026-09-22T13:15:31.859000+00:00;;2026-09-22T22:29:03.205822+00:00;https://carregados.com.br/estacoes/estacao-posto-shell-2077223;True;False
carregados_rj_2026-09-22;10669;Posto Shell Fantástico;niterói;rio de janeiro (rj);Av. Roberto Silveira, 453 - Icaraí, Niterói - RJ, 24230-153, Brazil;-22.90685656361753;-43.10268580913544;Público;True;False;False;DC presente;Tupinambá;gas_station;1;1;;38.96;2.5;0.0;True;pago;False;False;False;R$ 2,50 o kW;;True;Todos os dias de 5:00 às 23:59;2026-09-20T11:02:46.889000+00:00;;2026-09-22T22:27:20.551975+00:00;https://carregados.com.br/estacoes/estacao-posto-shell-fantastico-10669;True;False
carregados_rj_2026-09-22;866;Premier Offices - Zletric;niterói;rio de janeiro (rj);R. Noronha Torrezão, 24 - sala 1707 - Santa Rosa, Niterói - RJ, 24240-182, Brazil;-22.898044;-43.102411;Público;True;False;False;somente AC identificado;Zletric;store;1;1;;;1.99;;True;pago;False;False;False;1.99;;True;;2026-09-20T11:21:44.944000+00:00;;2026-09-22T22:27:58.872053+00:00;https://carregados.com.br/estacoes/estacao-premier-offices---zletric-866;True;False
carregados_rj_2026-09-22;10448;Secretaria Municipal De Assistência Social E Direitos Humanos De Niterói;niterói;rio de janeiro (rj);R. Cel. Gomes Machado, 281 - Centro, Niterói - RJ, 24020-111, Brazil;-22.89250612457327;-43.116483386786825;Público;True;False;False;somente AC identificado;;local_government_office;1;1;;;;;False;ausente;False;False;False;;;False;;2026-09-19T18:35:16.629000+00:00;;2026-09-22T22:30:14.822542+00:00;https://carregados.com.br/estacoes/estacao-secretaria-municipal-de-assistencia-social-e-direitos-humanos-de-niteroi-10448;True;False
carregados_rj_2026-09-22;1076;Shopping Plaza Niterói;niterói;rio de janeiro (rj);Rua Quinze de Novembro, 8 - 3° piso - Centro, Niterói - RJ, 24020-125, Brazil;-22.897094;-43.123901;Público;True;False;False;DC presente;WEMOB;Shopping Center;2;2;;23.43;2.1;1.0;True;pago;True;True;False;"Desbloqueio: R$1,00
Carga lenta AC: R$1,80 KW/h
Carga rápida DC: R$2,10 KW/h";;False;10:00~22:00;2026-09-22T12:23:05.416000+00:00;;2026-09-22T22:27:08.572451+00:00;https://carregados.com.br/estacoes/estacao-shopping-plaza-niter%C3%B3i-1076;True;False
carregados_rj_2026-09-22;4300;Vox Epower - Orizzonte Niterói;niterói;rio de janeiro (rj);R. Cel. Tamarindo, 321 - Gragoatá, Niterói - RJ, 24210-346, Brazil;-22.90291900629043;-43.13427269641967;Restrito;False;False;False;somente AC identificado;;park;1;1;;6.0;0.79;;True;pago;True;True;False;;;False;;2026-09-19T11:03:52.315000+00:00;;2026-09-22T22:29:10.517886+00:00;https://carregados.com.br/estacoes/estacao-vox-epower---orizzonte-niter%C3%B3i-4300;True;False
carregados_rj_2026-09-22;2076990;Evomob | Iron Forge CT;nova friburgo;rio de janeiro (rj);Av. Eng. Hans Gaiser, 26 - Centro, Nova Friburgo - RJ, 28605-220, Brazil;-22.2699377;-42.53222700000001;Público;True;False;False;somente AC identificado;;;1;1;;;;;False;ausente;True;False;False;R$ 2,30 por kWh e R$ 2,60 de taxa de desbloqueio;;False;;2026-09-19T22:09:12.625000+00:00;;2026-09-22T22:29:50.427991+00:00;https://carregados.com.br/estacoes/estacao-evomob-iron-forge-ct-2076990;True;False
carregados_rj_2026-09-22;9222;Frisoldas;nova friburgo;rio de janeiro (rj);Av. Gov. Roberto Silveira, 2638 - Conselheiro Paulino, Nova Friburgo - RJ, 28635-000, Brazil;-22.23908544271911;-42.52140672125506;Público;True;False;False;somente AC identificado;Intelbras;point_of_interest;1;1;;10.0;;;False;ausente;False;False;False;2,20;;False;;2026-09-19T14:00:34.954000+00:00;;2026-09-22T22:28:09.801425+00:00;https://carregados.com.br/estacoes/estacao-frisoldas-9222;True;False
carregados_rj_2026-09-22;884842;Hotel Habitare;nova friburgo;rio de janeiro (rj);R. Augusto Cardoso, 68 - Centro, Nova Friburgo - RJ, 28610-050, Brazil;-22.283391885331962;-42.53309276241016;Restrito;False;False;False;não classificado;;lodging;1;2;;;;;False;ausente;True;False;False;;;False;;2026-09-20T01:22:07.976000+00:00;;2026-09-22T22:29:51.898462+00:00;https://carregados.com.br/estacoes/estacao-hotel-habitare-884842;True;False
carregados_rj_2026-09-22;1194789;NFCC;nova friburgo;rio de janeiro (rj);Tv. Eduardo Guinler, 220-530 - Bela Vista, Nova Friburgo - RJ, 28625, Brazil;-22.2911255283157;-42.53909083086532;Público;True;True;False;somente AC identificado;;point_of_interest;1;1;;8.0;;;False;ausente;True;False;False;É só pagar o estacionamento. O preço varia conforme o dia. Dias úteis são mais baratos. Em maio/26: diária de 10,00 em dias úteis e 20,00 nos finais de semana e feriados. ;;False;;2026-09-19T21:02:52.827000+00:00;;2026-09-22T22:28:11.183145+00:00;https://carregados.com.br/estacoes/estacao-nfcc-1194789;True;False
carregados_rj_2026-09-22;9115;Parada Certa;nova friburgo;rio de janeiro (rj);R. Luiza Engert, 8 - Centro, Nova Friburgo - RJ, 28610-070, Brazil;-22.283293092165383;-42.531578165865156;Público;True;False;False;DC presente;Intelbras;parking;2;2;;38.13;2.5;;True;pago;False;False;False;"R$:2,50/kWh
Parking Free durante carregamento!";;True;"Segunda à Sábado: 07:30 às 19:00
Domingo: Fechado";2026-09-19T21:23:13.502000+00:00;;2026-09-22T22:27:30.226095+00:00;https://carregados.com.br/estacoes/estacao-estacionamento-parada-certa-9115;True;False
carregados_rj_2026-09-22;5849;Posto Ipiranga (Shopsolar);nova friburgo;rio de janeiro (rj);Av. Walter Machado Thedin, 4066 - Debossan, Nova Friburgo - RJ, 28615-315, Brazil;-22.3395859;-42.5123047;Público;True;False;False;DC presente;WEMOB;Gas Station;2;2;;27.7;2.9;2.5;True;pago;False;False;False;2.50(30kW);;True;06:00 AS 22:00;2026-09-20T04:57:58.841000+00:00;;2026-09-22T22:27:14.564438+00:00;https://carregados.com.br/estacoes/estacao-posto-quarup-5849;True;False
carregados_rj_2026-09-22;4272;Sitio Dois Riachos Eco;nova friburgo;rio de janeiro (rj);Estr. de Macaé de Cima - Lumiar, Nova Friburgo - RJ, Brasil;-22.35068637085817;-42.41913724690676;Público;True;False;False;somente AC identificado;;park;1;1;;5.0;;;False;ausente;False;False;False;;;False;Comercial;2026-09-19T16:56:14.656000+00:00;;2026-09-22T22:28:03.926594+00:00;https://carregados.com.br/estacoes/estacao-sitio-dois-riachos-eco-4272;True;False
carregados_rj_2026-09-22;2075715;Supermercado Tio Dongo;nova friburgo;rio de janeiro (rj);R. José De Queiroz, 139 - Conselheiro Paulino, Nova Friburgo - RJ, 28633-500, Brazil;-22.228196893867754;-42.522787820218774;Público;True;False;False;somente AC identificado;;;1;1;;;;;False;ausente;False;False;False;;;False;;2026-09-19T17:54:34.552000+00:00;;2026-09-22T22:30:17.018498+00:00;https://carregados.com.br/estacoes/estacao-supermercado-tio-dongo-2075715;True;False
carregados_rj_2026-09-22;10164;Superpão - Frionline;nova friburgo;rio de janeiro (rj);Praça Marcílio Dias, 63 - Centro, Nova Friburgo - RJ, 28625-090, Brazil;-22.2893953;-42.53435349999999;Público;True;False;False;somente AC identificado;Intelbras;grocery_or_supermarket;2;2;;6.0;;;False;ausente;True;False;False;;;False;Todos os dias das 06:00 às 23:00;2026-09-19T18:35:55.532000+00:00;;2026-09-22T22:27:37.147293+00:00;https://carregados.com.br/estacoes/estacao-superpao-frionline-10164;True;False
carregados_rj_2026-09-22;5615;BYD Nova Iguaçu;nova iguaçu;rio de janeiro (rj);Av. Carlos Marques Rollo, 960 - Vila Nova, Nova Iguaçu - RJ, 26225-490, Brazil;-22.762998523100467;-43.42751372605562;Público;True;False;False;DC presente;;store;2;2;;50.0;;;False;ausente;False;False;False;2,50 kw;;False;Horário comercial ;2026-09-19T19:20:27.834000+00:00;;2026-09-22T22:27:49.523448+00:00;https://carregados.com.br/estacoes/estacao-byd-nova-igua%C3%A7u-5615;True;False
carregados_rj_2026-09-22;2072609;Joy Energy Nova Iguaçu;nova iguaçu;rio de janeiro (rj);RJ-105, 782 - Luz, Nova Iguaçu - RJ, 26210, Brazil;-22.761183417720112;-43.46262987703085;Público;True;False;False;DC presente;Tupinambá;Workplace;1;2;;49.5;3.3;;True;pago;False;False;False;R$ 2,49;;True;;2026-09-19T21:34:51.393000+00:00;;2026-09-22T22:28:02.537076+00:00;https://carregados.com.br/estacoes/estacao-joy-energy-nova-iguacu-2072609;True;False
carregados_rj_2026-09-22;5107;Movida Nova Iguaçu;nova iguaçu;rio de janeiro (rj);Rod. Pres. Dutra, 15380 - Rancho Novo, Nova Iguaçu - RJ, 26013-310, Brazil;-22.746077;-43.445591;Restrito;False;False;False;somente AC identificado;;car_rental;2;2;;;;;False;ausente;False;False;False;;;False;Seg-sex 8h a 18h, sábado 8h a 12h;2026-09-20T10:08:41.377000+00:00;;2026-09-22T22:28:37.712912+00:00;https://carregados.com.br/estacoes/estacao-movida-nova-igua%C3%A7u-5107;True;False
carregados_rj_2026-09-22;10667;Posto Atacadão Nova Iguaçu;nova iguaçu;rio de janeiro (rj);R. Alan Kardec, 464 - Califórnia, Nova Iguaçu - RJ, 26220-110, Brazil;-22.75634544919215;-43.43257658653877;Público;True;False;False;DC presente;ChargeOn;point_of_interest;1;1;;27.8;2.09;;True;pago;True;True;False;"R$2,09 kWh
Há taxas de desbloqueio e de ociosidade.";;False;"Seg-Sáb 6h-22h
Dom 6h-19h
Acompanha o horário do posto Atacadão.";2026-09-19T20:38:45.207000+00:00;;2026-09-22T22:27:33.284251+00:00;https://carregados.com.br/estacoes/estacao-posto-atacadao-nova-iguacu-10667;True;False
carregados_rj_2026-09-22;1024;Posto Confiança;nova iguaçu;rio de janeiro (rj);Av. Gov. Roberto Silveira, 385 - Chacrinha, Nova Iguaçu - RJ, 26210-220, Brazil;-22.754795;-43.455195;Público;True;True;False;somente AC identificado;;Gas Station;1;1;;;;;False;ausente;True;False;False;;;False;24hrs;2026-09-20T02:17:58.215000+00:00;;2026-09-22T22:27:34.706241+00:00;https://carregados.com.br/estacoes/estacao-posto-confian%C3%A7a-24h-1024;True;False
carregados_rj_2026-09-22;5637;Posto Ipiranga Nivea;nova iguaçu;rio de janeiro (rj);Estr. Luiz Mário da Rocha Lima, 22110 - Austin, Nova Iguaçu - RJ, 26086-070, Brazil;-22.74387513787005;-43.50891334177187;Público;True;False;False;DC presente;;Gas Station;1;1;30.0;28.82;1.6;1.0;False;pago;True;True;False;R$ 1,90;;False;;2026-09-19T04:40:40.245000+00:00;;2026-09-22T22:27:25.772078+00:00;https://carregados.com.br/estacoes/estacao-vox-epower---posto-ipiranga-nivea---11-kva-5637;True;False
carregados_rj_2026-09-22;4298;Shopping Nova Iguaçu;nova iguaçu;rio de janeiro (rj);Av. Abílio Augusto Távora, 1061 - Luz, Nova Iguaçu - RJ, 26255-510, Brazil;-22.762643567680566;-43.4650911329108;Público;True;False;False;somente AC identificado;;shopping_mall;1;2;;6.0;0.0;0.0;False;energia gratuita informada;True;False;False;;;False;10:00/22:00;2026-09-20T19:14:48.756000+00:00;;2026-09-22T22:27:09.985317+00:00;https://carregados.com.br/estacoes/estacao-shopping-igua%C3%A7u-4298;True;False
carregados_rj_2026-09-22;2073304;Vox Tecnforma Alvorada;nova iguaçu;rio de janeiro (rj);Avenida Abilio Augusto Tavora 2999, Jardim Alvorada, Nova Iguaçu - Jardim Alvorada, Nova Iguaçu - RJ, 26297-006, Brazil;-22.761144213101808;-43.481792516463216;Público;True;False;False;somente AC identificado;Intelbras;;1;1;;;;;False;ausente;False;False;False;;;False;;2026-09-19T19:48:48.603000+00:00;;2026-09-22T22:30:21.792011+00:00;https://carregados.com.br/estacoes/estacao-vox-tecnforma-alvorada-2073304;True;False
carregados_rj_2026-09-22;5499;Win Solar;nova iguaçu;rio de janeiro (rj);R. Ivan Vigné, 299 - Centro, Nova Iguaçu - RJ, 26255-158, Brazil;-22.761801841996512;-43.45500134500442;Restrito;False;False;False;somente AC identificado;;car_rental;1;1;;;;;False;ausente;False;False;False;;;False;;2026-09-19T11:46:22.552000+00:00;;2026-09-22T22:30:22.097271+00:00;https://carregados.com.br/estacoes/estacao-win-solar-5499;True;False
carregados_rj_2026-09-22;4098;Fenattech Engenharia E Consultoria;paracambi;rio de janeiro (rj);R. Dep. Romeu Natal, 10 - Lages, Paracambi - RJ, 26600-000, Brazil;-22.632853;-43.709555;Público;True;False;False;somente AC identificado;;store;1;1;;;;;False;ausente;False;False;False;;;False;Das 8:00 as 18:00;2026-09-19T10:57:19.178000+00:00;;2026-09-22T22:28:32.940552+00:00;https://carregados.com.br/estacoes/estacao-fenattech-engenharia-e-consultoria-4098;True;False
carregados_rj_2026-09-22;879;Supermercado Macrozão Atacarejo;paracambi;rio de janeiro (rj);Estr. do Cabral, 10806 - Barreira, Paracambi - RJ, 26600-000, Brazil;-22.615781505776386;-43.71426969766617;Público;True;False;False;somente AC identificado;Plug&Go;Store;1;1;;6.0;;0.0;False;ausente;True;False;False;;;False;7h às 21h;2026-09-20T12:42:39.931000+00:00;;2026-09-22T22:28:12.836953+00:00;https://carregados.com.br/estacoes/estacao-supermercado-macroz%C3%A3o-atacarejo-879;True;False
carregados_rj_2026-09-22;1069;Top Hotel;paracambi;rio de janeiro (rj);ESTRADA - RJ-127, 9999 - Lages, Paracambi - RJ, 26600-000, Brazil;-22.62713423653777;-43.70948329567909;Público;True;False;False;somente AC identificado;Plug&Go;lodging;2;2;;;;;False;ausente;False;False;False;;;False;8h às 21h;2026-09-21T00:16:08.043000+00:00;;2026-09-22T22:29:09.779749+00:00;https://carregados.com.br/estacoes/estacao-top-hotel-1069;True;False
carregados_rj_2026-09-22;10435;Calamar Flats;paraty;rio de janeiro (rj);Av. Jabaquara, 1299 - Jabaquara, Paraty - RJ, 23970-000, Brazil;-23.203923752116527;-44.72073744982481;Público;True;False;False;somente AC identificado;;point_of_interest;1;1;;;;;False;ausente;False;False;False;Somente para hóspedes ;;False;;2026-09-19T14:40:27.693000+00:00;;2026-09-22T22:29:17.777902+00:00;https://carregados.com.br/estacoes/estacao-calamar-flats-10435;True;False
carregados_rj_2026-09-22;1019;Drogarias Pacheco;paraty;rio de janeiro (rj);R. Alfredo Sertã, 15 - Parque Imperial, Paraty - RJ, 23970-000, Brazil;-23.22097873975078;-44.72291741520166;Público;True;False;False;somente AC identificado;Autocharge;pharmacy;1;1;;2.55;0.0;0.0;False;energia gratuita informada;True;False;False;;;False;;2026-09-20T16:48:05.238000+00:00;;2026-09-22T22:27:12.263000+00:00;https://carregados.com.br/estacoes/estacao-drogarias-pacheco-1019;True;False
carregados_rj_2026-09-22;9117;Flat Na Praia Em Paraty;paraty;rio de janeiro (rj);R. Imperatriz D Amélia, 219 - Jabaquara, Paraty - RJ, 23970-000, Brazil;-23.2086674;-44.7189333;Restrito;False;False;False;não classificado;;point_of_interest;1;1;;;;;False;ausente;False;False;False;;;False;;2026-09-19T13:58:06.878000+00:00;;2026-09-22T22:28:53.150142+00:00;https://carregados.com.br/estacoes/estacao-airbnb-flat-na-praia-em-paraty-cotima-velocidad-internet-9117;True;False
carregados_rj_2026-09-22;10437;Hotel Sandi Estacionamento;paraty;rio de janeiro (rj);R. Domingos Gonçalves de Abreu, 3 - Centro Histórico, Paraty - RJ, 23970-000, Brazil;-23.2190289;-44.7151116;Restrito;False;False;False;não classificado;;parking;1;1;;;;;False;ausente;False;False;False;;;False;;2026-09-19T14:40:28.795000+00:00;;2026-09-22T22:28:56.102384+00:00;https://carregados.com.br/estacoes/estacao-hotel-sandi-estacionamento-10437;True;False
carregados_rj_2026-09-22;4125;Meu Pedacinho De Chão;paraty;rio de janeiro (rj);Av. Pau Brasil - São Roque, Paraty - RJ, 23970-000, Brasil;-23.07147146675798;-44.70278978347778;Restrito;False;False;False;somente AC identificado;;Residência;1;1;;;;;False;ausente;False;False;False;;;False;;2026-09-19T16:52:49.159000+00:00;;2026-09-22T22:28:59.091498+00:00;https://carregados.com.br/estacoes/estacao-meu-pedacinho-de-ch%C3%A3o-4125;True;False
carregados_rj_2026-09-22;9238;Paraty Paradiso Pousada;paraty;rio de janeiro (rj);Estr. de Paraty Mirim, s/n - Paraty-Mirim, Paraty - RJ, 23970-000, Brazil;-23.243582;-44.639637;Público;True;False;False;não classificado;;lodging;2;2;;;;;False;ausente;True;False;False;;;False;;2026-09-19T20:06:52.958000+00:00;;2026-09-22T22:29:01.556665+00:00;https://carregados.com.br/estacoes/estacao-paraty-paradiso-pousada-9238;True;False
carregados_rj_2026-09-22;1033;Posto BR Marina Posto Imperial;paraty;rio de janeiro (rj);Q79M+9X Paraty, State of Rio de Janeiro, Brazil;-23.231625;-44.71501;Restrito;False;False;False;somente AC identificado;;park;2;2;;;;;False;ausente;False;False;False;;;False;;2026-09-21T00:15:35.813000+00:00;;2026-09-22T22:28:39.241166+00:00;https://carregados.com.br/estacoes/estacao-posto-br-marina-posto-imperial-1033;True;False
carregados_rj_2026-09-22;940906;Pousada Apple House;paraty;rio de janeiro (rj);R. da Mata, 161 - Paraty, RJ, 23970-000, Brazil;-23.224282624124523;-44.76133771240711;Público;True;False;False;DC presente;;lodging;1;1;;6.0;;;False;ausente;False;False;False;;;False;;2026-09-19T15:15:22.592000+00:00;;2026-09-22T22:28:39.221944+00:00;https://carregados.com.br/estacoes/estacao-pousada-apple-house-940906;True;False
carregados_rj_2026-09-22;1020;Pousada Do Ouro;paraty;rio de janeiro (rj);R. Dr. Pereira, 298 - Centro Histórico, Paraty - RJ, 23970-000, Brazil;-23.2183296;-44.712011;Restrito;False;False;False;somente AC identificado;;lodging;1;2;;;0.6;;True;pago;False;False;False;0,60 centavos ;;False;;2026-09-21T00:15:28.688000+00:00;;2026-09-22T22:29:03.579254+00:00;https://carregados.com.br/estacoes/estacao-pousada-do-ouro-1020;True;False
carregados_rj_2026-09-22;10436;Pousada Doce Paraty;paraty;rio de janeiro (rj);Escola - R. Mal. Deodoro, 495 - Patitiba, Paraty - RJ, 23970-000, Brazil;-23.218521263671978;-44.71616919537416;Restrito;False;False;False;não classificado;;parking;1;1;;;;;False;ausente;True;False;False;;;False;;2026-09-19T14:41:29.781000+00:00;;2026-09-22T22:29:59.966876+00:00;https://carregados.com.br/estacoes/estacao-pousada-doce-paraty-10436;True;False
carregados_rj_2026-09-22;5524;Pousada Porto Imperial;paraty;rio de janeiro (rj);Beco Proposito, 6 - Centro, Paraty - RJ, 23970-000, Brazil;-23.21773959304813;-44.714743166206155;Restrito;False;False;False;somente AC identificado;;lodging;1;2;;;;;False;ausente;False;False;False;Apenas para hóspedes.;;False;;2026-09-19T11:46:47.006000+00:00;;2026-09-22T22:30:00.794115+00:00;https://carregados.com.br/estacoes/estacao-pousada-porto-imperial-5524;True;False
carregados_rj_2026-09-22;7778;Pousada Quatro Estações;paraty;rio de janeiro (rj);Rua - Rua Sertao do Taquari, n°580 - Paraty, RJ, 23970-000, Brazil;-23.050314098596594;-44.68171164393425;Restrito;False;False;False;não classificado;;lodging;1;1;;;;;False;ausente;False;False;False;;;False;;2026-09-19T20:14:09.871000+00:00;;2026-09-22T22:29:04.099280+00:00;https://carregados.com.br/estacoes/estacao-pousada-quatro-esta%C3%A7%C3%B5es-7778;True;False
carregados_rj_2026-09-22;10434;Pousada Recanto Do Jabaquara;paraty;rio de janeiro (rj);Av. Jabaquara, 1461 - Jabaquara, Paraty - RJ, 23970-000, Brazil;-23.20291330775444;-44.72203195095062;Público;True;False;False;somente AC identificado;;point_of_interest;1;1;;7.0;2.5;;False;pago;False;False;False;Só para hóspedes;Relato de 26/02/2026, trecho: “dado nesta pousada no inicio de Janeiro/2026 e consegui carregar normalmente. Carregador AC cobrado 2,50 por kWh”;True;;2026-09-20T23:10:43.075000+00:00;;2026-09-22T22:28:15.856116+00:00;https://carregados.com.br/estacoes/estacao-pousada-recanto-do-jabaquara-10434;True;False
carregados_rj_2026-09-22;4036;Residência;paraty;rio de janeiro (rj);R. Maranhão, 39 - Tarituba, Paraty - RJ, 23970-000, Brazil;-23.026331934399156;-44.53158237040043;Restrito;False;False;False;somente AC identificado;;lodging;1;1;;;;;False;ausente;False;False;False;;;False;;2026-09-19T10:53:57.186000+00:00;;2026-09-22T22:30:12.899292+00:00;https://carregados.com.br/estacoes/estacao-residencia-4036;True;False
carregados_rj_2026-09-22;1194742;Sertão;paraty;rio de janeiro (rj);Rua Sertao do Taquari, 1752 - Paraty, RJ, 23970-000, Brazil;-23.043176755110157;-44.68966905151532;Público;True;False;False;somente AC identificado;;point_of_interest;1;1;;;4.0;;True;pago;False;False;False;R$60,00 + R$4,00 kW;;True;;2026-09-19T15:29:47.222000+00:00;;2026-09-22T22:30:14.968984+00:00;https://carregados.com.br/estacoes/estacao-sertao-1194742;True;False
carregados_rj_2026-09-22;8992;Shell Posto Baía de Paraty;paraty;rio de janeiro (rj);Av. Roberto Silveira, 202 - Mangueira, Paraty - RJ, 23970-000, Brazil;-23.22286892010369;-44.7304588968589;Público;True;False;False;DC presente;Shell Recharge;Gas Station;1;2;;44.53;2.6;0.0;True;pago;True;True;False;"R$ 2,60kW
R$ 0,90 ociosidade";;False;;2026-09-22T11:45:29.132000+00:00;;2026-09-22T22:27:07.163862+00:00;https://carregados.com.br/estacoes/estacao-shell-recharge-l-posto-baia-de-paraty-8992;True;False
carregados_rj_2026-09-22;2072254;Vox EPOWER - Imperatriz Hotel Paraty;paraty;rio de janeiro (rj);R. Guapuruvu, 731 - Caborê, Paraty - RJ, 23970-000, Brazil;-23.2140712;-44.7243347;Restrito;False;False;False;somente AC identificado;Intelbras;;1;1;;;;;False;ausente;True;False;False;;;False;;2026-09-19T20:46:08.808000+00:00;;2026-09-22T22:30:21.453721+00:00;https://carregados.com.br/estacoes/estacao-vox-epower-imperatriz-hotel-paraty-2072254;True;False
carregados_rj_2026-09-22;757;Posto Limoeiro;paraíba do sul;rio de janeiro (rj);R. Carlos A. Ferreira, 227 - Portal do Sol, Paraíba do Sul - RJ, 25850-000, Brazil;-22.14399822752567;-43.28547187144641;Público;True;False;False;somente AC identificado;Tupinambá;gas_station;1;1;;15.0;2.2;;True;pago;False;False;False;2,20/Kw App Tupi;;True;;2026-09-20T21:50:53.957000+00:00;;2026-09-22T22:27:26.502532+00:00;https://carregados.com.br/estacoes/estacao-rede-amig%C3%A3o-saraiva---posto-limoeiro-757;True;False
carregados_rj_2026-09-22;4613;Pousada Vale Dos Barões;paraíba do sul;rio de janeiro (rj);R. Expedicionário Joaquim Alves de Carvalho Filho, 199 - Pedreira, Paraíba do Sul - RJ, 25850-000, Brazil;-22.161913791700265;-43.298759646713734;Restrito;False;False;False;somente AC identificado;;lodging;1;1;;;;;False;ausente;False;False;False;A combinar;;False;Somente hospede;2026-09-19T11:14:39.122000+00:00;;2026-09-22T22:30:00.789264+00:00;https://carregados.com.br/estacoes/estacao-pousada-vale-dos-bar%C3%B5es-4613;True;False
carregados_rj_2026-09-22;782990;Bomtempo Resort;petrópolis;rio de janeiro (rj);Estr. João de Oliveira Botelho, 37 - Itaipava, Petrópolis - RJ, 25745, Brazil;-22.35255929017091;-43.09491813182831;Restrito;False;False;False;não classificado;;point_of_interest;1;1;;;;;True;ausente;False;False;False;Gratuito ;;False;;2026-09-20T01:14:03.283000+00:00;;2026-09-22T22:28:42.205423+00:00;https://carregados.com.br/estacoes/estacao-bomtempo-resort-782990;True;False
carregados_rj_2026-09-22;884846;Casa Do Alemão PluGo;petrópolis;rio de janeiro (rj);Rod. Washington Luiz, 971 - Centro, Petrópolis - RJ, 25085-008, Brazil;-22.535004823295907;-43.220111907865224;Público;True;False;False;DC presente;Plug&Go;Restaurant;2;2;;49.53;2.5;;True;pago;True;True;False;R$ 2,50;;False;;2026-09-21T16:27:25.956000+00:00;;2026-09-22T22:27:15.296734+00:00;https://carregados.com.br/estacoes/estacao-casa-do-alemao-plugo-884846;True;False
carregados_rj_2026-09-22;2075015;Concessionária BYD;petrópolis;rio de janeiro (rj);R. Afrânio Melo Franco, 160 - Quitandinha, Petrópolis - RJ, 25651-000, Brazil;-22.53108634601027;-43.21174006909132;Restrito;False;False;False;DC presente;Tupinambá;;1;1;;;;;False;ausente;False;False;False;;;False;;2026-09-20T10:52:15.881000+00:00;;2026-09-22T22:28:46.547796+00:00;https://carregados.com.br/estacoes/estacao-concessionaria-byd-2075015;True;False
carregados_rj_2026-09-22;5277;Distribuidora Clavery;petrópolis;rio de janeiro (rj);Estrada Silveira da Mota, 1995 - Posse, Petrópolis - RJ, 25770-460, Brazil;-22.23725730156997;-43.06679030800848;Restrito;False;False;False;somente AC identificado;;Workplace;1;1;7.4;;;;False;ausente;True;False;False;;;False;Segunda a Sexta de 07:00h às 18:00h;2026-09-19T11:37:41.392000+00:00;;2026-09-22T22:28:04.752046+00:00;https://carregados.com.br/estacoes/estacao-distribuidora-clavery-5277;True;False
carregados_rj_2026-09-22;2074426;Flat Itaipava;petrópolis;rio de janeiro (rj);Estrada União e Indústria 10290, Petrópolis - Rio de Janeiro, 25730-735, Brasil;-22.39971741294069;-43.13423400049521;Público;True;False;False;somente AC identificado;Desconhecida;;1;1;;7.0;3.0;0.0;False;pago;False;False;False;;"Cobrança por tempo.
01h00 - R$ 20
01h30 - R$ 30
02h00 - R$ 40";True;07h - 22h;2026-09-20T00:27:06.340000+00:00;;2026-09-22T22:28:53.157602+00:00;https://carregados.com.br/estacoes/estacao-flat-itaipava-2074426;True;False
carregados_rj_2026-09-22;4552;Fábrica De Telas São Jorge;petrópolis;rio de janeiro (rj);Estr. União e Indústria, 9098 - Itaipava, Petrópolis - RJ, 25730-745, Brazil;-22.411223860891266;-43.138524044674554;Público;True;False;False;somente AC identificado;;Store;1;1;;;;;False;ausente;True;False;False;;;False;"Segunda a Sexta feira de 07:00 às 18:00h
Sábado de 08 às 12:00h";2026-09-20T21:22:26.926000+00:00;;2026-09-22T22:27:29.481760+00:00;https://carregados.com.br/estacoes/estacao-f%C3%A1brica-de-telas-s%C3%A3o-jorge-(coming-soon)-4552;True;False
carregados_rj_2026-09-22;836;Mais Um Dia Feliz;petrópolis;rio de janeiro (rj);R. Três, 2-152 - Pedro do Rio, Petrópolis - RJ, 25750-603, Brasil;-22.421037;-43.158037;Restrito;False;False;False;somente AC identificado;;premise;2;3;;;;;False;ausente;False;False;False;;;False;;2026-09-19T16:56:12.349000+00:00;;2026-09-22T22:29:55.691212+00:00;https://carregados.com.br/estacoes/estacao-mais-um-dia-feliz-836;True;False
carregados_rj_2026-09-22;894;Movida Aluguel De Carros;petrópolis;rio de janeiro (rj);R. Bingen, 50a - Bingen, Petrópolis - RJ, 25660-004, Brazil;-22.507397;-43.194124;Restrito;False;False;False;somente AC identificado;;Parking Garage/Lot;1;1;7.0;;;;False;ausente;False;False;False;;;False;;2026-09-21T00:14:23.211000+00:00;;2026-09-22T22:28:02.528728+00:00;https://carregados.com.br/estacoes/estacao-movida-aluguel-de-carros-894;True;False
carregados_rj_2026-09-22;821;Petrobras | Posto Ecorodo;petrópolis;rio de janeiro (rj);BR-040, 121 - Sertao Carangola, Petrópolis - RJ, 25725-635, Brazil;-22.43753012632873;-43.17821949720383;Público;True;False;False;DC presente;EZVolt;Restaurant;1;1;30.0;20.27;2.5;;True;pago;True;True;True;CCS2 - R$ 2,75/kWh;;False;;2026-09-19T14:03:51.231000+00:00;;2026-09-22T22:27:06.412273+00:00;https://carregados.com.br/estacoes/estacao-kiosque-do-alem%C3%A3o-(coming-soon)-821;True;False
carregados_rj_2026-09-22;813;Porsche - Locanda Dela Mimosa;petrópolis;rio de janeiro (rj);R. Mimosas, 30 - Fazenda Inglesa, Petrópolis - RJ, 25725-514, Brazil;-22.455439;-43.215084;Público;True;False;False;somente AC identificado;;park;2;2;;;;;False;ausente;True;False;False;;;False;;2026-09-21T00:13:10.983000+00:00;;2026-09-22T22:27:22.756032+00:00;https://carregados.com.br/estacoes/estacao-esta%C3%A7%C3%A3o-de-carregamento-porsche---locanda-dela-mimosa-813;True;False
carregados_rj_2026-09-22;2075259;Posto EJM | Petropolis - RJ;petrópolis;rio de janeiro (rj);Estr. União e Indústria, 12293 - Itaipava, Petrópolis - RJ, 25730-770, Brazil;-22.383180574353077;-43.13383412089657;Público;True;False;False;DC presente;WEMOB;;2;2;;36.8;;;False;ausente;False;False;False;R$ 2.50/kWh;;False;;2026-09-20T12:17:46.778000+00:00;;2026-09-22T22:27:41.416005+00:00;https://carregados.com.br/estacoes/estacao-shop-go-posto-ejm-2075259;True;False
carregados_rj_2026-09-22;4927;Serratec;petrópolis;rio de janeiro (rj);Rua Afrânio de Melo franco 333 Bloco E Sala 2 - Quitandinha, Petrópolis - RJ, 25651-000, Brazil;-22.53246815398224;-43.20918761193752;Restrito;False;False;False;somente AC identificado;Shell Recharge;store;1;1;;;;1.0;False;ausente;False;False;False;1,60;;False;;2026-09-19T11:25:15.652000+00:00;;2026-09-22T22:28:27.844699+00:00;https://carregados.com.br/estacoes/estacao-serratec-4927;True;False
carregados_rj_2026-09-22;768;Shell Recharge | Amigão De Itaipava;petrópolis;rio de janeiro (rj);BR-040, 62 - Itaipava, Petrópolis - RJ, 25730-740, Brazil;-22.40561103820801;-43.14270782470703;Público;True;True;False;DC presente;Shell Recharge;Gas Station;2;3;;57.72;3.0;;True;pago;True;True;True;R$2,98/kWh;;False;;2026-09-21T12:55:42.660000+00:00;;2026-09-22T22:25:42.201249+00:00;https://carregados.com.br/estacoes/estacao-posto-amig%C3%A3o-de-itaipava-768?estado=rio+de+janeiro+%28rj%29;True;False
carregados_rj_2026-09-22;663895;Shop Solar - Granja Brasil;petrópolis;rio de janeiro (rj);Estr. União e Indústria, 9153 - •, Petrópolis - RJ, 25730-735, Brazil;-22.40909391873815;-43.13835481726608;Público;True;False;False;somente AC identificado;WEMOB;point_of_interest;2;2;;6.0;2.1;2.0;False;pago;True;True;False;1.90;Relato de 17/07/2026, trecho: “R$2 pra desbloquear e R$2,10/kw”;False;;2026-09-20T03:08:49.772000+00:00;;2026-09-22T22:29:08.608843+00:00;https://carregados.com.br/estacoes/estacao-shop-solar-eletropostos-granja-brasil-663895;True;False
carregados_rj_2026-09-22;563468;Shop Solar - Posto Regente;petrópolis;rio de janeiro (rj);R. Cel. Veiga, 1273A - Castelânea, Petrópolis - RJ, 25655-157, Brazil;-22.52937869210219;-43.19619934168147;Público;True;False;False;DC presente;WEMOB;point_of_interest;2;2;;28.32;2.5;2.5;True;pago;True;True;False;"2.50(30kW)
1.90(7kW)";;False;;2026-09-19T20:54:54.893000+00:00;;2026-09-22T22:27:25.039142+00:00;https://carregados.com.br/estacoes/estacao-shop-solar-eletropostos-posto-regente-563468;True;False
carregados_rj_2026-09-22;164843;Shopping Locanda Itaipava;petrópolis;rio de janeiro (rj);Estr. União e Indústria, 11000 - Itaipava, Petrópolis - RJ, 25730-735, Brazil;-22.395638162437095;-43.13318721950054;Público;True;False;False;somente AC identificado;EZVolt;Shopping Center;2;2;7.0;6.25;;;False;ausente;True;False;False;"Abra os detalhes do carregador para ver os preços atualizados

Please open charger details to view up to date pricing";;False;;2026-09-20T00:28:52.118000+00:00;;2026-09-22T22:27:54.518648+00:00;https://carregados.com.br/estacoes/estacao-ez-volt-shopping-locanda-164843;True;False
carregados_rj_2026-09-22;6265;Shopping Vilarejo;petrópolis;rio de janeiro (rj);Estr. União e Indústria, 10035 - Itaipava, Petrópolis - RJ, 25730-740, Brazil;-22.401871511137095;-43.13531833840331;Público;True;True;False;somente AC identificado;Ecopoint;shopping_mall;1;1;;;2.4;;False;pago;False;False;False;;;False;;2026-09-19T18:58:42.749000+00:00;;2026-09-22T22:27:45.783131+00:00;https://carregados.com.br/estacoes/estacao-ecopoint---shopping-vilarejo-6265;True;False
carregados_rj_2026-09-22;6312;Volvo Villa Itaipava;petrópolis;rio de janeiro (rj);Estr. do Contorno, 644 - Jrd Araras, Petrópolis - RJ, 25730-760, Brazil;-22.40982185477217;-43.14672945823883;Público;True;False;False;DC presente;EZVolt;Lodging;3;3;30.0;25.88;4.0;;True;pago;True;True;False;"Abra los detalles del cargador para ver los precios actualizados

Please open charger details to view up to date pricing";;False;;2026-09-20T17:04:13.926000+00:00;;2026-09-22T22:27:19.210060+00:00;https://carregados.com.br/estacoes/estacao-volvo-villa-itaipava-6312;True;False
carregados_rj_2026-09-22;4105;Casa Do Bubi;piraí;rio de janeiro (rj);Rod. Pres. Dutra, 754 - Santa Amalia, Piraí - RJ, 27175-000, Brazil;-22.630137087543535;-43.90955610877841;Público;True;False;False;somente AC identificado;;Gas Station;2;2;;18.29;2.59;;True;pago;True;True;True;R$ 1,99/kWh;;False;;2026-09-20T14:45:14.818000+00:00;;2026-09-22T22:27:16.034087+00:00;https://carregados.com.br/estacoes/estacao-casa-do-bubi-4105;True;False
carregados_rj_2026-09-22;2072469;Haras Piraí;piraí;rio de janeiro (rj);CW6V+RV Arrozal, Piraí - RJ, Brazil;-22.587927737456607;-44.05527428436581;Restrito;False;False;False;somente AC identificado;;;1;1;;;;;False;ausente;False;False;False;;;False;;2026-09-19T15:59:25.186000+00:00;;2026-09-22T22:29:48.208699+00:00;https://carregados.com.br/estacoes/estacao-haras-pirai-2072469;True;False
carregados_rj_2026-09-22;4189;Piraí - Edp - Ipiranga Posto Nacional;piraí;rio de janeiro (rj);Rod. Pres. Dutra, 237 - Santa Amalia, Piraí - RJ, 27175-000, Brazil;-22.630364;-43.909058;Público;True;False;False;DC presente;;Gas Station;1;2;;47.28;2.67;0.0;True;pago;True;True;True;"DC: R$2,67/kWh
AC: R$2,07/kWh";;False;;2026-09-19T21:46:55.779000+00:00;;2026-09-22T22:25:43.924294+00:00;https://carregados.com.br/estacoes/estacao-edp---posto-nacional-(ipiranga)-4189?estado=rio+de+janeiro+%28rj%29;True;False
carregados_rj_2026-09-22;4190;Piraí - Sentido RJ, Mamão Restaurante;piraí;rio de janeiro (rj);Rod. Pres. Dutra, 48079 - Santa Amalia, Piraí - RJ, 27175-000, Brazil;-22.630985152187044;-43.91041006382371;Público;True;False;False;DC presente;EZVolt;Restaurant;1;2;60.0;46.91;3.25;;True;pago;True;True;False;"App EasyVolt

R$ 3,20 khw
R$ 1,00 min ocioso";Valor informado no app.;False;;2026-09-20T12:11:32.617000+00:00;;2026-09-22T22:25:43.097613+00:00;https://carregados.com.br/estacoes/estacao-mam%C3%A3o-restaurante-4190?estado=rio+de+janeiro+%28rj%29;True;False
carregados_rj_2026-09-22;246331;Arcom Cunha;porto real;rio de janeiro (rj);R. 01, 44 - Gardian, Porto Real - RJ, 27570-000, Brazil;-22.421092350877352;-44.3051727488637;Público;True;False;False;somente AC identificado;;point_of_interest;1;1;;6.0;;;False;ausente;False;False;False;1,5;;False;8 as 17;2026-09-20T01:28:40.544000+00:00;;2026-09-22T22:28:41.509336+00:00;https://carregados.com.br/estacoes/estacao-arcom-cunha-246331;True;False
carregados_rj_2026-09-22;2072017;Pousada Vip;porto real;rio de janeiro (rj);Av. Paschoina Lanconi Tavernari, 509 - Centro, Porto Real - RJ, 27570-000, Brazil;-22.424531;-44.30318399999999;Restrito;False;False;False;somente AC identificado;;;1;1;;7.0;;;False;ausente;False;False;False;2 reais o KW;;False;;2026-09-19T15:52:23.619000+00:00;;2026-09-22T22:29:04.785845+00:00;https://carregados.com.br/estacoes/estacao-pousada-vip-2072017;True;False
carregados_rj_2026-09-22;884860;JFCLIMA;queimados;rio de janeiro (rj);R. Araruama, 98 - São Roque, Queimados - RJ, 26310-240, Brazil;-22.716797816603464;-43.56246517813619;Público;True;False;False;somente AC identificado;;point_of_interest;1;2;;6.0;2.0;;True;pago;False;False;True;R$ 1,00 / KWh;;False;;2026-09-20T11:16:24.941000+00:00;;2026-09-22T22:28:22.727937+00:00;https://carregados.com.br/estacoes/estacao-jfclima-884860;True;False
carregados_rj_2026-09-22;10665;Posto Renaza Jardim 703U;queimados;rio de janeiro (rj);Rod. Pres. Dutra, 195 - Jardim Sao Miguel, Queimados - RJ, 26373-320, Brazil;-22.7294958;-43.56430839999999;Público;True;False;False;somente AC identificado;Intelbras;point_of_interest;1;1;;;;;False;ausente;False;False;False;;;False;;2026-09-19T20:39:15.922000+00:00;;2026-09-22T22:28:12.042083+00:00;https://carregados.com.br/estacoes/estacao-posto-renaza-jardim-703u-10665;True;False
carregados_rj_2026-09-22;8191;AC Type 2;resende;rio de janeiro (rj);R. 5, 74 - Parque Ipiranga, Resende - RJ, 27516-389, Brazil;-22.48516811894205;-44.46366313041581;Restrito;False;False;False;somente AC identificado;;point_of_interest;1;1;;;;;False;ausente;False;False;False;;;False;;2026-09-19T13:20:03.735000+00:00;;2026-09-22T22:29:12.461601+00:00;https://carregados.com.br/estacoes/estacao-ac-type-2-8191;True;False
carregados_rj_2026-09-22;6556;Auto Posto Mate Amargo;resende;rio de janeiro (rj);Av. Dr. Jéfferson G. Bruno, 723 - Paraíso, Resende - RJ, 27536-015, Brazil;-22.45775413775523;-44.42342465400092;Público;True;False;False;DC presente;Shell Recharge;Gas Station;2;6;;63.41;2.9;2.0;True;pago;True;True;False;2,90R$/kwh;;False;24 Horas;2026-09-20T10:31:25.990000+00:00;;2026-09-22T22:27:05.628677+00:00;https://carregados.com.br/estacoes/estacao-shell-recharge-l-posto-mate-amargo-6556;True;False
carregados_rj_2026-09-22;847;Estacionamento Torre 2 Resende Shopping;resende;rio de janeiro (rj);R. Abel Rodrigues Pontes, 61 - Jardim Jalisco, Resende - RJ, 27510-010, Brazil;-22.46615739087182;-44.45227682590485;Público;True;True;False;somente AC identificado;GreenV;Shopping Center;2;2;;16.0;1.99;2.99;True;pago;True;True;False;R$2,99 + R$1,99/kWh;;False;10:00-22:00;2026-09-20T00:42:26.393000+00:00;;2026-09-22T22:27:32.551448+00:00;https://carregados.com.br/estacoes/estacao-estacionamento-torre-2-resende-shopping-847;True;False
carregados_rj_2026-09-22;563454;Fabrica Nissan Resende;resende;rio de janeiro (rj);HJ78+JV Agulhas Negras, Resende - RJ, Brazil;-22.43596149797906;-44.38284709872952;Restrito;False;False;False;somente AC identificado;;Workplace;1;2;;;;;False;ausente;True;False;False;;;False;;2026-09-19T15:02:39.471000+00:00;;2026-09-22T22:29:50.433889+00:00;https://carregados.com.br/estacoes/estacao-fabrica-nissan-resende-563454;True;False
carregados_rj_2026-09-22;8525;Graal Embaixador;resende;rio de janeiro (rj);Rod. Pres. Dutra, Km 299, 116 - Fazenda da Barra, Resende - RJ, 12800-000, Brazil;-22.45446289512693;-44.38940163992901;Público;True;False;False;DC presente;Eletrograal;Gas Station;1;3;;60.1;2.99;2.0;True;pago;False;False;False;"AC: 2,00+2.00 kWh; DC: 2,00+2,90 kWh

(Desbloqueio: 2,00)";;True;;2026-09-20T02:45:47.774000+00:00;;2026-09-22T22:25:43.934659+00:00;https://carregados.com.br/estacoes/estacao-graal-embaixador-8525?estado=rio+de+janeiro+%28rj%29;True;False
carregados_rj_2026-09-22;7784;Hotel Fazenda Palmital;resende;rio de janeiro (rj);Vale das Pedras - Rod. Sebastião Alves do Nascimento, Queluz - SP, 12800-000, Brasil;-22.42645963494288;-44.738783687353134;Público;True;False;False;não classificado;;lodging;1;1;;;;;False;ausente;False;False;False;;;False;;2026-09-19T16:56:06.346000+00:00;;2026-09-22T22:28:56.099827+00:00;https://carregados.com.br/estacoes/estacao-hotel-fazenda-palmital-7784;True;False
carregados_rj_2026-09-22;6266;Portobello Resende;resende;rio de janeiro (rj);Av. João Ferreira Pinto, 444 - Jardim Jalisco, Resende - RJ, 27510-071, Brazil;-22.468015741642137;-44.455067329108715;Público;True;False;False;somente AC identificado;;Store;1;1;;;;;False;ausente;False;False;False;;;False;8:00 até 18:30;2026-09-19T12:08:44.721000+00:00;;2026-09-22T22:28:24.183556+00:00;https://carregados.com.br/estacoes/estacao-portobello-resende-6266;True;False
carregados_rj_2026-09-22;2075902;Posto Shell;resende;rio de janeiro (rj);Av. Saturnino Braga, 212 - Barbosa Lima, Resende - RJ, 27511-660, Brazil;-22.467648189345773;-44.451357604099535;Público;True;False;False;DC presente;EZVolt;Gas Station;1;2;90.0;62.33;2.4;;False;pago;True;True;False;"Abra los detalles del cargador para ver los precios actualizados

Plea";Relato de 31/08/2026, trecho: “ssar o mapa no aplicativo RJ Eletropostos e escolher o carregador lá. Pagamento antecipado por PIX. R$ 2,40 O KWh.”;False;;2026-09-20T04:04:47.324000+00:00;;2026-09-22T22:27:53.835688+00:00;https://carregados.com.br/estacoes/estacao-posto-shell-2075902;True;False
carregados_rj_2026-09-22;1905272;Graal Oasis;rio bonito;rio de janeiro (rj);RJ-124, 22 - Palmital, Rio Bonito - RJ, 28800-000, Brazil;-22.79747877579976;-42.45523609220982;Público;True;False;False;DC presente;Eletrograal;;1;4;;62.7;2.59;2.0;True;pago;True;True;False;2,90;Reduziram o preço da carga rápida para 2,59/kw;False;24 horas;2026-09-19T09:46:58.714000+00:00;;2026-09-22T22:27:26.505642+00:00;https://carregados.com.br/estacoes/estacao-graal-oasis-1905272;True;False
carregados_rj_2026-09-22;940903;Bati Neli;rio claro;rio de janeiro (rj);5V35+FP Lídice, Rio Claro - RJ, Brazil;-22.846364410313882;-44.140647083881156;Público;True;False;False;somente AC identificado;Intelbras;point_of_interest;1;1;;;;;False;ausente;False;False;False;;;False;;2026-09-20T01:22:07.074000+00:00;;2026-09-22T22:29:16.305274+00:00;https://carregados.com.br/estacoes/estacao-bati-neli--940903;True;False
carregados_rj_2026-09-22;2073536;Cebel Rio Das Ostras;rio das ostras;rio de janeiro (rj);Rod. Amaral Peixoto, 3690 - Bosque da Praia, Rio das Ostras - RJ, 28890-000, Brazil;-22.528884;-41.952981;Público;True;False;False;somente AC identificado;EZVolt;Gym;1;1;7.0;7.0;2.2;;False;pago;True;True;False;Valor do KW/H é de R$1,80;;False;;2026-09-20T03:37:21.769000+00:00;;2026-09-22T22:28:19.772719+00:00;https://carregados.com.br/estacoes/estacao-cebel-rio-das-ostras-2073536;True;False
carregados_rj_2026-09-22;2073032;Clube Alphaville;rio das ostras;rio de janeiro (rj);Alameda Rio Sao Francisco, Rio das Ostras - RJ, Brasil;-22.438192369205865;-41.85018304735422;Restrito;False;False;False;somente AC identificado;Tupinambá;;2;2;;6.0;;2.5;False;ausente;False;False;False;1.90;;False;;2026-09-20T10:13:03.960000+00:00;;2026-09-22T22:28:46.557135+00:00;https://carregados.com.br/estacoes/estacao-clube-alphaville-2073032;True;False
carregados_rj_2026-09-22;2072951;Condomínio Residencial Caravelas;rio das ostras;rio de janeiro (rj);R. Nova Iguaçu, 530-702 - Atlantica, Rio das Ostras - RJ, 28895-678, Brazil;-22.49691663159737;-41.92900402523317;Restrito;False;False;False;não classificado;;;1;1;;74.0;;;False;ausente;False;False;False;;;False;;2026-09-20T10:03:39.817000+00:00;;2026-09-22T22:28:49.344867+00:00;https://carregados.com.br/estacoes/estacao-condominio-residencial-caravelas-2072951;True;False
carregados_rj_2026-09-22;10671;Condomínio Residencial Parque Bali;rio das ostras;rio de janeiro (rj);R. Dr Ricardo Bartelega, 299 - Atlantica, Rio das Ostras - RJ, 28895-679, Brazil;-22.494509424058805;-41.931224937820424;Restrito;False;False;False;somente AC identificado;WEMOB;point_of_interest;1;1;;;;;False;ausente;False;False;False;;;False;;2026-09-20T13:15:47.185000+00:00;;2026-09-22T22:29:31.843283+00:00;https://carregados.com.br/estacoes/estacao-condominio-residencial-parque-bali-shopsolar-10671;True;False
carregados_rj_2026-09-22;4065;Logcenter - Shop Solar Brasil;rio das ostras;rio de janeiro (rj);R. Dois, 187 - Balneario das Garcas, Rio das Ostras - RJ, 28890-000, Brazil;-22.43869997297736;-41.86427738517523;Público;True;False;False;somente AC identificado;WEMOB;store;1;1;;6.0;1.9;;True;pago;True;True;False;R$ 1.90;;False;;2026-09-19T10:55:23.645000+00:00;;2026-09-22T22:28:58.259308+00:00;https://carregados.com.br/estacoes/estacao-logcenter-shop-solar-brasil-4065;True;False
carregados_rj_2026-09-22;409091;Padaria Marilea;rio das ostras;rio de janeiro (rj);R. Niterói, 1313 - Atlantica, Rio das Ostras - RJ, 28895-547, Brazil;-22.49916957754949;-41.92919079418032;Público;True;True;False;somente AC identificado;;bakery;1;2;;;;;False;ausente;False;False;False;;;False;7h as 20h;2026-09-19T14:59:06.845000+00:00;;2026-09-22T22:28:38.487714+00:00;https://carregados.com.br/estacoes/estacao-padaria-marilea-409091;True;False
carregados_rj_2026-09-22;9575;Prime Sol Energia Solar;rio das ostras;rio de janeiro (rj);Av. Jane Maria Martins Figueira, 97 - Jardim Mariléa, Rio das Ostras - RJ, 28890-000, Brazil;-22.514399041770353;-41.930861553680636;Público;True;True;False;somente AC identificado;Autocharge;store;1;2;;7.0;0.0;0.0;True;energia gratuita informada;True;False;False;Grátis ;;False;;2026-09-19T14:10:34.877000+00:00;;2026-09-22T22:28:06.981444+00:00;https://carregados.com.br/estacoes/estacao-prime-sol-energia-solar-9575;True;False
carregados_rj_2026-09-22;2072022;Rede Avistão Supermercado;rio das ostras;rio de janeiro (rj);Av. Jane Maria Martins Figueira, 309 - Jardim Mariléa, Rio das Ostras - RJ, 28896-052, Brazil;-22.5136835;-41.9307072;Público;True;False;False;DC presente;;;3;3;;73.0;2.1;;False;pago;False;False;False;R$2,10;;True;;2026-09-19T18:35:30.651000+00:00;;2026-09-22T22:27:48.869772+00:00;https://carregados.com.br/estacoes/estacao-rede-avistao-supermercado-2072022;True;False
carregados_rj_2026-09-22;810;Restaurante Armazém Rota 106;rio das ostras;rio de janeiro (rj);Rodovia Amaral Peixoto, Rio das Ostras - RJ, Brasil;-22.431143364462336;-41.86472464352846;Público;True;True;False;somente AC identificado;;Restaurant;1;1;;;2.0;;True;pago;True;True;False;R$2,00 por kW;;False;;2026-09-19T20:11:56.214000+00:00;;2026-09-22T22:27:37.149482+00:00;https://carregados.com.br/estacoes/estacao-restaurante-armaz%C3%A9m-rota-106-810;True;False
carregados_rj_2026-09-22;1566919;Shell GNV;rio das ostras;rio de janeiro (rj);R. Jorge Ulrick, 364 - Nova Esperança, Rio das Ostras - RJ, 28895-262, Brazil;-22.51439221959263;-41.93022663943011;Público;True;False;False;DC presente;RJ Eletropostos;Gas Station;1;2;60.0;51.69;2.5;0.0;False;pago;True;True;False;R$ 2,50, desconto para motoristas app;;False;24h;2026-09-19T09:43:56.104000+00:00;;2026-09-22T22:27:23.531956+00:00;https://carregados.com.br/estacoes/estacao-shell-gnv-1566919;True;False
carregados_rj_2026-09-22;625508;Shop Solar Parque Monte Alto;rio das ostras;rio de janeiro (rj);R. Dr Ricardo Bartelega, 299 - Atlântico, Rio das Ostras - RJ, 28895-679, Brazil;-22.4955205;-41.9325875;Público;True;False;False;somente AC identificado;WEMOB;point_of_interest;1;1;;;;;False;ausente;False;False;False;;;False;;2026-09-19T15:03:14.058000+00:00;;2026-09-22T22:30:14.980178+00:00;https://carregados.com.br/estacoes/estacao-shop-solar-eletropostos-parque-monte-alto-625508;True;False
carregados_rj_2026-09-22;5682;Shopping Plaza (SHOPSOLAR);rio das ostras;rio de janeiro (rj);G36F+C5 Rio das Ostras, RJ, Brazil;-22.488980133989504;-41.92702180944484;Público;True;False;False;DC presente;WEMOB;shopping_mall;6;6;;27.14;1.9;;True;pago;True;True;False;1,90 / 2,50;;False;10:00 às 22:00;2026-09-20T00:12:48.338000+00:00;;2026-09-22T22:27:21.218115+00:00;https://carregados.com.br/estacoes/estacao-shopping-plaza-5682;True;False
carregados_rj_2026-09-22;7319;SolGás Eletric Rio das Ostras;rio das ostras;rio de janeiro (rj);Av. Brasil, Nº51 - Extensão do Bosque, Rio das Ostras - RJ, 28893-304, Brazil;-22.52767906669393;-41.95054591884879;Público;True;False;False;DC presente;PlugAki;Gas Station;2;3;30.0;34.21;2.5;2.0;True;pago;False;False;False;"R$ 2,50 por kWh das 05h00 às 00h59
R$ 1,89 por kWh de 01h00 às 04h59
Desconto para motoristas de aplicativo cadastrados";R$ 1,89/kWh de 01h00 às 04h59 e desconto para motoristas de aplicativo cadastrados.;True;24 horas;2026-09-20T00:23:27.433000+00:00;;2026-09-22T22:27:19.162724+00:00;https://carregados.com.br/estacoes/estacao-solgas-eletric-(coming-soon)-7319;True;False
carregados_rj_2026-09-22;2072790;Supermarket - Rio Das Ostras;rio das ostras;rio de janeiro (rj);Rua Rio de Janeiro, 717 - Cidade Praiana, Rio das Ostras - RJ, 28890-044, Brazil;-22.555876;-41.979493;Público;True;False;False;somente AC identificado;EZVolt;Store;3;3;7.0;27.5;;;False;ausente;True;False;False;"Abra los detalles del cargador para ver los precios actualizados

Please open charger details to view up to date pricing";;False;;2026-09-19T19:32:13.215000+00:00;;2026-09-22T22:28:28.556875+00:00;https://carregados.com.br/estacoes/estacao-supermarket-rio-das-ostras-2072790;True;False
carregados_rj_2026-09-22;2076747;Vilarejo Praia Hotel;rio das ostras;rio de janeiro (rj);RJ-106, 1700 - Cidade Beira Mar, Rio das Ostras - RJ, 28890-257, Brazil;-22.548854138982474;-41.97409622561817;Restrito;False;False;False;não classificado;;;1;1;;3.0;;;False;ausente;False;False;False;;;False;;2026-09-19T22:34:43.178000+00:00;;2026-09-22T22:29:10.418816+00:00;https://carregados.com.br/estacoes/estacao-vilarejo-praia-hotel-2076747;True;False
carregados_rj_2026-09-22;8713;Wagner;rio das ostras;rio de janeiro (rj);R. Vinicius de Moraes, 133 - Jardim Campomar, Rio das Ostras - RJ, 28890-296, Brazil;-22.536010967443588;-41.96688229101842;Público;True;False;False;não classificado;;point_of_interest;1;1;;;2.0;20.0;True;pago;False;False;False;R$ 20,00 reserva + R$ 2,00 kwh;;True;07:00 as 18:00;2026-09-19T13:41:16.036000+00:00;;2026-09-22T22:29:11.069264+00:00;https://carregados.com.br/estacoes/estacao-wagner-8713;True;False
carregados_rj_2026-09-22;5363;360 On The Park;rio de janeiro;rio de janeiro (rj);300 península - Av. Flamboyants da Península - Barra da Tijuca, Rio de Janeiro - RJ, 22776-090, Brazil;-22.987262613756084;-43.35570685429914;Restrito;False;False;False;somente AC identificado;Ecopoint;park;1;1;;;;;False;ausente;False;False;False;;;False;;2026-09-19T11:41:16.423000+00:00;;2026-09-22T22:29:12.035232+00:00;https://carregados.com.br/estacoes/estacao-ecopoint---360-on-the-park-5363;True;False
carregados_rj_2026-09-22;842;Academia Ķonnen;rio de janeiro;rio de janeiro (rj);Estr. dos Bandeirantes, 18080 - Loja D - Vargem Pequena, Rio de Janeiro - RJ, 22783-114, Brazil;-22.981970552447578;-43.46740588545799;Restrito;False;False;False;somente AC identificado;;gym;1;1;;;;;False;ausente;True;False;False;;;False;6 as 22h ;2026-09-19T20:42:54.935000+00:00;;2026-09-22T22:28:26.413621+00:00;https://carregados.com.br/estacoes/estacao-academia-%C4%B7onnen-842;True;False
carregados_rj_2026-09-22;841;Aeroporto Do Galeão RJ;rio de janeiro;rio de janeiro (rj);Aeroporto Internacional Do Galeao, 3 - Galeão, Rio de Janeiro - RJ, 21941-570, Brazil;-22.814225429276025;-43.24704090395202;Público;True;False;False;somente AC identificado;Tupinambá;airport;1;2;;7.0;1.9;;True;pago;False;False;False;"R$ 1,90/kWh
Tupinambá";;True;;2026-09-19T09:04:33.977000+00:00;;2026-09-22T22:27:48.884431+00:00;https://carregados.com.br/estacoes/estacao-aeroporto-do-gale%C3%A3o-rj-841;True;False
carregados_rj_2026-09-22;4397;Alfa Classic;rio de janeiro;rio de janeiro (rj);R. Padre Alfredo Pérez Gonzáles, 80 - Barra da Tijuca, Rio de Janeiro - RJ, 22793-075, Brazil;-23.009758;-43.3682364;Restrito;False;False;False;somente AC identificado;;gas_station;1;1;;;;;False;ausente;False;False;False;;;False;;2026-09-19T11:07:31.919000+00:00;;2026-09-22T22:29:12.834583+00:00;https://carregados.com.br/estacoes/estacao-recar---eletroposto-alfa-classic-4397;True;False
carregados_rj_2026-09-22;4124;Alfa Taurus e Sirius;rio de janeiro;rio de janeiro (rj);Av. Ayrton Senna, 270 - Barra da Tijuca, Rio de Janeiro - RJ, 22793-000, Brazil;-23.0081641;-43.3655148;Restrito;False;False;False;somente AC identificado;;gas_station;1;1;;;;;False;ausente;False;False;False;;;False;;2026-09-19T10:58:40.288000+00:00;;2026-09-22T22:29:13.143443+00:00;https://carregados.com.br/estacoes/estacao-recar---eletroposto-alfa-taurus-e-sirius-4124;True;False
carregados_rj_2026-09-22;4134;América Mall;rio de janeiro;rio de janeiro (rj);Av. das Américas, 6700 - 218 - Barra da Tijuca, Rio de Janeiro - RJ, 22793-080, Brazil;-22.99952686598371;-43.37940528988838;Público;True;True;False;somente AC identificado;EZVolt;Shopping Center;1;1;7.0;;;;True;ausente;True;False;False;"Abra os detalhes do carregador para ver os preços atualizados

Please open charger details to view up to date pricing";;False;;2026-09-19T10:58:42.258000+00:00;;2026-09-22T22:29:13.560580+00:00;https://carregados.com.br/estacoes/estacao-promoinfo-barra-4134;True;False
carregados_rj_2026-09-22;1107;Américas Shopping;rio de janeiro;rio de janeiro (rj);R. Orlando Madeira de Lei, 21 - Recreio dos Bandeirantes, Rio de Janeiro - RJ, 22790-365, Brazil;-23.010073;-43.459854;Público;True;True;False;somente AC identificado;Tupinambá;shopping_mall;4;4;;3.83;;;False;ausente;False;False;False;;;False;10h às 22h seg-sab, dom 11h-21h;2026-09-19T19:50:28.604000+00:00;;2026-09-22T22:27:15.292607+00:00;https://carregados.com.br/estacoes/estacao-am%C3%A9ricas-shopping-1107;True;False
carregados_rj_2026-09-22;4989;Aquarela Carioca Condomínio;rio de janeiro;rio de janeiro (rj);R. do Bpo., 191 - Rio Comprido, Rio de Janeiro - RJ, 20261-066, Brazil;-22.923091856715615;-43.213711399999994;Restrito;False;False;False;somente AC identificado;Ecopoint;park;1;1;;;;;False;ausente;False;False;False;;;False;;2026-09-19T11:27:21.326000+00:00;;2026-09-22T22:29:13.557998+00:00;https://carregados.com.br/estacoes/estacao-ecopoint---aquarela-carioca-condominio-4989;True;False
carregados_rj_2026-09-22;4992;Aquarius Residencial;rio de janeiro;rio de janeiro (rj);Rua Araguaia, 1266, Bloco 1 - 411 - Freguesia (Jacarepaguá), Rio de Janeiro - RJ, 22745-271, Brazil;-22.93481645671948;-43.3349212;Restrito;False;False;False;somente AC identificado;Ecopoint;park;1;1;;;;;False;ausente;False;False;False;;;False;;2026-09-19T11:27:23.225000+00:00;;2026-09-22T22:29:13.767968+00:00;https://carregados.com.br/estacoes/estacao-ecopoint---aquarius-residencial-4992;True;False
carregados_rj_2026-09-22;1071;Aqwa Corporate;rio de janeiro;rio de janeiro (rj);Av. Oscar Niemeyer, 2000 - bl 1 sala 301 - Santo Cristo, Rio de Janeiro - RJ, 20220-297, Brazil;-22.893839433940546;-43.19699797779322;Restrito;False;False;False;somente AC identificado;Enel X;Parking Garage/Lot;6;6;;;;;False;ausente;True;False;False;Gratuito (paga apenas o estacionamento: R$38 diária ou R$12 hora);;False;;2026-09-19T09:11:49.855000+00:00;;2026-09-22T22:28:00.311786+00:00;https://carregados.com.br/estacoes/estacao-aqwa-corporate-1071;True;False
carregados_rj_2026-09-22;4213;Assai Atacadista Barra Da Tijuca;rio de janeiro;rio de janeiro (rj);Av. das Américas, 900 - Barra da Tijuca, Rio de Janeiro - RJ, 22640-100, Brazil;-23.001891;-43.323279;Público;True;False;False;somente AC identificado;Enel X;Shopping Center;3;3;;7.0;;;False;ausente;True;False;False;R$1,59/kWh;;False;;2026-09-20T23:30:42.240000+00:00;;2026-09-22T22:27:04.775484+00:00;https://carregados.com.br/estacoes/estacao-assai-atacadista-barra-da-tijuca-4213;True;False
carregados_rj_2026-09-22;1145;Assaí Atacadista - Galeão;rio de janeiro;rio de janeiro (rj);Estrada do Galeão, 2.700 - Portuguesa, Rio de Janeiro - RJ, 21931-582, Brazil;-22.80441940849043;-43.207217746557625;Público;True;False;False;somente AC identificado;;grocery_or_supermarket;3;3;;6.0;;;True;ausente;True;False;False;Pago;;False;07:00 às 23:00;2026-09-20T18:23:25.706000+00:00;;2026-09-22T22:27:19.863548+00:00;https://carregados.com.br/estacoes/estacao-assa%C3%AD-atacadista---gale%C3%A3o-1145;True;False
carregados_rj_2026-09-22;2076726;Atacadão Guadalupe;rio de janeiro;rio de janeiro (rj);Av. Brasil, 22956 - Guadalupe, Rio de Janeiro - RJ, 21660-000, Brazil;-22.843219916974675;-43.37501887232065;Público;True;False;False;DC presente;ChargeOn;;1;1;;15.0;1.99;;False;pago;False;False;False;2,09;;True;;2026-09-19T22:33:47.339000+00:00;;2026-09-22T22:28:12.837670+00:00;https://carregados.com.br/estacoes/estacao-atacadao-guadalupe-2076726;True;False
carregados_rj_2026-09-22;1139535;Atantis Park;rio de janeiro;rio de janeiro (rj);Estr. do Monteiro, 323 - Campo Grande, Rio de Janeiro - RJ, 23045-831, Brazil;-22.9149102;-43.5630225;Restrito;False;False;False;somente AC identificado;;point_of_interest;1;1;;;;;False;ausente;False;False;False;;;False;;2026-09-19T15:27:34.954000+00:00;;2026-09-22T22:29:14.215410+00:00;https://carregados.com.br/estacoes/estacao-atantis-park-1139535;True;False
carregados_rj_2026-09-22;884873;Atual Clube;rio de janeiro;rio de janeiro (rj);Estr. da Cachamorra, 402 - Campo Grande, Rio de Janeiro - RJ, 23040-150, Brazil;-22.91822093809447;-43.55112332850695;Público;True;False;False;somente AC identificado;;point_of_interest;1;1;;;;;False;ausente;False;False;False;;;False;;2026-09-20T13:10:20.474000+00:00;;2026-09-22T22:28:41.489416+00:00;https://carregados.com.br/estacoes/estacao-atual-clube-884873;True;False
carregados_rj_2026-09-22;4243;Autokraft BMW;rio de janeiro;rio de janeiro (rj);Av. das Américas, 1730 - Barra da Tijuca, Rio de Janeiro - RJ, 22640-101, Brazil;-23.000334290764926;-43.3321044111145;Restrito;False;False;False;somente AC identificado;;Dealership;1;1;7.0;;;;False;ausente;True;False;False;;;False;;2026-09-19T11:02:07.477000+00:00;;2026-09-22T22:28:04.019668+00:00;https://carregados.com.br/estacoes/estacao-autokraft-bmw-4243;True;False
carregados_rj_2026-09-22;4264;Autovagas;rio de janeiro;rio de janeiro (rj);Av. Ayrton Senna, 2200 - Barra da Tijuca, Rio de Janeiro - RJ, 22775-003, Brazil;-22.99162605888204;-43.36378436290249;Público;True;False;False;somente AC identificado;Parkstrom;park;1;1;;;2.35;1.53;True;pago;True;True;False;R$2,35 / kWh + R$1,53 taxa de desbloqueio;;False;24h;2026-09-19T11:02:23.477000+00:00;;2026-09-22T22:28:26.366316+00:00;https://carregados.com.br/estacoes/estacao-estacionamento-autovagas---carregador-parkstrom-4264;True;False
carregados_rj_2026-09-22;4100;BMW - Hotel Fasano RJ;rio de janeiro;rio de janeiro (rj);Av. Vieira Souto, 80 - Ipanema, Rio de Janeiro - RJ, 22420-002, Brazil;-22.9871556;-43.1962104;Público;True;False;False;somente AC identificado;;hotel;1;1;;;;;False;ausente;False;False;False;;;False;;2026-09-19T10:57:20.143000+00:00;;2026-09-22T22:28:42.207658+00:00;https://carregados.com.br/estacoes/estacao-bmw---hotel-fasano-rj-4100;True;False
carregados_rj_2026-09-22;827;BMW - Ninho Do Urubu;rio de janeiro;rio de janeiro (rj);Estr. dos Bandeirantes, 25997 - Vargem Grande, Rio de Janeiro - RJ, 22785-275, Brazil;-22.9841185;-43.5057231;Restrito;False;False;False;somente AC identificado;;car_dealer;1;1;;;;;False;ausente;False;False;False;;;False;;2026-09-21T00:13:28.261000+00:00;;2026-09-22T22:29:14.219492+00:00;https://carregados.com.br/estacoes/estacao-bmw---ninho-do-urubu-827;True;False
carregados_rj_2026-09-22;2075016;BP Park;rio de janeiro;rio de janeiro (rj);Blvd. 28 de Setembro, 229 A - Vila Isabel, Rio de Janeiro - RJ, 20551-030, Brazil;-22.91543050248064;-43.242791667580605;Público;True;False;False;somente AC identificado;;;1;1;;;;;False;ausente;False;False;False;R$3,00;;False;;2026-09-20T10:52:18.738000+00:00;;2026-09-22T22:29:14.445452+00:00;https://carregados.com.br/estacoes/estacao-bp-park-2075016;True;False
carregados_rj_2026-09-22;4278;BR Marinas - Marina Da Glória;rio de janeiro;rio de janeiro (rj);Av. Infante Dom Henrique, 735 - Glória, Rio de Janeiro - RJ, 20021-140, Brazil;-22.919887605498822;-43.170085013783314;Público;True;False;False;somente AC identificado;EZVolt;Marina;2;2;7.0;5.0;;;False;ausente;True;False;False;Abra os detalhes do carregador para ver os preços atualizados;;False;"Segunda a sábado 08:00 - 23:00
domingo 08:00 - 21:00";2026-09-19T23:40:31.285000+00:00;;2026-09-22T22:28:00.297660+00:00;https://carregados.com.br/estacoes/estacao-br-marinas---marina-da-gl%C3%B3ria-4278;True;False
carregados_rj_2026-09-22;356465;BYD Itavema;rio de janeiro;rio de janeiro (rj);Av. das Américas, 26 - Barra da Tijuca, Rio de Janeiro - RJ, 23020-470, Brazil;-23.00022988681192;-43.3334877505076;Público;True;False;False;DC presente;;car_dealer;1;2;;17.0;2.5;;True;pago;False;False;False;2,50 p/Kw acesso pelo aplicativo da BYD RECHARGE ou Tupinambá ;;True;;2026-09-20T03:11:16.759000+00:00;;2026-09-22T22:28:07.946943+00:00;https://carregados.com.br/estacoes/estacao-byd-itavema-356465;True;False
carregados_rj_2026-09-22;6428;BYD Itavema Botafogo;rio de janeiro;rio de janeiro (rj);R. São Clemente, 253 - Botafogo, Rio de Janeiro - RJ, 22260-007, Brazil;-22.950246304179295;-43.19039739668369;Restrito;False;False;False;DC presente;;car_dealer;5;5;;;;;False;ausente;False;False;False;;;False;08:00 às 17:00;2026-09-19T12:12:42.797000+00:00;;2026-09-22T22:29:14.899257+00:00;https://carregados.com.br/estacoes/estacao-byd-itavema-botafogo-6428;True;False
carregados_rj_2026-09-22;2075384;BYD Jacarepaguá;rio de janeiro;rio de janeiro (rj);R. São Jorge, 433 - Freguesia (Jacarepaguá), Rio de Janeiro - RJ, 22760-175, Brazil;-22.944302369991252;-43.346022851765156;Público;True;False;False;DC presente;;;2;2;;;;;False;ausente;False;False;False;;;False;;2026-09-19T17:49:47.896000+00:00;;2026-09-22T22:29:14.889023+00:00;https://carregados.com.br/estacoes/estacao-byd-jacarepagua-2075384;True;False
carregados_rj_2026-09-22;5570;BYD Residencial;rio de janeiro;rio de janeiro (rj);Rua Arnaldo Addor, 290 - Brás de Pina, Rio de Janeiro - RJ, 21235-760, Brazil;-22.8333654;-43.3127252;Restrito;False;False;False;DC presente;;Residential;1;3;;;;;False;ausente;False;False;False;;;False;;2026-09-19T11:48:28.433000+00:00;;2026-09-22T22:29:15.119981+00:00;https://carregados.com.br/estacoes/estacao-byd-6%2C4-kw-residencial-5570;True;False
carregados_rj_2026-09-22;1094;Barra Bali - Red Bali;rio de janeiro;rio de janeiro (rj);Av. Djalma Ribeiro, 20 - Barra da Tijuca, Rio de Janeiro - RJ, 22790-790, Brazil;-23.0095839426766;-43.43827910721302;Restrito;False;False;False;somente AC identificado;Ecopoint;lodging;1;1;;;;;False;ausente;False;False;False;;;False;;2026-09-21T00:16:40.003000+00:00;;2026-09-22T22:28:29.262606+00:00;https://carregados.com.br/estacoes/estacao-barra-bali---red-bali-1094;True;False
carregados_rj_2026-09-22;625478;Barra Leme Hotel;rio de janeiro;rio de janeiro (rj);Av. Cmte. Júlio de Moura, 125 - Barra da Tijuca, Rio de Janeiro - RJ, 22620-011, Brazil;-23.014404853245345;-43.30303831315994;Restrito;False;False;False;somente AC identificado;Ecopoint;point_of_interest;1;1;;;;;False;ausente;False;False;False;;;False;;2026-09-19T15:02:55.803000+00:00;;2026-09-22T22:29:15.616300+00:00;https://carregados.com.br/estacoes/estacao-ecopoint-barra-leme-hotel-625478;True;False
carregados_rj_2026-09-22;1078;Barra Point;rio de janeiro;rio de janeiro (rj);Av. Armando Lombardi, 350 - Barra da Tijuca, Rio de Janeiro - RJ, 22640-000, Brazil;-23.006194;-43.308604;Público;True;False;False;somente AC identificado;;Shopping Center;1;1;3.7;;;;True;ausente;True;False;False;Free;;False;;2026-09-19T09:11:57.727000+00:00;;2026-09-22T22:27:45.081605+00:00;https://carregados.com.br/estacoes/estacao-barra-point-1078;True;False
carregados_rj_2026-09-22;5376;Barra Royal Plaza;rio de janeiro;rio de janeiro (rj);Av. Lúcio Costa, 5550 - Barra da Tijuca, Rio de Janeiro - RJ, 22630-012, Brazil;-23.00975694176034;-43.352741951125495;Restrito;False;False;False;somente AC identificado;Ecopoint;park;1;1;;;;;False;ausente;False;False;False;;;False;;2026-09-19T11:41:39.037000+00:00;;2026-09-22T22:29:15.758343+00:00;https://carregados.com.br/estacoes/estacao-ecopoint---barra-royal-plaza-5376;True;False
carregados_rj_2026-09-22;1057;Barra Shopping;rio de janeiro;rio de janeiro (rj);Av. das Américas, 4444 - Barra da Tijuca, Rio de Janeiro - RJ, 22640-102, Brazil;-22.998726;-43.357454;Público;True;False;False;somente AC identificado;;Shopping Center;6;6;22.0;16.0;;13.0;True;ausente;True;False;False;Free;;False;Segunda a sábado das 10 às 22 / domingo das 13 às 21;2026-09-20T10:44:25.660000+00:00;;2026-09-22T22:27:09.988523+00:00;https://carregados.com.br/estacoes/estacao-barra-shopping-1057;True;False
carregados_rj_2026-09-22;6478;Barra Shopping;rio de janeiro;rio de janeiro (rj);Av. das Américas, 4666 - Barra da Tijuca, Rio de Janeiro - RJ, 22640-102, Brazil;-22.997798866998636;-43.356739953160286;Público;True;False;False;somente AC identificado;;shopping_mall;3;3;;6.0;;;False;ausente;True;False;False;;;False;10:00-23:00;2026-09-19T12:14:31.007000+00:00;;2026-09-22T22:27:49.532592+00:00;https://carregados.com.br/estacoes/estacao-barra-shopping---entrada-m-6478;True;False
carregados_rj_2026-09-22;6395;Barra Shopping - Entrada D;rio de janeiro;rio de janeiro (rj);Av. das Américas, 4666 - Barra da Tijuca, Rio de Janeiro - RJ, 22640-102, Brazil;-22.997988395923574;-43.358666576898784;Público;True;False;False;somente AC identificado;;shopping_mall;2;2;;;;;False;ausente;False;False;False;R$13.00 A HORA;;False;;2026-09-20T10:09:40.922000+00:00;;2026-09-22T22:27:43.570213+00:00;https://carregados.com.br/estacoes/estacao-aabb---barra-shopping-6395;True;False
carregados_rj_2026-09-22;8989;Barra Shopping - Entrada I;rio de janeiro;rio de janeiro (rj);Avenida das Américas, 4666 - LOJA: 129 B - Barra da Tijuca, Rio de Janeiro - RJ, 22640-102, Brazil;-22.996605728142164;-43.360317838330616;Público;True;False;False;somente AC identificado;;shopping_mall;10;10;;11.33;;;False;ausente;False;False;False;;;False;;2026-09-20T03:02:53.452000+00:00;;2026-09-22T22:27:31.824277+00:00;https://carregados.com.br/estacoes/estacao-barra-shopping-saida-i-8989;True;False
carregados_rj_2026-09-22;4996;Barra Square Expansão;rio de janeiro;rio de janeiro (rj);Av. das Américas, 3665 - loja 241 - Barra da Tijuca, Rio de Janeiro - RJ, 22631-003, Brazil;-23.001285656741196;-43.350028800000004;Público;True;False;False;somente AC identificado;Ecopoint;park;1;1;;5.0;;;False;ausente;False;False;False;;;False;;2026-09-19T11:28:31.241000+00:00;;2026-09-22T22:28:08.412484+00:00;https://carregados.com.br/estacoes/estacao-ecopoint---barra-square-expans%C3%A3o-4996;True;False
carregados_rj_2026-09-22;5383;Barra Village Lakes;rio de janeiro;rio de janeiro (rj);R. Nicette Bruno, 75 - Recreio dos Bandeirantes, Rio de Janeiro - RJ, 22790-657, Brazil;-23.00766925674329;-43.46252225;Restrito;False;False;False;somente AC identificado;Ecopoint;park;1;1;;;;;False;ausente;False;False;False;;;False;;2026-09-19T11:42:49.726000+00:00;;2026-09-22T22:29:16.303566+00:00;https://carregados.com.br/estacoes/estacao-ecopoint---barra-village-lakes-5383;True;False
carregados_rj_2026-09-22;1031;Barralife Medical Center;rio de janeiro;rio de janeiro (rj);Av. Armando Lombardi, 1000 - Barra da Tijuca, Rio de Janeiro - RJ, 22410-003, Brazil;-23.005517;-43.314138;Público;True;True;False;somente AC identificado;;Hospital/Healthcare;1;1;3.7;;;;True;ausente;True;False;False;Free;;False;;2026-09-20T10:07:53.278000+00:00;;2026-09-22T22:28:04.628340+00:00;https://carregados.com.br/estacoes/estacao-barralife-medical-center-1031;True;False
carregados_rj_2026-09-22;861;Benfica - Cadeg;rio de janeiro;rio de janeiro (rj);R. Cap. Félix, 110 - Benfica, Rio de Janeiro - RJ, 20920-310, Brazil;-22.895388;-43.235895;Público;True;False;False;somente AC identificado;;park;1;1;;40.5;;;False;ausente;True;False;False;;;False;;2026-09-20T11:18:35.335000+00:00;;2026-09-22T22:27:33.994343+00:00;https://carregados.com.br/estacoes/estacao-cadeg-861;True;False
carregados_rj_2026-09-22;2076298;Bidoo;rio de janeiro;rio de janeiro (rj);Avenida das Américas 12900, Recreio dos Bandeirantes, Rio de Janeiro - Rio de Janeiro, 22790-701, Brasil;-23.006162316433574;-43.43746905708505;Público;True;False;False;DC presente;bidoo;;10;10;;59.67;2.4;5.0;False;pago;False;False;False;;;True;De Seg. à Sáb. das 6h ás 22h.;2026-09-20T00:15:42.820000+00:00;;2026-09-22T22:28:19.027443+00:00;https://carregados.com.br/estacoes/estacao-de-carregamento-bidoo-2076298;True;False
carregados_rj_2026-09-22;6019;Blue Chip;rio de janeiro;rio de janeiro (rj);Av. das Américas, 3333/815 - Barra da Tijuca, Rio de Janeiro - RJ, 22631-003, Brazil;-23.0009209;-43.3478293;Público;True;False;False;somente AC identificado;;Workplace;1;1;;;1.99;1.07;True;pago;True;True;False;R$1,07 + R$1,99 por kWh;;False;;2026-09-19T12:00:22.666000+00:00;;2026-09-22T22:29:16.402609+00:00;https://carregados.com.br/estacoes/estacao-recar---eletroposto-blue-chip-6019;True;False
carregados_rj_2026-09-22;10871;Bolsa Do Rio;rio de janeiro;rio de janeiro (rj);R. do Ouvidor, 14 - Centro, Rio de Janeiro - RJ, 20010-150, Brazil;-22.902049011004273;-43.174459717196655;Público;True;False;False;somente AC identificado;Zletric;point_of_interest;1;1;;;;;False;ausente;False;False;False;;;False;;2026-09-19T14:46:39.878000+00:00;;2026-09-22T22:28:29.246015+00:00;https://carregados.com.br/estacoes/estacao-zletric-bolsa-do-rio-1-10871;True;False
carregados_rj_2026-09-22;4097;Botafogo Praia Shopping;rio de janeiro;rio de janeiro (rj);Botafogo Praia Shopping - Botafogo, Rio de Janeiro - RJ, 22251, Brazil;-22.947335;-43.18333;Público;True;False;False;somente AC identificado;EZVolt;Shopping Center;4;4;22.0;6.8;0.0;;True;energia gratuita informada;True;False;False;;;False;;2026-09-19T10:46:34.849000+00:00;;2026-09-22T22:27:08.028177+00:00;https://carregados.com.br/estacoes/estacao-botafogo-shopping-4097;True;False
carregados_rj_2026-09-22;4283;Botafogo Trade Center;rio de janeiro;rio de janeiro (rj);R. Prof. Álvaro Rodrigues, 352 - 11o andar - Botafogo, Rio de Janeiro - RJ, 22280-040, Brazil;-22.952351304224617;-43.18470698643874;Público;True;False;False;somente AC identificado;Zletric;park;2;2;;;1.99;;True;pago;True;True;False;R$1,99/kWh;;False;;2026-09-19T12:12:40.842000+00:00;;2026-09-22T22:28:08.405277+00:00;https://carregados.com.br/estacoes/estacao-zletric---botafogo-trade-center-4283;True;False
carregados_rj_2026-09-22;1074;Buenos Aires Corporate;rio de janeiro;rio de janeiro (rj);R. Buenos Aires, 15 - Centro, Rio de Janeiro - RJ, 20070-022, Brazil;-22.902054032610412;-43.176710756448756;Restrito;False;False;False;somente AC identificado;Zletric;point_of_interest;1;1;;;;;False;ausente;True;False;False;;;False;;2026-09-21T00:16:16.339000+00:00;;2026-09-22T22:29:17.054003+00:00;https://carregados.com.br/estacoes/estacao-zletric---buenos-aires-corporate-1074;True;False
carregados_rj_2026-09-22;1088;Burger King;rio de janeiro;rio de janeiro (rj);Av. das Américas, 15704 - Recreio dos Bandeirantes, Rio de Janeiro - RJ, 22790-704, Brazil;-23.013365;-43.465248;Público;True;False;False;somente AC identificado;EZVolt;Restaurant;1;1;7.0;;2.07;1.0;True;pago;True;True;False;R$1,00 + R$2,07 por kWh — R$0,02 por minuto de ociosidade ;;False;;2026-09-21T00:16:37.183000+00:00;;2026-09-22T22:27:37.865357+00:00;https://carregados.com.br/estacoes/estacao-burger-king-1088;True;False
carregados_rj_2026-09-22;1123;Burger King;rio de janeiro;rio de janeiro (rj);Av. das Américas, 10017 - Barra da Tijuca, Rio de Janeiro - RJ, 22793-082, Brazil;-23.000485407385113;-43.40564116690871;Público;True;False;False;somente AC identificado;EZVolt;Restaurant;3;3;7.0;;;;False;ausente;True;False;False;Abra os detalhes do carregador para ver os preços atualizados;;False;;2026-09-21T00:17:00.564000+00:00;;2026-09-22T22:28:08.659098+00:00;https://carregados.com.br/estacoes/estacao-burguer-king-reserva-1123;True;False
carregados_rj_2026-09-22;2076578;Byd Ab Abolição;rio de janeiro;rio de janeiro (rj);Av. Dom Hélder Câmara, 7570 - Abolição, Rio de Janeiro - RJ, 21380-008, Brazil;-22.8850732;-43.3007381;Público;True;False;False;DC presente;;;1;2;;;;;False;ausente;True;False;False;2,50$ kw;;False;;2026-09-19T13:11:35.980000+00:00;;2026-09-22T22:28:45.119601+00:00;https://carregados.com.br/estacoes/estacao-byd-ab-abolicao-2076578;True;False
carregados_rj_2026-09-22;6030;C Design Hotel;rio de janeiro;rio de janeiro (rj);Av. Lúcio Costa, 17360 - Recreio dos Bandeirantes, Rio de Janeiro - RJ, 22795-009, Brazil;-23.027112538644285;-43.46485247531624;Público;True;False;False;somente AC identificado;Power2Go;park;1;1;;;1.8;;False;pago;True;True;False;1,85 KWh;;False;;2026-09-19T20:22:40.987000+00:00;;2026-09-22T22:28:04.754264+00:00;https://carregados.com.br/estacoes/estacao-power2go---c-design-hotel-6030;True;False
carregados_rj_2026-09-22;6037;CAOA Chery Taiyuan - Campo Grande;rio de janeiro;rio de janeiro (rj);Estr. Rio do A, 2275 - Campo Grande, Rio de Janeiro - RJ, 23080-300, Brazil;-22.89341690527742;-43.55957731604576;Público;True;False;False;somente AC identificado;;car_dealer;1;1;;30.0;;;False;ausente;False;False;False;;;False;"Segunda a Sexta - 08:00 / 18:00
Sábado - 09:30 / 13:30
Domingo - Fechado";2026-09-20T02:43:49.495000+00:00;;2026-09-22T22:28:19.014470+00:00;https://carregados.com.br/estacoes/estacao-caoa-chery-taiyuan---campo-grande-6037;True;False
carregados_rj_2026-09-22;1129;Campo Olímpico De Golfe;rio de janeiro;rio de janeiro (rj);Av. Gen. Moisés Castelo Branco Filho, 700 - Barra da Tijuca, Rio de Janeiro - RJ, 22793-365;-23.003537503861967;-43.40150371121863;Público;True;False;False;DC presente;Link+;Recreation;3;5;;76.5;2.5;;True;pago;False;False;False;R$ 2,50/kWh;;True;Segunda a Domingo das 06:30 às 02:00;2026-09-19T16:54:00.201000+00:00;;2026-09-22T22:27:14.554120+00:00;https://carregados.com.br/estacoes/estacao-campo-ol%C3%ADmpico-de-golfe-1129;True;False
carregados_rj_2026-09-22;5544;Canadá;rio de janeiro;rio de janeiro (rj);Av. Claudio Besserman Vianna, 03, BL9 e BL10 - Vila Pan-Americana - Jacarepaguá, Rio de Janeiro - RJ, 22775-036, Brazil;-22.971355843597003;-43.35695328755797;Restrito;False;False;False;somente AC identificado;;gas_station;2;2;;;1.9;2.0;False;pago;False;False;False;;;False;;2026-09-19T11:47:50.017000+00:00;;2026-09-22T22:28:29.962786+00:00;https://carregados.com.br/estacoes/estacao-recar---eletroposto-canad%C3%A1-5544;True;False
carregados_rj_2026-09-22;164818;Carioca;rio de janeiro;rio de janeiro (rj);Av. das Américas, 7597 - Barra da Tijuca, Rio de Janeiro - RJ, 22793-081, Brazil;-23.0005003722761;-43.37589208332825;Público;True;False;False;DC presente;EZVolt;Charging Hub;5;11;210.0;52.06;2.47;1.0;True;pago;False;False;False;Please open charger details to view up to date pricing;;True;;2026-09-22T11:45:29.218000+00:00;;2026-09-22T22:27:13.862422+00:00;https://carregados.com.br/estacoes/estacao-eletroposto-carioca-164818;True;False
carregados_rj_2026-09-22;9969;Carioca - Palácio Da Cidade;rio de janeiro;rio de janeiro (rj);R. São Clemente, 360 - Botafogo, Rio de Janeiro - RJ, 22260-006, Brazil;-22.9502231;-43.1942029;Público;True;False;False;somente AC identificado;EZVolt;Government;2;2;7.0;;;;False;ausente;True;False;False;"Abra os detalhes do carregador para ver os preços atualizados

Please open charger details to view up to date pricing";;False;;2026-09-20T10:37:02.713000+00:00;;2026-09-22T22:29:18.501286+00:00;https://carregados.com.br/estacoes/estacao-palacio-da-cidade-9969;True;False
carregados_rj_2026-09-22;1079;Carrefour Hipermercado Rio Barra;rio de janeiro;rio de janeiro (rj);Av. das Américas, 5150 - Barra da Tijuca, Rio de Janeiro - RJ, 22640-102, Brazil;-22.997301;-43.362525;Público;True;False;False;somente AC identificado;;Shopping Center;1;1;7.0;29.0;2.07;;True;pago;True;True;True;R$ 1,79 /kWh;;False;;2026-09-19T09:11:58.734000+00:00;;2026-09-22T22:27:43.592159+00:00;https://carregados.com.br/estacoes/estacao-carrefour-hipermercado-rio-barra-1079;True;False
carregados_rj_2026-09-22;7133;Carregador;rio de janeiro;rio de janeiro (rj);Samuel das Neves - Pechincha, Rio de Janeiro - RJ, 22770-110, Brazil;-22.92794;-43.35843999999999;Restrito;False;False;False;não classificado;;point_of_interest;1;1;;;;;False;ausente;False;False;False;;;False;;2026-09-19T12:28:54.628000+00:00;;2026-09-22T22:29:18.494752+00:00;https://carregados.com.br/estacoes/estacao-carregador-7133;True;False
carregados_rj_2026-09-22;1045;Carvalhoz;rio de janeiro;rio de janeiro (rj);R. Marcos Paulo, 101 - Recreio dos Bandeirantes, Rio de Janeiro - RJ, 22790-676, Brazil;-23.010876359085294;-43.4719505533576;Restrito;False;False;False;somente AC identificado;Ecopoint;lodging;1;1;;;2.5;;True;pago;False;False;False;2,50 KW/h;;False;;2026-09-20T12:01:20.928000+00:00;;2026-09-22T22:28:45.102856+00:00;https://carregados.com.br/estacoes/estacao-carvalhoz-1045;True;False
carregados_rj_2026-09-22;1080;Casa Shopping Barra;rio de janeiro;rio de janeiro (rj);Av. das Américas, 2510 - Barra da Tijuca, Rio de Janeiro - RJ, 22775-900, Brazil;-22.992778;-43.363683;Público;True;False;False;somente AC identificado;;Shopping Center;2;2;7.0;6.0;2.07;1.0;True;pago;True;True;False;"R$1,00 + R$2,07 por kWh
R$0,02 por minuto de ociosidade ";;False;;2026-09-19T09:12:05.769000+00:00;;2026-09-22T22:27:31.041424+00:00;https://carregados.com.br/estacoes/estacao-casa-shopping-barra-1080;True;False
carregados_rj_2026-09-22;1035374;Centro Empresarial Botafogo;rio de janeiro;rio de janeiro (rj);R. Marquês de Olinda, 300 - Botafogo, Rio de Janeiro - RJ, 22251-040, Brazil;-22.944501513920432;-43.182359486818314;Público;True;False;False;somente AC identificado;Zletric;point_of_interest;2;2;;20.0;;2.5;False;ausente;False;False;False;"R$ 2,50 - Tx de desbloqueio 
R$ 2,40 - kWh
R$ 0,25 - min ociosidade";;False;;2026-09-19T15:22:42.889000+00:00;;2026-09-22T22:28:45.475382+00:00;https://carregados.com.br/estacoes/estacao-centro-empresarial-botafogo-1035374;True;False
carregados_rj_2026-09-22;4200;Centro Empresarial Mario Henrique Simonsen;rio de janeiro;rio de janeiro (rj);3434, Bloco - Av. das Américas - Barra da Tijuca, Rio de Janeiro - RJ, 22640-102, Brazil;-22.997875;-43.345819;Público;True;False;False;somente AC identificado;Zletric;Workplace;5;5;;9.67;1.99;2.5;True;pago;True;True;False;"R$ 2,50 liberação 
R$ 2,30 custo kw recarga lenta

Estacionamento pago à parte ";;False;;2026-09-19T20:33:32.334000+00:00;;2026-09-22T22:28:00.295686+00:00;https://carregados.com.br/estacoes/estacao-centro-empresarial-mario-henrique-simonsen---zletric-4200;True;False
carregados_rj_2026-09-22;8998;Centro Empresarial Mourisco;rio de janeiro;rio de janeiro (rj);Praia de Botafogo, 501 - Bloco A – 1° Andar e Bloco B – 2° andar - Botafogo, Rio de Janeiro - RJ, 22250-040, Brazil;-22.950489588672465;-43.18068578839302;Público;True;False;False;não classificado;;point_of_interest;5;5;;;;;False;ausente;False;False;False;;;False;;2026-09-19T13:52:09.724000+00:00;;2026-09-22T22:28:30.952017+00:00;https://carregados.com.br/estacoes/estacao-centro-empresarial-mourisco-8998;True;False
carregados_rj_2026-09-22;5003;Centro Profissional Barra Shopping;rio de janeiro;rio de janeiro (rj);Av. das Américas, 4790 - sala 326 - Barra da Tijuca, Rio de Janeiro - RJ, 22640-102, Brazil;-22.998991406740462;-43.35945810000001;Público;True;False;False;somente AC identificado;Ecopoint;park;1;1;;;1.78;;False;pago;False;False;False;;;True;;2026-09-19T11:28:49.859000+00:00;;2026-09-22T22:28:45.872705+00:00;https://carregados.com.br/estacoes/estacao-ecopoint---centro-profissional-barra-shopping-5003;True;False
carregados_rj_2026-09-22;9225;Charles De Gaulle;rio de janeiro;rio de janeiro (rj);Av. Mal. Câmara, 160 - Centro, Rio de Janeiro - RJ, 20020-080, Brazil;-22.9095897;-43.1691335;Restrito;False;False;False;somente AC identificado;;point_of_interest;2;2;;;;;False;ausente;False;False;False;;;False;;2026-09-19T19:14:28.200000+00:00;;2026-09-22T22:29:19.994279+00:00;https://carregados.com.br/estacoes/estacao-recar-eletroposto-charles-de-gaulle-9225;True;False
carregados_rj_2026-09-22;4115;Cittá América;rio de janeiro;rio de janeiro (rj);Av. das Américas, 700 - Barra da Tijuca, Rio de Janeiro - RJ, 22640-100, Brazil;-23.002930948112155;-43.32184624742737;Público;True;False;False;somente AC identificado;;park;5;5;;;1.85;1.07;True;pago;False;False;False;"R$1,07 + R$1,85 por kWh

Tarifa de ociosidade R$0,08 por minuto 
Tempo de tolerância 60 minutos";;True;"Seg a sexta: 10:00 - 22:00
Sábado e domingo: 10:00 - 20:00";2026-09-19T10:57:26.667000+00:00;;2026-09-22T22:27:40.726999+00:00;https://carregados.com.br/estacoes/estacao-recar--eletroposto-citt%C3%A1-am%C3%A9rica-4115;True;False
carregados_rj_2026-09-22;4238;Clínica Felipe Mattoso;rio de janeiro;rio de janeiro (rj);Av. das Américas, 4319 - Barra da Tijuca, Rio de Janeiro - RJ, 22631-004, Brazil;-23.0006099;-43.3569254;Restrito;False;False;False;somente AC identificado;;Hospital/Healthcare;1;1;;;;;False;ausente;True;False;False;;;False;;2026-09-19T23:39:39.401000+00:00;;2026-09-22T22:28:20.586574+00:00;https://carregados.com.br/estacoes/estacao-cl%C3%ADnica-felipe-mattoso-4238;True;False
carregados_rj_2026-09-22;8192;Clínica Ortopédica Joari;rio de janeiro;rio de janeiro (rj);Rua Olinda Ellis, 80 - Campo Grande, Rio de Janeiro - RJ, 23045-160, Brazil;-22.9088393;-43.55998899999999;Restrito;False;False;False;somente AC identificado;;point_of_interest;1;2;;;;;False;ausente;False;False;False;;;False;;2026-09-19T13:20:02.763000+00:00;;2026-09-22T22:29:20.694967+00:00;https://carregados.com.br/estacoes/estacao-clinica-ortopedica-joari-8192;True;False
carregados_rj_2026-09-22;819;Concessionária Itavema BYD;rio de janeiro;rio de janeiro (rj);Av. das Américas, 12141 - Barra da Tijuca, Rio de Janeiro - RJ, 22790-701, Brazil;-23.00602325291709;-43.43220558017492;Restrito;False;False;False;DC presente;;car_dealer;5;5;;57.0;;;False;ausente;False;False;False;;;False;Seg -sab 08:00 AS 19:00;2026-09-19T09:03:16.391000+00:00;;2026-09-22T22:27:40.719100+00:00;https://carregados.com.br/estacoes/estacao-concession%C3%A1ria-itavema-byd-819;True;False
carregados_rj_2026-09-22;356737;Cond Al Mare;rio de janeiro;rio de janeiro (rj);Av. Lúcio Costa, 6200 - Barra da Tijuca, Rio de Janeiro - RJ, 22630-012, Brazil;-23.010036;-43.356971;Público;True;False;False;somente AC identificado;;Residential;1;1;7.0;;;;False;ausente;True;False;False;"Abra los detalles del cargador para ver los precios actualizados

Please open charger details to view up to date pricing";;False;;2026-09-19T18:15:38.734000+00:00;;2026-09-22T22:29:21.375603+00:00;https://carregados.com.br/estacoes/estacao-cond-al-mare-356737;True;False
carregados_rj_2026-09-22;8195;Cond Barra Family Resort;rio de janeiro;rio de janeiro (rj);Av. das Américas, 13600 - Recreio dos Bandeirantes, Rio de Janeiro - RJ, 22790-702, Brazil;-23.007818756743372;-43.44253025000001;Restrito;False;False;False;somente AC identificado;Power2Go;point_of_interest;1;1;;;3.0;;True;pago;False;False;False;3,00;;False;;2026-09-19T19:47:20.914000+00:00;;2026-09-22T22:29:21.378125+00:00;https://carregados.com.br/estacoes/estacao-cond-barra-family-resort-8195;True;False
carregados_rj_2026-09-22;984890;Cond Península Way Office;rio de janeiro;rio de janeiro (rj);Av. João Cabral de Mello Neto, 610 - Barra da Tijuca, Rio de Janeiro - RJ, 22775-057, Brazil;-22.987067602940247;-43.358435418762795;Público;True;True;False;somente AC identificado;EZVolt;Workplace;1;1;7.0;;;;False;ausente;True;False;False;"Abra los detalles del cargador para ver los precios actualizados

Please open charger details to view up to date pricing";;False;;2026-09-19T15:20:48.520000+00:00;;2026-09-22T22:29:21.384853+00:00;https://carregados.com.br/estacoes/estacao-cond-peninsula-way-office-984890;True;False
carregados_rj_2026-09-22;164832;Cond. Barra Village House Life;rio de janeiro;rio de janeiro (rj);Av. Cėsar Morani Comendador, 500 - Recreio dos Bandeirantes, Rio de Janeiro - RJ, 22790-705, Brazil;-23.001708561949883;-43.436984612293195;Público;True;False;False;somente AC identificado;;Residential;1;1;7.0;;;;False;ausente;True;False;False;"Abra os detalhes do carregador para ver os preços atualizados

Please open charger details to view up to date pricing";;False;;2026-09-20T10:12:56.270000+00:00;;2026-09-22T22:29:22.110889+00:00;https://carregados.com.br/estacoes/estacao-cond-barra-village-house-life-164832;True;False
carregados_rj_2026-09-22;625489;Cond. Edif. Glória Del'Art;rio de janeiro;rio de janeiro (rj);R. do Russel, 426 - Glória, Rio de Janeiro - RJ, 22210-010, Brazil;-22.92245601077795;-43.17402457707682;Restrito;False;False;False;somente AC identificado;Ecopoint;point_of_interest;1;1;;;;;False;ausente;False;False;False;;;False;;2026-09-19T15:03:10.858000+00:00;;2026-09-22T22:29:22.129311+00:00;https://carregados.com.br/estacoes/estacao-ecopoint-cond-edif-gloria-delart-625489;True;False
carregados_rj_2026-09-22;356451;Cond. Guilhermina Butler Service;rio de janeiro;rio de janeiro (rj);R. Rainha Guilhermina, 20 - Leblon, Rio de Janeiro - RJ, 22441-120, Brazil;-22.987034;-43.225781;Restrito;False;False;False;somente AC identificado;;Residential;1;1;7.0;;;;False;ausente;True;False;False;"Abra os detalhes do carregador para ver os preços atualizados

Please open charger details to view up to date pricing";;False;;2026-09-20T10:14:36.349000+00:00;;2026-09-22T22:29:22.117790+00:00;https://carregados.com.br/estacoes/estacao-cond-guilhermina-butler-service-356451;True;False
carregados_rj_2026-09-22;4873;Cond. Le Parc;rio de janeiro;rio de janeiro (rj);Av. Tim Lopes - Barra da Tijuca, Rio de Janeiro - RJ, 22640-105, Brasil;-22.99793342888542;-43.347638212144375;Restrito;False;False;False;somente AC identificado;;park;2;2;;;1.77;;True;pago;False;False;False;1,77;;False;;2026-09-19T16:54:06.247000+00:00;;2026-09-22T22:28:46.806838+00:00;https://carregados.com.br/estacoes/estacao-cond-le-parc-4873;True;False
carregados_rj_2026-09-22;1090;Cond. Residencial Bandeirantes;rio de janeiro;rio de janeiro (rj);R. Vicente Scofano, 40 - Recreio dos Bandeirantes, Rio de Janeiro - RJ, 22790-410, Brazil;-23.015244;-43.461458;Restrito;False;True;False;somente AC identificado;;park;1;1;;;;;False;ausente;False;False;False;;;False;;2026-09-21T00:16:38.130000+00:00;;2026-09-22T22:29:22.840218+00:00;https://carregados.com.br/estacoes/estacao-cond-residencial-bandeirantes-(coming-soon)-1090;True;True
carregados_rj_2026-09-22;5367;Cond. Rosa Da Barra;rio de janeiro;rio de janeiro (rj);Av. Canal de Marapendi, 1600 - Barra da Tijuca, Rio de Janeiro - RJ, 22620-311, Brazil;-23.007932877833813;-43.32817131904908;Restrito;False;False;False;somente AC identificado;Ecopoint;park;1;1;;;;;False;ausente;False;False;False;;;False;;2026-09-19T11:41:25.261000+00:00;;2026-09-22T22:29:22.847209+00:00;https://carregados.com.br/estacoes/estacao-ecopoint---cond-rosa-da-barra-5367;True;False
carregados_rj_2026-09-22;1132;Cond. Saint Barth;rio de janeiro;rio de janeiro (rj);Av. Flamboyants da Península, 550 - Barra da Tijuca, Rio de Janeiro - RJ, 22776-070, Brazil;-22.986954;-43.355025;Restrito;False;False;False;somente AC identificado;;Street Parking;1;1;7.0;;;;False;ausente;True;False;False;;;False;;2026-09-21T00:17:12.155000+00:00;;2026-09-22T22:29:22.825424+00:00;https://carregados.com.br/estacoes/estacao-eletroposto-easy-volt---cond-saint-barth-1132;True;False
carregados_rj_2026-09-22;1139513;Cond. Santa Margarida Maria;rio de janeiro;rio de janeiro (rj);R. Fonte da Saudade, 71 - Lagoa, Rio de Janeiro - RJ, 22471-210, Brazil;-22.961874436876514;-43.20249279206544;Restrito;False;False;False;somente AC identificado;Ecopoint;point_of_interest;1;1;;;;;False;ausente;False;False;False;;;False;;2026-09-19T15:26:23.966000+00:00;;2026-09-22T22:29:23.583604+00:00;https://carregados.com.br/estacoes/estacao-cond-santa-margarida-maria-1139513;True;False
carregados_rj_2026-09-22;356450;Cond. Ventura Towers - Net Park;rio de janeiro;rio de janeiro (rj);Av. República do Chile, 330 - Centro, Rio de Janeiro - RJ, 20031-170, Brazil;-22.909254294503068;-43.181561817791;Público;True;False;False;somente AC identificado;EZVolt;Workplace;18;18;7.0;;;;False;ausente;True;False;False;"Abra os detalhes do carregador para ver os preços atualizados

Please open charger details to view up to date pricing";;False;;2026-09-19T14:55:52.900000+00:00;;2026-09-22T22:28:47.230294+00:00;https://carregados.com.br/estacoes/estacao-cond-ventura-towers-net-park-356450;True;False
carregados_rj_2026-09-22;4999;Condominio Costa Del Sol;rio de janeiro;rio de janeiro (rj);Av. Lúcio Costa, 3614 - Barra da Tijuca, Rio de Janeiro - RJ, 22630-010, Brazil;-23.009395083093345;-43.332578946295165;Restrito;False;False;False;somente AC identificado;Ecopoint;park;1;1;;;;;False;ausente;False;False;False;;;False;;2026-09-19T11:28:40.061000+00:00;;2026-09-22T22:29:23.593391+00:00;https://carregados.com.br/estacoes/estacao-ecopoint---condominio-costa-del-sol-4999;True;False
carregados_rj_2026-09-22;5008;Condominio Excellence;rio de janeiro;rio de janeiro (rj);211 - Península 2 - Barra da Tijuca, Rio de Janeiro - RJ, 22776-070, Brazil;-22.99197817676787;-43.35049375396729;Restrito;False;False;False;somente AC identificado;Ecopoint;park;1;1;;;;;False;ausente;False;False;False;;;False;;2026-09-19T11:29:03.705000+00:00;;2026-09-22T22:29:24.296752+00:00;https://carregados.com.br/estacoes/estacao-ecopoint---condominio-excellence-5008;True;False
carregados_rj_2026-09-22;5010;Condominio Green Lake;rio de janeiro;rio de janeiro (rj);AV. DAS ACACIAS DA PENINSULA, 150;-22.988525338496654;-43.35488062628938;Restrito;False;False;False;somente AC identificado;Ecopoint;park;1;1;;;;;False;ausente;False;False;False;;;False;;2026-09-19T16:54:15.264000+00:00;;2026-09-22T22:29:24.276515+00:00;https://carregados.com.br/estacoes/estacao-ecopoinnt---condominio-green-lake-5010;True;False
carregados_rj_2026-09-22;10108;Condominio Lagoa Azul;rio de janeiro;rio de janeiro (rj);Rio Helicopter Tour - Av. Pref. Dulcídio Cardoso, 11000 - Barra da Tijuca, Rio de Janeiro - RJ, 22793-012, Brazil;-23.010016909724584;-43.42183264999999;Restrito;False;False;False;somente AC identificado;Ecopoint;point_of_interest;1;1;;;;;False;ausente;False;False;False;;;False;;2026-09-19T14:31:16.413000+00:00;;2026-09-22T22:29:24.299440+00:00;https://carregados.com.br/estacoes/estacao-ecopoint-condominio-lagoa-azul-10108;True;False
carregados_rj_2026-09-22;940937;Condominium Frames - Evowatt;rio de janeiro;rio de janeiro (rj);R. Teixeira Heizer, 1965 - loja g - Recreio dos Bandeirantes, Rio de Janeiro - RJ, 22790-883, Brazil;-23.0201121;-43.5120919;Público;True;False;False;somente AC identificado;;point_of_interest;4;4;;;;;False;ausente;False;False;False;;;False;;2026-09-19T15:15:37.683000+00:00;;2026-09-22T22:28:47.237490+00:00;https://carregados.com.br/estacoes/estacao-condominium-frames-evowatt-940937;True;False
carregados_rj_2026-09-22;984888;Condominium Maui;rio de janeiro;rio de janeiro (rj);R. Luiz Carlos Sarolli, 1850 - Recreio dos Bandeirantes, Rio de Janeiro - RJ, 22790-880, Brazil;-23.0216041;-43.5123128;Público;True;False;False;somente AC identificado;;point_of_interest;1;1;;;;;False;ausente;False;False;False;;;False;;2026-09-19T15:20:47.594000+00:00;;2026-09-22T22:29:25.072363+00:00;https://carregados.com.br/estacoes/estacao-condominium-maui-evowatt-984888;True;False
carregados_rj_2026-09-22;4993;Condomínio Atmosfera;rio de janeiro;rio de janeiro (rj);Península - Av. das Acácias da Península, 540 - Barra da Tijuca, Rio de Janeiro - RJ, 22776-000, Brazil;-22.989963906737476;-43.35274850000001;Restrito;False;False;False;somente AC identificado;Ecopoint;park;1;1;;;;;False;ausente;False;False;False;;;False;;2026-09-19T11:27:30.308000+00:00;;2026-09-22T22:29:25.086148+00:00;https://carregados.com.br/estacoes/estacao-ecopoint---condominio-atmosfera-4993;True;False
carregados_rj_2026-09-22;4292;Condomínio Atol Atlântico;rio de janeiro;rio de janeiro (rj);Praca Advogado Heleno Claudio Fragoso, 4 - Barra da Tijuca, Rio de Janeiro - RJ, 22793-078, Brazil;-23.009315;-43.37055100000001;Restrito;False;False;False;somente AC identificado;;park;1;1;;;;;False;ausente;False;False;False;;;False;;2026-09-19T11:02:42.614000+00:00;;2026-09-22T22:29:25.088345+00:00;https://carregados.com.br/estacoes/estacao-recar--eletroposto-condom%C3%ADnio-atol-atl%C3%A2ntico-4292;True;False
carregados_rj_2026-09-22;5348;Condomínio Barra D'oro;rio de janeiro;rio de janeiro (rj);Rua henrique cordeiro, 120 apt603 b2 - Barra da Tijuca, Rio de Janeiro - RJ, 22631-450, Brazil;-23.0046165567423;-43.32399105000001;Restrito;False;False;False;somente AC identificado;Ecopoint;park;1;1;;;;;False;ausente;False;False;False;;;False;;2026-09-19T11:39:50.710000+00:00;;2026-09-22T22:29:25.827854+00:00;https://carregados.com.br/estacoes/estacao-ecopoint---condom%C3%ADnio-barra-d'oro-5348;True;False
carregados_rj_2026-09-22;4122;Condomínio Barra First;rio de janeiro;rio de janeiro (rj);Av. das Américas, 7897 - 1407.1 - Barra da Tijuca, Rio de Janeiro - RJ, 22793-081, Brazil;-23.0010393;-43.3918582;Restrito;False;False;False;somente AC identificado;;park;1;1;;;;;False;ausente;False;False;False;;;False;;2026-09-19T10:58:34.309000+00:00;;2026-09-22T22:29:25.822521+00:00;https://carregados.com.br/estacoes/estacao-recar--eletroposto-condom%C3%ADnio-barra-first-4122;True;False
carregados_rj_2026-09-22;8764;Condomínio Brasil Portugal;rio de janeiro;rio de janeiro (rj);R. Evaristo de Morais, 876 - Vila Valqueire, Rio de Janeiro - RJ, 21330-500, Brazil;-22.88535755197411;-43.362419489410385;Restrito;False;False;False;somente AC identificado;Ecopoint;point_of_interest;1;1;;;;;False;ausente;False;False;False;;;False;;2026-09-19T13:42:57.675000+00:00;;2026-09-22T22:29:25.812996+00:00;https://carregados.com.br/estacoes/estacao-ecopoint-condominio-brasil-portugal-8764;True;False
carregados_rj_2026-09-22;4269;Condomínio Buena Vista;rio de janeiro;rio de janeiro (rj);R. Pinheiro Machado, 301 - Laranjeiras, Rio de Janeiro - RJ, 22231-090, Brazil;-22.9400733;-43.18270649999999;Restrito;False;False;False;somente AC identificado;;park;1;1;;;;;False;ausente;False;False;False;;;False;;2026-09-19T11:02:25.483000+00:00;;2026-09-22T22:29:26.525186+00:00;https://carregados.com.br/estacoes/estacao-recar--eletroposto-condom%C3%ADnio-buena-vista-4269;True;False
carregados_rj_2026-09-22;164833;Condomínio Concetto Bianco;rio de janeiro;rio de janeiro (rj);R. Jose Mindlin, 100 - Recreio dos Bandeirantes, Rio de Janeiro - RJ, 22790-686, Brazil;-23.011198439133125;-43.47283254463577;Público;True;True;False;somente AC identificado;;Residential;1;1;7.0;;;;False;ausente;True;False;False;Please open charger details to view up to date pricing;;False;;2026-09-20T10:07:38.066000+00:00;;2026-09-22T22:28:47.458464+00:00;https://carregados.com.br/estacoes/estacao-condominio-concetto-bianco-164833;True;False
carregados_rj_2026-09-22;1112;Condomínio Cosmopolitan;rio de janeiro;rio de janeiro (rj);Av. Jorn. Ricardo Marinho, 360 - Barra da Tijuca, Rio de Janeiro - RJ, 22631-350, Brazil;-23.0038701;-43.3479465;Restrito;False;False;False;somente AC identificado;;point_of_interest;1;1;;;;;False;ausente;False;False;False;;;False;;2026-09-21T00:16:52.443000+00:00;;2026-09-22T22:29:26.525607+00:00;https://carregados.com.br/estacoes/estacao-recar---eletroposto-condom%C3%ADnio-cosmopolitan-1112;True;False
carregados_rj_2026-09-22;1089;Condomínio Costa Sul;rio de janeiro;rio de janeiro (rj);R. Venâncio Veloso, 1055 - Recreio dos Bandeirantes, Rio de Janeiro - RJ, 22790-420, Brazil;-23.017745406031842;-43.46798391348781;Restrito;False;False;False;somente AC identificado;;lodging;1;2;;;;;False;ausente;False;False;False;;;False;;2026-09-21T00:16:36.206000+00:00;;2026-09-22T22:29:26.535629+00:00;https://carregados.com.br/estacoes/estacao-condom%C3%ADnio-costa-sul-1089;True;False
carregados_rj_2026-09-22;5000;Condomínio Cote D'Azur;rio de janeiro;rio de janeiro (rj);Rua Mário Agostinelli, 55 - Barra da Tijuca, Rio de Janeiro - RJ, 22775-046, Brazil;-22.97265070673181;-43.3822658;Restrito;False;False;False;somente AC identificado;Ecopoint;park;1;1;;;;;False;ausente;False;False;False;;;False;;2026-09-19T11:28:40.986000+00:00;;2026-09-22T22:29:27.280534+00:00;https://carregados.com.br/estacoes/estacao-ecopoint---cote-d'azur-5000;True;False
carregados_rj_2026-09-22;1027;Condomínio Do Edifício Residencial Sonata;rio de janeiro;rio de janeiro (rj);Av. Epitácio Pessoa, 2664 - Lagoa, Rio de Janeiro - RJ, 22471-003, Brazil;-22.974303;-43.199567;Restrito;False;False;False;somente AC identificado;EZVolt;Residential;1;1;7.0;;;;False;ausente;True;False;False;"Abra os detalhes do carregador para ver os preços atualizados

Please open charger details to view up to date pricing";;False;;2026-09-19T20:11:57.229000+00:00;;2026-09-22T22:28:47.908647+00:00;https://carregados.com.br/estacoes/estacao-edificio-sonata-1027;True;False
carregados_rj_2026-09-22;356454;Condomínio Do Edifício Tour De Nantes;rio de janeiro;rio de janeiro (rj);R. Prudente de Morais, 938 - Ipanema, Rio de Janeiro - RJ, 22420-040, Brazil;-22.985099;-43.205716;Público;True;False;False;somente AC identificado;;Residential;1;1;7.0;;;;False;ausente;True;False;False;"Abra los detalles del cargador para ver los precios actualizados

Please open charger details to view up to date pricing";;False;;2026-09-19T18:15:37.675000+00:00;;2026-09-22T22:29:27.272490+00:00;https://carregados.com.br/estacoes/estacao-condominio-do-edificio-tour-de-nantes-356454;True;False
carregados_rj_2026-09-22;5006;Condomínio Duque De Oxford;rio de janeiro;rio de janeiro (rj);Rua Belfort Roxo, 146 - Copacabana, Rio de Janeiro - RJ, 22020-010, Brazil;-22.964459221053442;-43.17567771758614;Restrito;False;False;False;somente AC identificado;Ecopoint;park;1;1;;;;;False;ausente;False;False;False;;;False;;2026-09-19T11:28:57.757000+00:00;;2026-09-22T22:29:27.267085+00:00;https://carregados.com.br/estacoes/estacao-ecopoint---condominio-duque-de-oxford-5006;True;False
carregados_rj_2026-09-22;625505;Condomínio Edif. Condado De Jares;rio de janeiro;rio de janeiro (rj);Av. Delfim Moreira, 1202 - Leblon, Rio de Janeiro - RJ, 22441-000, Brazil;-22.988030625278213;-43.227486126918016;Restrito;False;False;False;somente AC identificado;Ecopoint;point_of_interest;1;1;;;;;False;ausente;False;False;False;;;False;;2026-09-19T15:03:11.963000+00:00;;2026-09-22T22:29:27.995984+00:00;https://carregados.com.br/estacoes/estacao-ecopoint-cond-edif-condado-de-jares-625505;True;False
carregados_rj_2026-09-22;356447;Condomínio Edificio Villa Lobos;rio de janeiro;rio de janeiro (rj);Av. Visc. de Albuquerque, 35 - Vidigal, Rio de Janeiro - RJ, 22450-001, Brazil;-22.98832;-43.228775;Público;True;False;False;somente AC identificado;;Residential;1;1;7.0;;;;False;ausente;True;False;False;Please open charger details to view up to date pricing;;False;;2026-09-20T10:16:04.128000+00:00;;2026-09-22T22:29:27.979116+00:00;https://carregados.com.br/estacoes/estacao-condominio-edificio-villa-lobos-356447;True;False
carregados_rj_2026-09-22;5552;Condomínio Estrela Do Mar;rio de janeiro;rio de janeiro (rj);R. Jorn. Henrique Cordeiro, 310 - Barra da Tijuca, Rio de Janeiro - RJ, 22631-450, Brazil;-23.005685632249023;-43.32245153525011;Restrito;False;False;False;somente AC identificado;Ecopoint;park;1;1;;;;;False;ausente;False;False;False;;;False;;2026-09-19T11:47:57.950000+00:00;;2026-09-22T22:29:27.995553+00:00;https://carregados.com.br/estacoes/estacao-ecopoint---condom%C3%ADnio-estrela-do-mar-5552;True;False
carregados_rj_2026-09-22;812;Condomínio Fazenda Paciência;rio de janeiro;rio de janeiro (rj);Estr. dos Colonos, 377 - Santa Cruz, Rio de Janeiro - RJ, 23520-540, Brazil;-22.942816345653334;-43.64071112126112;Restrito;False;False;False;somente AC identificado;;park;1;1;;;;;False;ausente;False;False;False;;;False;;2026-09-21T00:13:05.829000+00:00;;2026-09-22T22:28:47.897057+00:00;https://carregados.com.br/estacoes/estacao-condom%C3%ADnio-fazenda-paci%C3%AAncia-812;True;False
carregados_rj_2026-09-22;356471;Condomínio Grand Village;rio de janeiro;rio de janeiro (rj);R. Aroazes, 106 - Jacarepaguá, Rio de Janeiro - RJ, 22775-060, Brazil;-22.970904476646687;-43.3900610357523;Público;True;False;False;somente AC identificado;EZVolt;point_of_interest;1;1;;;2.5;;True;pago;False;False;False;2,50 kWh;;True;;2026-09-19T20:40:59.878000+00:00;;2026-09-22T22:28:48.122964+00:00;https://carregados.com.br/estacoes/estacao-condominio-grand-village-356471;True;False
carregados_rj_2026-09-22;1085;Condomínio Green Bay E Green Star;rio de janeiro;rio de janeiro (rj);Av. das Acácias da Península, 280 - Barra da Tijuca, Rio de Janeiro - RJ, 22776-000, Brazil;-22.989426;-43.355015;Restrito;False;False;False;somente AC identificado;Ecopoint;residential;2;2;;;;;False;ausente;False;False;False;;;False;;2026-09-20T11:39:05.273000+00:00;;2026-09-22T22:28:48.646916+00:00;https://carregados.com.br/estacoes/estacao-condom%C3%ADnio-green-bay-e-green-star-1085;True;False
carregados_rj_2026-09-22;4349;Condomínio Island Personal Offices Totem 2;rio de janeiro;rio de janeiro (rj);Rua dalcidio Jurandir 255, barra da tijuca Rio de Janeiro;-22.993878488329884;-43.33910038136625;Público;True;False;False;somente AC identificado;;park;2;2;;;2.3;;True;pago;False;False;False;2,30 kwh;;True;24 horas;2026-09-19T16:54:07.542000+00:00;;2026-09-22T22:28:48.631180+00:00;https://carregados.com.br/estacoes/estacao-condom%C3%ADnio-island-personal-offices-totem-2-4349;True;False
carregados_rj_2026-09-22;1321483;Condomínio Lake Buena Vista;rio de janeiro;rio de janeiro (rj);Avenida Prefeito Dulcídio Cardoso 1000, Barra Da Tijuca, Rio de Janeiro - Rio de Janeiro, 22620-311, Brasil;-23.007461;-43.322361;Restrito;False;False;False;somente AC identificado;EZVolt;;1;1;;;2.07;;True;pago;False;False;False;R$ 2,07;;False;Aberto 24hs;2026-08-16T13:59:51.787000+00:00;;2026-09-22T22:29:28.692557+00:00;https://carregados.com.br/estacoes/estacao-condomnio-lake-buena-vista-1321483;True;False
carregados_rj_2026-09-22;1115;Condomínio London Green;rio de janeiro;rio de janeiro (rj);R. César Lattes, 1000 - Barra da Tijuca, Rio de Janeiro - RJ, 22793-329, Brazil;-23.00296;-43.428124;Restrito;False;False;False;somente AC identificado;;Residential;1;1;7.0;;;;False;ausente;True;False;False;;;False;;2026-09-21T00:16:53.376000+00:00;;2026-09-22T22:28:31.603803+00:00;https://carregados.com.br/estacoes/estacao-condom%C3%ADnio-london-green-1115;True;False
carregados_rj_2026-09-22;4994;Condomínio Mar Azul;rio de janeiro;rio de janeiro (rj);Av. Pref. Mendes de Morais, 1256 - São Conrado, Rio de Janeiro - RJ, 22610-095, Brazil;-22.999526806740622;-43.26847174999999;Restrito;False;False;False;somente AC identificado;Ecopoint;park;1;1;;;;;False;ausente;False;False;False;;;False;;2026-09-19T11:27:24.373000+00:00;;2026-09-22T22:29:28.712549+00:00;https://carregados.com.br/estacoes/estacao-ecopoint---condom%C3%ADnio-mar-azul-4994;True;False
carregados_rj_2026-09-22;9587;Condomínio Mar De Itauna;rio de janeiro;rio de janeiro (rj);Av. Luís Aranha, 820 - Barra da Tijuca, Rio de Janeiro - RJ, 22793-810, Brazil;-23.009272773946115;-43.420306148805366;Restrito;False;False;False;somente AC identificado;Ecopoint;point_of_interest;1;1;;;;;False;ausente;False;False;False;;;False;;2026-09-19T14:10:35.888000+00:00;;2026-09-22T22:29:28.720058+00:00;https://carregados.com.br/estacoes/estacao-ecopoint-condominio-mar-de-itauna-9587;True;False
carregados_rj_2026-09-22;984905;Condomínio Mondrian;rio de janeiro;rio de janeiro (rj);Av. Rainha Elisabeth, 403 - Ipanema, Rio de Janeiro - RJ, 22081-041, Brazil;-22.985873853973626;-43.19333633822894;Restrito;False;False;False;somente AC identificado;Ecopoint;point_of_interest;1;1;;;;;False;ausente;False;False;False;;;False;;2026-09-19T18:30:15.258000+00:00;;2026-09-22T22:29:29.390518+00:00;https://carregados.com.br/estacoes/estacao-ecopoint-condominio-mondrian-984905;True;False
carregados_rj_2026-09-22;5002;Condomínio Palais De Nice;rio de janeiro;rio de janeiro (rj);Av. João Carlos Machado, 3360b - Barra da Tijuca, Rio de Janeiro - RJ, 22630-010, Brazil;-23.008213932780496;-43.32934836864777;Restrito;False;False;False;somente AC identificado;Ecopoint;park;1;1;;;;;False;ausente;False;False;False;;;False;;2026-09-19T11:28:42.924000+00:00;;2026-09-22T22:29:29.381474+00:00;https://carregados.com.br/estacoes/estacao-ecopoint---condom%C3%ADnio-palais-de-nice-5002;True;False
carregados_rj_2026-09-22;5554;Condomínio Paulo Marcos;rio de janeiro;rio de janeiro (rj);Av. Genaro de Carvalho, 3606 - Apto 302 - Recreio dos Bandeirantes, Rio de Janeiro - RJ, 22795-078, Brazil;-23.021539006747847;-43.479486650000005;Restrito;False;False;False;somente AC identificado;Ecopoint;park;1;1;;;;;False;ausente;False;False;False;;;False;;2026-09-19T11:48:05.825000+00:00;;2026-09-22T22:29:30.100888+00:00;https://carregados.com.br/estacoes/estacao-ecopoint---condom%C3%ADnio-paulo-marcos-5554;True;False
carregados_rj_2026-09-22;4228;Condomínio Porto Mare;rio de janeiro;rio de janeiro (rj);Av. Gastão Sengés, 55 - Barra da Tijuca, Rio de Janeiro - RJ, 22631-280, Brazil;-23.001897;-43.340992;Restrito;False;False;False;somente AC identificado;;Residential;1;1;7.0;;;;False;ausente;True;False;False;;;False;;2026-09-19T19:03:48.157000+00:00;;2026-09-22T22:28:48.829336+00:00;https://carregados.com.br/estacoes/estacao-condom%C3%ADnio-porto-mare-4228;True;False
carregados_rj_2026-09-22;356455;Condomínio Prime Ville - ECOPOINT;rio de janeiro;rio de janeiro (rj);R. De Niteroi, 723 - Botafogo, Rio de Janeiro - RJ, 20943-000, Brazil;-22.95487785672602;-43.18433435000002;Restrito;False;False;False;somente AC identificado;Ecopoint;point_of_interest;1;1;;;;;False;ausente;False;False;False;;;False;;2026-09-19T14:55:53.928000+00:00;;2026-09-22T22:29:30.118678+00:00;https://carregados.com.br/estacoes/estacao-condominio-prime-ville-ecopoint-356455;True;False
carregados_rj_2026-09-22;8997;Condomínio Principado Luxemburgo;rio de janeiro;rio de janeiro (rj);Condomínio Edificio Principado de Luxemburgo - R. Ribeiro Guimarães, 217 - Andaraí, Rio de Janeiro - RJ, 20541-038, Brazil;-22.919816732865325;-43.23723627171733;Restrito;False;False;False;somente AC identificado;Ecopoint;point_of_interest;1;1;;;;;False;ausente;False;False;False;;;False;;2026-09-19T13:53:10.758000+00:00;;2026-09-22T22:29:31.058811+00:00;https://carregados.com.br/estacoes/estacao-ecopoint-condominio-principado-luxemburgo-8997;True;False
carregados_rj_2026-09-22;10558;Condomínio Quality Green;rio de janeiro;rio de janeiro (rj);Av Emb Abelardo Bueno, 3400, Barra da Tijuca. Rio de Janeiro - RJ, 22780, Brasil;-22.971845359843176;-43.39723661541939;Restrito;False;False;False;somente AC identificado;Ecopoint;point_of_interest;1;1;;6.0;;;False;ausente;False;False;False;;;False;;2026-09-20T11:20:28.791000+00:00;;2026-09-22T22:28:49.336244+00:00;https://carregados.com.br/estacoes/estacao-ecopoint-condominio-quality-green-10558;True;False
carregados_rj_2026-09-22;4997;Condomínio Residencial Chácara Da Tijuca;rio de janeiro;rio de janeiro (rj);Tv. Nestor Vítor, 10 - Tijuca, Rio de Janeiro - RJ, 20260-180, Brazil;-22.91987835249515;-43.215903797885126;Restrito;False;False;False;somente AC identificado;Ecopoint;lodging;1;1;;;;;False;ausente;False;False;False;;;False;;2026-09-19T11:28:34.109000+00:00;;2026-09-22T22:29:30.913240+00:00;https://carregados.com.br/estacoes/estacao-ecopoint---condom%C3%ADnio-residencial-ch%C3%A1cara-da-tijuca-4997;True;False
carregados_rj_2026-09-22;984891;Condomínio Residencial Riserva Uno;rio de janeiro;rio de janeiro (rj);Av. das Américas, 10001 - Barra da Tijuca, Rio de Janeiro - RJ, 22793-082;-23.00289692903736;-43.40118406384238;Restrito;False;False;False;somente AC identificado;EZVolt;point_of_interest;1;2;;;2.07;1.0;True;pago;False;False;False;"De 00:00 até 23:59
R$2,07 / kWh
R$1,00 / conexão
R$0,02 / minuto de ociosidade";;False;;2026-09-20T02:23:37.158000+00:00;;2026-09-22T22:28:49.492715+00:00;https://carregados.com.br/estacoes/estacao-condominio-residencial-riserva-uno-984891;True;False
carregados_rj_2026-09-22;984902;Condomínio Reynolds;rio de janeiro;rio de janeiro (rj);Condomínio do Edifício Celina - R. Igarapava, 90 - Leblon, Rio de Janeiro - RJ, 22450-200, Brazil;-22.98717537247366;-43.23027846836456;Restrito;False;False;False;somente AC identificado;Ecopoint;point_of_interest;1;1;;;;;False;ausente;False;False;False;;;False;;2026-09-19T15:20:56.517000+00:00;;2026-09-22T22:29:31.838349+00:00;https://carregados.com.br/estacoes/estacao-ecopoint-condominio-reynolds-984902;True;False
carregados_rj_2026-09-22;2076120;Condomínio Saens Pena;rio de janeiro;rio de janeiro (rj);Rua Dona Maria 71, Vila Isabel, Rio de Janeiro - Rio de Janeiro, 20541-030, Brasil;-22.919664;-43.237899;Público;True;False;False;somente AC identificado;Ecopoint;;1;1;;;1.98;0.0;False;pago;False;False;False;;;True;;2026-08-16T14:00:00.406000+00:00;;2026-09-22T22:29:31.842665+00:00;https://carregados.com.br/estacoes/estacao-ponto-de-carga-condominio-saens-pena-2076120;True;False
carregados_rj_2026-09-22;10118;Condomínio Sundance;rio de janeiro;rio de janeiro (rj);Av. das Américas, 7837 - Barra da Tijuca, Rio de Janeiro - RJ, 22793-081, Brazil;-23.00260461625818;-43.39066973836059;Restrito;False;False;False;somente AC identificado;Ecopoint;point_of_interest;1;1;;;;;False;ausente;False;False;False;;;False;;2026-09-19T14:31:33.231000+00:00;;2026-09-22T22:29:32.569909+00:00;https://carregados.com.br/estacoes/estacao-ecopoint-condominio-sundance-10118;True;False
carregados_rj_2026-09-22;5377;Condomínio São Conrado;rio de janeiro;rio de janeiro (rj);Av. Pref. Mendes de Morais, 1150 - São Conrado, Rio de Janeiro - RJ, 22610-095, Brazil;-22.999411239552806;-43.26770910956822;Restrito;False;False;False;somente AC identificado;Ecopoint;park;1;1;;;;;False;ausente;False;False;False;;;False;;2026-09-19T11:42:41.914000+00:00;;2026-09-22T22:29:32.550353+00:00;https://carregados.com.br/estacoes/estacao-ecopoint---condom%C3%ADnio-s%C3%A3o-conrado-5377;True;False
carregados_rj_2026-09-22;5382;Condomínio Via Bella;rio de janeiro;rio de janeiro (rj);R. Bauhíneas da Península, 200 - Barra da Tijuca, Rio de Janeiro - RJ, 22776-090, Brazil;-22.987809416347044;-43.35731162515049;Restrito;False;False;False;somente AC identificado;Ecopoint;park;1;1;;;;;False;ausente;False;False;False;;;False;;2026-09-19T11:42:50.681000+00:00;;2026-09-22T22:29:33.276752+00:00;https://carregados.com.br/estacoes/estacao-ecopoint---condomonio-via-bella-5382;True;False
carregados_rj_2026-09-22;356466;Condomínio Villa Messina - ECOPOINT;rio de janeiro;rio de janeiro (rj);R. Queiroz Júnior, 131 - Jacarepaguá, Rio de Janeiro - RJ, 22775-170, Brazil;-22.970036031426805;-43.39379282535313;Restrito;False;False;False;somente AC identificado;Ecopoint;point_of_interest;1;1;;;;;False;ausente;False;False;False;;;False;;2026-09-19T14:55:54.832000+00:00;;2026-09-22T22:29:33.284427+00:00;https://carregados.com.br/estacoes/estacao-condominio-villa-messina-ecopoint-356466;True;False
carregados_rj_2026-09-22;4248;Condomínio Vistta Laguna;rio de janeiro;rio de janeiro (rj);Rua Antônio Arthur Braga, 250 - Barra da Tijuca, Rio de Janeiro - RJ, 22793-105, Brazil;-22.98395019513519;-43.383738060188286;Restrito;False;False;False;somente AC identificado;EZVolt;Residential;1;1;22.0;;;;False;ausente;True;False;False;Este eletroposto é pago;;False;;2026-09-19T11:02:13.435000+00:00;;2026-09-22T22:29:33.283896+00:00;https://carregados.com.br/estacoes/estacao-eletroposto-condom%C3%ADnio-vistta-laguna-4248;True;False
carregados_rj_2026-09-22;5385;Condomínio Wonderful;rio de janeiro;rio de janeiro (rj);Av. Pref. Dulcídio Cardoso, 2255 - Barra da Tijuca, Rio de Janeiro - RJ, 22631-052, Brazil;-23.008073671056323;-43.33301449418028;Restrito;False;False;False;somente AC identificado;Ecopoint;park;1;1;;;;;False;ausente;False;False;False;;;False;;2026-09-19T11:42:57.533000+00:00;;2026-09-22T22:29:33.986991+00:00;https://carregados.com.br/estacoes/estacao-ecopoint---condominio-wonderful-5385;True;False
carregados_rj_2026-09-22;1083;Country Residence Service;rio de janeiro;rio de janeiro (rj);R. Prudente de Morais, 1700 - Ipanema, Rio de Janeiro - RJ, 22420-042, Brazil;-22.984693;-43.213025;Público;True;False;False;somente AC identificado;;Lodging;1;1;7.0;;;;False;ausente;True;False;False;;;False;;2026-09-19T09:12:06.688000+00:00;;2026-09-22T22:28:32.086395+00:00;https://carregados.com.br/estacoes/estacao-country-residence-service-1083;True;False
carregados_rj_2026-09-22;625482;Damai Residences & Lifestyle;rio de janeiro;rio de janeiro (rj);Av. Tim Maia, 7285 - Recreio dos Bandeirantes, Rio de Janeiro - RJ, 22790-669, Brazil;-23.003584588941703;-43.48284164047548;Restrito;False;False;False;somente AC identificado;Ecopoint;point_of_interest;1;1;;;;;False;ausente;False;False;False;;;False;;2026-09-19T15:02:56.861000+00:00;;2026-09-22T22:29:34.007066+00:00;https://carregados.com.br/estacoes/estacao-ecopoint-damai-residences-lifestyle-625482;True;False
carregados_rj_2026-09-22;9227;Dez Vista Alegre;rio de janeiro;rio de janeiro (rj);Av. Meriti, 4365 - Vista Alegre, Rio de Janeiro - RJ, 21250-391, Brazil;-22.8225111;-43.3141873;Restrito;False;False;False;somente AC identificado;;point_of_interest;1;1;;;;;False;ausente;False;False;False;;;False;;2026-09-19T14:00:36.058000+00:00;;2026-09-22T22:29:34.708114+00:00;https://carregados.com.br/estacoes/estacao-recar-eletroposto-dez-vista-alegre-9227;True;False
carregados_rj_2026-09-22;4198;Dimension Office Park;rio de janeiro;rio de janeiro (rj);Av. Embaixador Abelardo Bueno, 199 - Jacarepaguá, Rio de Janeiro - RJ, 22775-022, Brazil;-22.973934;-43.367664;Público;True;False;False;somente AC identificado;;Workplace;2;2;3.7;;1.99;;False;pago;True;True;False;;;False;;2026-09-19T11:00:45.994000+00:00;;2026-09-22T22:28:35.348278+00:00;https://carregados.com.br/estacoes/estacao-dimension-office-park-4198;True;False
carregados_rj_2026-09-22;10119;Drogaria Santo Agostinho Mendanha;rio de janeiro;rio de janeiro (rj);Estr. do Mendanha, 379b - Campo Grande, Rio de Janeiro - RJ, 23087-283, Brazil;-22.88576755565932;-43.55798272400317;Público;True;False;False;somente AC identificado;ATM EVS;point_of_interest;1;1;;6.5;;2.0;False;ausente;True;False;False;;Relato de 11/06/2026, trecho: “É cobrado uma taxa de 2 reais de ativação e 20 centavos por minuto conectado.”;False;;2026-09-20T20:15:29.681000+00:00;;2026-09-22T22:28:09.313274+00:00;https://carregados.com.br/estacoes/estacao-drogaria-santo-agostinho-mendanha-10119;True;False
carregados_rj_2026-09-22;6052;ECOPOINT - Armazém Do Grão;rio de janeiro;rio de janeiro (rj);Av. das Américas, 11.599 - Barra da Tijuca, Rio de Janeiro - RJ, 22793-082, Brazil;-23.0059197556595;-43.4316151926424;Público;True;True;False;somente AC identificado;Ecopoint;cafe;1;1;;;2.41;;True;pago;False;False;False;2,41;;False;;2026-09-19T12:01:40.494000+00:00;;2026-09-22T22:28:20.586264+00:00;https://carregados.com.br/estacoes/estacao-ecopoint---armaz%C3%A9m-do-gr%C3%A3o-6052;True;False
carregados_rj_2026-09-22;625494;ECOPOINT - BELLE VIE;rio de janeiro;rio de janeiro (rj);Estr. do Bananal, 127 - Freguesia (Jacarepaguá), Rio de Janeiro - RJ, 22745-011, Brazil;-22.935793593176097;-43.33309531303635;Restrito;False;False;False;somente AC identificado;Ecopoint;point_of_interest;1;1;;;;;False;ausente;False;False;False;;;False;;2026-09-19T21:48:07.256000+00:00;;2026-09-22T22:29:35.415672+00:00;https://carregados.com.br/estacoes/estacao-ecopoint-belle-vie-625494;True;False
carregados_rj_2026-09-22;1044;ECOPOINT - Barra Beach Residencia;rio de janeiro;rio de janeiro (rj);Av. do Pepê, 1120 - Barra da Tijuca, Rio de Janeiro - RJ, 22620-171, Brazil;-23.0143;-43.309686;Restrito;False;False;False;somente AC identificado;Ecopoint;lodging;1;1;;;;;False;ausente;False;False;False;Www.ecopoint.com.br;;False;;2026-09-21T00:15:40.537000+00:00;;2026-09-22T22:28:50.067055+00:00;https://carregados.com.br/estacoes/estacao-barra-beach-residencia-1044;True;False
carregados_rj_2026-09-22;4995;ECOPOINT - Borgonha Residencial Rio;rio de janeiro;rio de janeiro (rj);Rua Mário Agostinelli, 150 - Jacarepaguá, Rio de Janeiro - RJ, 22775-046, Brazil;-22.971085556731325;-43.38195185;Restrito;False;False;False;somente AC identificado;Ecopoint;park;1;1;;;;;False;ausente;False;False;False;;;False;;2026-09-19T11:28:32.239000+00:00;;2026-09-22T22:29:35.401131+00:00;https://carregados.com.br/estacoes/estacao-ecopoint---borgonha-residencial-rio-2-4995;True;False
carregados_rj_2026-09-22;10114;ECOPOINT - CONDOMÍNIO LAGOA DE ITAUNA;rio de janeiro;rio de janeiro (rj);R. Lagoa das Garças, 120 - Barra da Tijuca, Rio de Janeiro - RJ, 22793-400, Brazil;-23.0094904567439;-43.4224404;Restrito;False;False;False;somente AC identificado;Ecopoint;point_of_interest;1;1;;;;;False;ausente;False;False;False;;;False;;2026-09-19T14:31:25.184000+00:00;;2026-09-22T22:29:35.404315+00:00;https://carregados.com.br/estacoes/estacao-ecopoint-condominio-lagoa-de-itauna-10114;True;False
carregados_rj_2026-09-22;5352;ECOPOINT - CONDOMÍNIO LEAD AMERICAS;rio de janeiro;rio de janeiro (rj);Av. das Américas, 2480 - Barra da Tijuca, Rio de Janeiro - RJ, 22640-101, Brazil;-22.998045656740114;-43.33708775;Restrito;False;True;False;somente AC identificado;Ecopoint;park;1;1;;;;;False;ausente;False;False;False;;;False;;2026-09-19T11:40:52.604000+00:00;;2026-09-22T22:28:50.069821+00:00;https://carregados.com.br/estacoes/estacao-ecopoint---condom%C3%ADnio-lead-americas-5352;True;False
carregados_rj_2026-09-22;9015;ECOPOINT - Condominio Le Royale;rio de janeiro;rio de janeiro (rj);R. São Clemente, 96 - Botafogo, Rio de Janeiro - RJ, 22260-000, Brazil;-22.949030888868514;-43.18528078106298;Restrito;False;False;False;somente AC identificado;Ecopoint;point_of_interest;1;1;;;;;False;ausente;False;False;False;;;False;;2026-09-19T13:54:52.706000+00:00;;2026-09-22T22:29:36.092300+00:00;https://carregados.com.br/estacoes/estacao-ecopoint-condominio-le-royale-9015;True;False
carregados_rj_2026-09-22;4158;ECOPOINT - Condomínio Barra Village Lakes;rio de janeiro;rio de janeiro (rj);R. Cartunista Millor Fernandes, 1001 - Recreio dos Bandeirantes, Rio de Janeiro - RJ, 22790-691, Brazil;-23.0090685942813;-43.47423613071442;Restrito;False;False;False;somente AC identificado;Ecopoint;park;1;1;;;;;False;ausente;False;False;False;;;False;;2026-09-19T10:59:04.104000+00:00;;2026-09-22T22:29:36.108012+00:00;https://carregados.com.br/estacoes/estacao-ecopoint---condominio-barra-village-lakes-4158;True;False
carregados_rj_2026-09-22;4157;ECOPOINT - Condomínio Costa Del Sol;rio de janeiro;rio de janeiro (rj);Av. das Américas, 15579 - Sala 302 - Recreio dos Bandeirantes, Rio de Janeiro - RJ, 22790-701, Brazil;-23.01465478532764;-43.46565306186676;Restrito;False;False;False;somente AC identificado;Ecopoint;lodging;1;1;;;;;False;ausente;False;False;False;;;False;;2026-09-19T10:58:58.145000+00:00;;2026-09-22T22:29:36.105683+00:00;https://carregados.com.br/estacoes/estacao-ecopoint-condom%C3%ADnio-costa-del-sol-4157;True;False
carregados_rj_2026-09-22;5007;ECOPOINT - Condomínio Epítácio Pessoa;rio de janeiro;rio de janeiro (rj);Condomínio do Edifício Lagoa - Av. Epitácio Pessoa, 2160 - Lagoa, Rio de Janeiro - RJ, 22411-072, Brazil;-22.97841441887191;-43.19936456957398;Restrito;False;False;False;somente AC identificado;Ecopoint;park;1;1;;;;;False;ausente;False;False;False;;;False;;2026-09-19T11:28:56.785000+00:00;;2026-09-22T22:29:36.802167+00:00;https://carregados.com.br/estacoes/estacao-ecopoint---condominio-epitacio-pessoa-5007;True;False
carregados_rj_2026-09-22;10764;ECOPOINT - Condomínio Front Lake;rio de janeiro;rio de janeiro (rj);Rua Mário Agostinelli, 50 - Barra da Tijuca, Rio de Janeiro - RJ, 22775-046, Brazil;-22.9725919524802;-43.381890232803336;Restrito;False;False;False;somente AC identificado;Ecopoint;point_of_interest;1;1;;;;;False;ausente;False;False;False;;;False;;2026-09-19T14:45:15.270000+00:00;;2026-09-22T22:29:36.812941+00:00;https://carregados.com.br/estacoes/estacao-ecopoint-condominio-front-lake-10764;True;False
carregados_rj_2026-09-22;5350;ECOPOINT - Condomínio Golfo Do México;rio de janeiro;rio de janeiro (rj);Av. Cláudio Besserman Vianna, 3 - Jacarepaguá;-22.971750578994378;-43.35882649914322;Restrito;False;False;False;somente AC identificado;Ecopoint;park;1;1;;;;;False;ausente;False;False;False;;;False;;2026-09-19T16:54:17.718000+00:00;;2026-09-22T22:28:35.348803+00:00;https://carregados.com.br/estacoes/estacao-ecopoint---condominio-golfo-do-m%C3%A9xico-5350;True;False
carregados_rj_2026-09-22;4118;ECOPOINT - Edificio Marbella;rio de janeiro;rio de janeiro (rj);R. Projetada A, 2233 - Jacarepaguá, Rio de Janeiro - RJ, 22775-051, Brazil;-22.968809365727576;-43.386138341652384;Restrito;False;False;False;somente AC identificado;Ecopoint;park;1;1;;;1.0398;5.0;True;pago;False;False;False;Taxa de locação: R$ 5,00 + R$ 1,0398 por kwh;;False;;2026-09-19T10:57:30.475000+00:00;;2026-09-22T22:29:36.812634+00:00;https://carregados.com.br/estacoes/estacao-ecopoint---edificio-marbella-4118;True;False
carregados_rj_2026-09-22;9415;ECOPOINT - Edificio Silver E Apple Bali;rio de janeiro;rio de janeiro (rj);R. Dois Ac Djalma Ribeiro, 93 - Barra da Tijuca, Rio de Janeiro - RJ, 22790-790, Brazil;-23.00898595510155;-43.43674954287517;Restrito;False;False;False;somente AC identificado;Ecopoint;point_of_interest;1;1;;;;;False;ausente;False;False;False;;;False;;2026-09-19T14:05:35.203000+00:00;;2026-09-22T22:29:37.496682+00:00;https://carregados.com.br/estacoes/estacao-ecopoint-edificio-silver-e-apple-bali-9415;True;False
carregados_rj_2026-09-22;10104;ECOPOINT - Edificio Stella e Bella Vita;rio de janeiro;rio de janeiro (rj);Praça Antônio Callado, 85 - bloco 1 - Barra da Tijuca, Rio de Janeiro - RJ, 22793-084, Brazil;-23.002456185582957;-43.392755540432795;Restrito;False;False;False;somente AC identificado;Ecopoint;point_of_interest;1;1;;;;;False;ausente;False;False;False;;;False;;2026-09-19T14:31:07.593000+00:00;;2026-09-22T22:29:37.500525+00:00;https://carregados.com.br/estacoes/estacao-ecopoint-edificio-stella-e-bella-vita-10104;True;False
carregados_rj_2026-09-22;625506;ECOPOINT - RJ Country Club;rio de janeiro;rio de janeiro (rj);R. Prudente de Morais, 1597 - Ipanema, Rio de Janeiro - RJ, 22420-043, Brazil;-22.985191647970918;-43.21232867982713;Restrito;False;False;False;somente AC identificado;Ecopoint;point_of_interest;1;1;;;;;False;ausente;False;False;False;;;False;;2026-09-19T15:03:13.002000+00:00;;2026-09-22T22:29:37.491722+00:00;https://carregados.com.br/estacoes/estacao-ecopoint-rj-country-club-625506;True;False
carregados_rj_2026-09-22;10106;ECOPOINT - Residencial Sicilia;rio de janeiro;rio de janeiro (rj);Rua Mário Agostinelli, 105 - Barra da Tijuca, Rio de Janeiro - RJ, 22775-046, Brazil;-22.97167278673065;-43.382439765825104;Restrito;False;False;False;somente AC identificado;Ecopoint;point_of_interest;1;1;;;;;False;ausente;False;False;False;;;False;;2026-09-19T14:31:10.474000+00:00;;2026-09-22T22:29:38.232577+00:00;https://carregados.com.br/estacoes/estacao-ecopoint-residencial-sicilia-10106;True;False
carregados_rj_2026-09-22;1075;ECOPOINT - Union Suítes Estacionamento;rio de janeiro;rio de janeiro (rj);Av. José Wilker, 600 - Bloco 3 - Jacarepaguá, Rio de Janeiro - RJ, 22775-024, Brazil;-22.969058;-43.366443;Público;True;True;False;somente AC identificado;Ecopoint;lodging;1;1;;;2.2;;True;pago;False;False;False;2,20;;False;;2026-09-19T20:14:16.857000+00:00;;2026-09-22T22:28:05.278093+00:00;https://carregados.com.br/estacoes/estacao-union-su%C3%ADtes-estacionamento-1075;True;False
carregados_rj_2026-09-22;5244;ECOPOINT Condomínio Barra Village Prime;rio de janeiro;rio de janeiro (rj);Av. Aldemir Martins, 110 - Recreio dos Bandeirantes, Rio de Janeiro - RJ, 22790-707, Brazil;-23.00109744633549;-43.43500413000584;Restrito;False;False;False;somente AC identificado;Ecopoint;lodging;1;1;;;;;False;ausente;False;False;False;;;False;;2026-09-19T11:35:53.414000+00:00;;2026-09-22T22:28:50.132620+00:00;https://carregados.com.br/estacoes/estacao-ecopoint-condom%C3%ADnio-barra-village-prime-5244;True;False
carregados_rj_2026-09-22;9414;ECOPOINT SUNSPECIAL;rio de janeiro;rio de janeiro (rj);Av das Americas 7907, Bloco 03, Cob 308 - Barra da Tijuca, Rio de Janeiro - RJ, 22793-081, Brazil;-23.000839355033047;-43.389267895998024;Restrito;False;False;False;somente AC identificado;Ecopoint;point_of_interest;1;1;;;;;False;ausente;False;False;False;;;False;;2026-09-19T14:05:36.202000+00:00;;2026-09-22T22:28:50.817185+00:00;https://carregados.com.br/estacoes/estacao-ecopoint-sunspecial-9414;True;False
carregados_rj_2026-09-22;164815;East Side Meier;rio de janeiro;rio de janeiro (rj);R. José Bonifácio, 140 - Todos os Santos, Rio de Janeiro - RJ, 20770-240;-22.8964827;-43.2826806;Restrito;False;False;False;somente AC identificado;;point_of_interest;1;1;;;;;False;ausente;False;False;False;;;False;;2026-09-20T12:00:22.488000+00:00;;2026-09-22T22:29:38.200259+00:00;https://carregados.com.br/estacoes/estacao-recar-eletroposto-east-side-meier-164815;True;False
carregados_rj_2026-09-22;4252;Easy Volt - Condomínio Laguna Di Mare;rio de janeiro;rio de janeiro (rj);Rua Antônio Arthur Braga, 100 - Barra da Tijuca, Rio de Janeiro - RJ, 22793-105, Brazil;-22.983551;-43.38229;Restrito;False;False;False;somente AC identificado;EZVolt;Residential;1;1;7.0;;;;False;ausente;True;False;False;Este eletroposto é pago;;False;;2026-09-19T11:02:15.450000+00:00;;2026-09-22T22:28:50.797048+00:00;https://carregados.com.br/estacoes/estacao-easy-volt---eletroposto-condom%C3%ADnio-laguna-di-mare-4252;True;False
carregados_rj_2026-09-22;1125;Easy Volt Condomínio Ipanema Guinle Residence Service;rio de janeiro;rio de janeiro (rj);R. Prudente de Morais, 1415 - Ipanema, Rio de Janeiro - RJ, 22420-043, Brazil;-22.985229;-43.210385;Restrito;False;False;False;somente AC identificado;;Workplace;1;1;7.0;;;;False;ausente;True;False;False;Este eletroposto é pago;;False;;2026-09-21T00:17:02.559000+00:00;;2026-09-22T22:29:38.216473+00:00;https://carregados.com.br/estacoes/estacao-easy-volt---eletroposto-condom%C3%ADnio-ipanema-guinle-residence-service-1125;True;False
carregados_rj_2026-09-22;1124;Easy Volt Condomínio Paradíso Península;rio de janeiro;rio de janeiro (rj);Av. Flamboyants da Península, 1020 - Barra da Tijuca, Rio de Janeiro - RJ, 22776-070, Brazil;-22.99130623499974;-43.35135951786041;Restrito;False;False;False;somente AC identificado;EZVolt;Parking Garage/Lot;1;1;7.0;;;;False;ausente;True;False;False;Este eletroposto é pago;;False;;2026-09-21T00:17:01.589000+00:00;;2026-09-22T22:29:38.957990+00:00;https://carregados.com.br/estacoes/estacao-easy-volt---eletroposto-condom%C3%ADnio-parad%C3%ADso-pen%C3%ADnsula-1124;True;False
carregados_rj_2026-09-22;4250;Easy Volt Condomínio Praia Rio;rio de janeiro;rio de janeiro (rj);Av. Lúcio Costa, 4666 - Barra da Tijuca, Rio de Janeiro - RJ, 22630-011, Brazil;-23.009531;-43.344211;Restrito;False;False;False;somente AC identificado;;Residential;1;1;7.0;;;;False;ausente;True;False;False;Este eletroposto é pago;;False;;2026-09-19T11:02:14.453000+00:00;;2026-09-22T22:29:38.976056+00:00;https://carregados.com.br/estacoes/estacao-easy-volt---eletroposto-condom%C3%ADnio-praia-rio-4250;True;False
carregados_rj_2026-09-22;1136;Easy Volt Condomínio Via Privilege;rio de janeiro;rio de janeiro (rj);R. dos Jacarandás da Península, 1000 - Barra da Tijuca, Rio de Janeiro - RJ, 22776-050, Brazil;-22.99207955420598;-43.34859056474124;Restrito;False;False;False;somente AC identificado;;public_transport_station;1;1;;;;;False;ausente;True;False;False;Este eletroposto é pago;;False;;2026-09-21T00:17:17.709000+00:00;;2026-09-22T22:29:38.967664+00:00;https://carregados.com.br/estacoes/estacao-easy-volt---eletroposto-condom%C3%ADnio-via-privilege-1136;True;False
carregados_rj_2026-09-22;4254;Easy Volt Edifício Portofelice;rio de janeiro;rio de janeiro (rj);Av. Gastão Sengés, 245 - Barra da Tijuca, Rio de Janeiro - RJ, 22631-280, Brazil;-23.00338651260123;-43.341273376380634;Restrito;False;False;False;somente AC identificado;;park;1;1;;;;;False;ausente;True;False;False;Este eletroposto é pago;;False;;2026-09-19T11:02:16.440000+00:00;;2026-09-22T22:29:39.670774+00:00;https://carregados.com.br/estacoes/estacao-easy-volt---eletroposto-edif%C3%ADcio-portofelice-4254;True;False
carregados_rj_2026-09-22;5004;EcoPoint - Condomínio Ciela Vita Residence;rio de janeiro;rio de janeiro (rj);Praça Antônio Callado, 1 - Barra da Tijuca, Rio de Janeiro - RJ, 22793-084, Brazil;-23.001671599181197;-43.39303037949982;Restrito;False;False;False;somente AC identificado;Ecopoint;park;1;1;;;;;False;ausente;False;False;False;;;False;;2026-09-19T11:28:48.901000+00:00;;2026-09-22T22:29:39.668398+00:00;https://carregados.com.br/estacoes/estacao-ecopoint---condominio-ciela-vita-residence-5004;True;False
carregados_rj_2026-09-22;9216;EcoPoint - Espacio Laguna;rio de janeiro;rio de janeiro (rj);Rua Antônio Arthur Braga, 370 - Barra da Tijuca, Rio de Janeiro - RJ, 22793-105, Brazil;-22.98416923044343;-43.38497970952455;Restrito;False;False;False;somente AC identificado;Ecopoint;point_of_interest;1;1;;;;;False;ausente;False;False;False;;;False;;2026-09-19T14:00:05.209000+00:00;;2026-09-22T22:29:39.683322+00:00;https://carregados.com.br/estacoes/estacao-ecopoint-espacio-laguna-9216;True;False
carregados_rj_2026-09-22;5005;EcoPoint Carioca Residencial;rio de janeiro;rio de janeiro (rj);Estrada Adhemar Bebiano, 375 - Del Castilho, Rio de Janeiro - RJ, 21051-071, Brazil;-22.87480625511818;-43.26666405422976;Restrito;False;False;False;somente AC identificado;Ecopoint;park;1;1;;;;;False;ausente;False;False;False;;;False;;2026-09-19T11:28:50.808000+00:00;;2026-09-22T22:28:50.806442+00:00;https://carregados.com.br/estacoes/estacao-ecopoint---carioca-residencial-5005;True;False
carregados_rj_2026-09-22;984889;Ecopoind - Cond. Barra Village Prime;rio de janeiro;rio de janeiro (rj);R. Abraham Palatnik, 100 - Recreio dos Bandeirantes, Rio de Janeiro - RJ, 22790-728, Brazil;-23.00161474162107;-43.435789799613964;Restrito;False;False;False;somente AC identificado;Ecopoint;point_of_interest;1;1;;;;;False;ausente;False;False;False;;;False;;2026-09-19T18:17:35.136000+00:00;;2026-09-22T22:29:40.377643+00:00;https://carregados.com.br/estacoes/estacao-ecopoint-cond-barra-village-prime-984889;True;False
carregados_rj_2026-09-22;4170;Ecopoint - Cond Millênio - Ilha Pura;rio de janeiro;rio de janeiro (rj);Av. Abraham Medina, 355 - Camorim, Rio de Janeiro - RJ, 22783-123, Brazil;-22.983455657958984;-43.41513442993164;Restrito;False;False;False;somente AC identificado;Ecopoint;residential;2;2;;;;;False;ausente;False;False;False;;;False;;2026-09-19T10:59:20.914000+00:00;;2026-09-22T22:28:35.341515+00:00;https://carregados.com.br/estacoes/estacao-mill%C3%AAnio---ilha-pura-4170;True;False
carregados_rj_2026-09-22;5358;Ecopoint - Cond. Mondrian;rio de janeiro;rio de janeiro (rj);Rua dos Jacarandás, 1100 - Barra da Tijuca, Rio de Janeiro - RJ, 22776-050, Brazil;-22.992392654609425;-43.34926338650818;Restrito;False;False;False;somente AC identificado;Ecopoint;park;1;1;;;;;False;ausente;False;False;False;;;False;;2026-09-19T11:41:06.589000+00:00;;2026-09-22T22:29:40.362498+00:00;https://carregados.com.br/estacoes/estacao-ecopoint---cond-mondrian-5358;True;False
carregados_rj_2026-09-22;5359;Ecopoint - Cond. Monet;rio de janeiro;rio de janeiro (rj);Av. Flamboyants da Península, 1180 - Barra da Tijuca, Rio de Janeiro - RJ, 22776-070, Brazil;-22.992608406738366;-43.350934050000006;Restrito;False;False;False;somente AC identificado;Ecopoint;park;1;1;;;;;False;ausente;False;False;False;;;False;;2026-09-19T11:41:14.507000+00:00;;2026-09-22T22:29:40.369547+00:00;https://carregados.com.br/estacoes/estacao-ecopoint---cond-monet-5359;True;False
carregados_rj_2026-09-22;5361;Ecopoint - Cond. On Botafogo;rio de janeiro;rio de janeiro (rj);R. Voluntários da Pátria, 114 - Botafogo, Rio de Janeiro - RJ, 22270-010, Brazil;-22.951639603346287;-43.185549564765;Restrito;False;False;False;somente AC identificado;Ecopoint;park;1;1;;;2.1;;True;pago;False;False;False;2.10;;False;;2026-09-19T11:41:15.469000+00:00;;2026-09-22T22:29:41.094601+00:00;https://carregados.com.br/estacoes/estacao-ecopoint---cond-on-botafofo-5361;True;False
carregados_rj_2026-09-22;5366;Ecopoint - Cond. Quintas E Quintais;rio de janeiro;rio de janeiro (rj);R. Sambaíba, 699 - Bloco 2 - Leblon, Rio de Janeiro - RJ, 22450-140, Brazil;-22.985931606736212;-43.23480489999999;Restrito;False;False;False;somente AC identificado;Ecopoint;park;1;1;;;;;False;ausente;False;False;False;;;False;;2026-09-19T11:41:23.352000+00:00;;2026-09-22T22:29:41.072373+00:00;https://carregados.com.br/estacoes/estacao-ecopoint---cond-quintas-e-quintais-5366;True;False
carregados_rj_2026-09-22;9009;Ecopoint - Condominio Do Edificio Maxi Leblon;rio de janeiro;rio de janeiro (rj);R. Sambaíba, 580 - Leblon, Rio de Janeiro - RJ, 22450-140, Brazil;-22.985896415108467;-43.2335957156067;Restrito;False;False;False;somente AC identificado;Ecopoint;point_of_interest;1;1;;;;;False;ausente;False;False;False;;;False;;2026-09-19T13:54:38.769000+00:00;;2026-09-22T22:29:41.084064+00:00;https://carregados.com.br/estacoes/estacao-ecopoint-condominio-do-edificio-maxi-leblon-9009;True;False
carregados_rj_2026-09-22;5001;Ecopoint - Condominio Ilha De Cozumel;rio de janeiro;rio de janeiro (rj);Av. Lúcio Costa, 3360 - Bloco 5 - Barra da Tijuca, Rio de Janeiro - RJ, 22630-010, Brazil;-23.00847172038799;-43.32904818703309;Restrito;False;False;False;somente AC identificado;Ecopoint;park;1;1;;;;;False;ausente;False;False;False;;;False;;2026-09-19T11:28:41.973000+00:00;;2026-09-22T22:29:41.768457+00:00;https://carregados.com.br/estacoes/estacao-ecopoint---condominio-ilha-de-cozumel-5001;True;False
carregados_rj_2026-09-22;164838;Ecopoint - Condominio Smart;rio de janeiro;rio de janeiro (rj);Av. Flamboyants da Península, 1070 - Barra da Tijuca, Rio de Janeiro - RJ, 22776-070, Brazil;-22.99157523318607;-43.35128321897434;Restrito;False;False;False;somente AC identificado;Ecopoint;point_of_interest;1;1;;;;;False;ausente;False;False;False;;;False;;2026-09-19T14:50:29.760000+00:00;;2026-09-22T22:29:41.788007+00:00;https://carregados.com.br/estacoes/estacao-ecopoint-condominio-smart-164838;True;False
carregados_rj_2026-09-22;5357;Ecopoint - Condomínio Grand Midas Rio;rio de janeiro;rio de janeiro (rj);Estr. dos Bandeirantes, 6265 - Jacarepaguá, Rio de Janeiro - RJ, 22780-081, Brazil;-22.962624006728554;-43.400018949999996;Restrito;False;False;False;somente AC identificado;Ecopoint;park;1;1;;;;;False;ausente;False;False;False;;;False;;2026-09-19T11:41:07.550000+00:00;;2026-09-22T22:29:41.791067+00:00;https://carregados.com.br/estacoes/estacao-ecopoint---condom%C3%ADnio-grand-midas-rio-5357;True;False
carregados_rj_2026-09-22;9217;Ecopoint - Condomínio Grandes Lagos Bl. 7 E 8;rio de janeiro;rio de janeiro (rj);Av. Cláudio Besserman Vianna, 03 - Jacarepaguá, Rio de Janeiro - RJ, 22775-036, Brazil;-22.97047115673112;-43.358028600000004;Restrito;False;False;False;somente AC identificado;Ecopoint;point_of_interest;1;1;;;;;False;ausente;False;False;False;;;False;;2026-09-19T14:00:12.114000+00:00;;2026-09-22T22:29:42.482739+00:00;https://carregados.com.br/estacoes/estacao-ecopoint-condominio-grandes-lagos-bl-7-e-8-9217;True;False
carregados_rj_2026-09-22;625491;Ecopoint - Condomínio Prime Ville;rio de janeiro;rio de janeiro (rj);R. Paulo Barreto, 104 - Botafogo, Rio de Janeiro - RJ, 22280-010, Brazil;-22.955843637123568;-43.186501574884055;Restrito;False;False;False;somente AC identificado;Ecopoint;point_of_interest;1;1;;;;;False;ausente;False;False;False;;;False;;2026-09-20T10:16:20.525000+00:00;;2026-09-22T22:29:42.486880+00:00;https://carregados.com.br/estacoes/estacao-ecopoint-condominio-prime-ville-625491;True;False
carregados_rj_2026-09-22;1111;Ecopoint - Reserva Jardim;rio de janeiro;rio de janeiro (rj);Av. Vice Pres. José Alencar, 1500 - Jacarepaguá, Rio de Janeiro - RJ, 22775-033, Brazil;-22.967413767464215;-43.383423909544945;Restrito;False;False;False;somente AC identificado;Ecopoint;gas_station;1;1;;;0.97;5.0;True;pago;False;False;False;$5,00 hora  mais 0,97 kw;;False;;2026-09-20T12:01:19.960000+00:00;;2026-09-22T22:28:20.582934+00:00;https://carregados.com.br/estacoes/estacao-ecopoint-reserva-jardim-1111;True;False
carregados_rj_2026-09-22;5375;Ecopoint - Residencial Royal Green;rio de janeiro;rio de janeiro (rj);Av. das Acácias da Península, 410 - Barra da Tijuca, Rio de Janeiro - RJ, 22776-000, Brazil;-22.989934650078396;-43.354209779762286;Restrito;False;False;False;somente AC identificado;Ecopoint;park;1;1;;;;;False;ausente;False;False;False;;;False;;2026-09-19T11:42:34.997000+00:00;;2026-09-22T22:29:42.490211+00:00;https://carregados.com.br/estacoes/estacao-ecopoint---residencial-royal-green-5375;True;False
carregados_rj_2026-09-22;4998;Ecopoint Cond. Reserva Do Parque;rio de janeiro;rio de janeiro (rj);Av. Vice Pres. José Alencar, 6425 - Jacarepaguá, Rio de Janeiro - RJ, 22775-033, Brazil;-22.965777659445703;-43.384691249737536;Restrito;False;False;False;somente AC identificado;Ecopoint;park;1;1;;;;;False;ausente;False;False;False;;;False;;2026-09-19T11:28:33.192000+00:00;;2026-09-22T22:29:43.171326+00:00;https://carregados.com.br/estacoes/estacao-ecopoint---reserva-do-parque-4998;True;False
carregados_rj_2026-09-22;5384;Ecopoint Condomínio Brasil;rio de janeiro;rio de janeiro (rj);Av. Cláudio Besserman Vianna, 12 - Jacarepaguá, Rio de Janeiro - RJ, 22775-036, Brazil;-22.97295107444115;-43.35916819916803;Restrito;False;False;False;somente AC identificado;Ecopoint;park;1;1;;;;;False;ausente;False;False;False;;;False;;2026-09-19T11:42:51.623000+00:00;;2026-09-22T22:29:43.151698+00:00;https://carregados.com.br/estacoes/estacao-ecopoint---condominio-brasil-5384;True;False
carregados_rj_2026-09-22;4160;Ecopoint Condomínio Via Barra;rio de janeiro;rio de janeiro (rj);Av. Pref. Dulcídio Cardoso, 1200 - Barra da Tijuca, Rio de Janeiro - RJ, 22620-311, Brazil;-23.00755240446672;-43.323479890823364;Restrito;False;False;False;somente AC identificado;Ecopoint;park;1;1;;;0.9531;5.0;True;pago;False;False;False;R$5,00 + R$0,9531/kWh;;False;;2026-09-19T10:59:05.101000+00:00;;2026-09-22T22:29:43.164375+00:00;https://carregados.com.br/estacoes/estacao-ecopoint-condom%C3%ADnio-via-barra-4160;True;False
carregados_rj_2026-09-22;5364;Ecopoint Edificio Panorama;rio de janeiro;rio de janeiro (rj);R. Alm. Pereira Guimarães, 79 - Leblon, Rio de Janeiro - RJ, 22440-005, Brazil;-22.98304182050718;-43.21717319615065;Restrito;False;False;False;somente AC identificado;Ecopoint;park;1;1;;;;;False;ausente;False;False;False;;;False;;2026-09-19T11:41:22.387000+00:00;;2026-09-22T22:29:45.260767+00:00;https://carregados.com.br/estacoes/estacao-ecopoint---edificio-panorama-5364;True;False
carregados_rj_2026-09-22;1037;Ed Pomar Das Laranjeiras;rio de janeiro;rio de janeiro (rj);Rua Leite Leal, 245 - Laranjeiras, Rio de Janeiro - RJ, 22240-100, Brazil;-22.936606383480125;-43.18790263743439;Restrito;False;False;False;somente AC identificado;EZVolt;Residential;1;1;7.0;;;;False;ausente;True;False;False;;;False;;2026-09-20T10:10:00.221000+00:00;;2026-09-22T22:29:45.973789+00:00;https://carregados.com.br/estacoes/estacao-ed-pomar-das-laranjeiras-1037;True;False
carregados_rj_2026-09-22;1139503;Ed. San Marino;rio de janeiro;rio de janeiro (rj);R. Min. Raul Fernandes, 160 - Botafogo, Rio de Janeiro - RJ, 22260-040, Brazil;-22.945834536276674;-43.188339777909846;Restrito;False;False;False;somente AC identificado;Ecopoint;point_of_interest;1;1;;;;;False;ausente;False;False;False;;;False;;2026-09-19T15:26:15.975000+00:00;;2026-09-22T22:29:45.992385+00:00;https://carregados.com.br/estacoes/estacao-ed-san-marino-1139503;True;False
carregados_rj_2026-09-22;5009;Edificio Gavea;rio de janeiro;rio de janeiro (rj);Rua Vice-Governador Rúbens Berardo, 125 - BL01/504 - Gávea, Rio de Janeiro - RJ, 22451-070, Brazil;-22.977963756733583;-43.2295644;Restrito;False;False;False;somente AC identificado;Ecopoint;park;1;1;;;;;False;ausente;False;False;False;;;False;;2026-09-19T11:29:04.680000+00:00;;2026-09-22T22:29:45.999812+00:00;https://carregados.com.br/estacoes/estacao-ecopoint---edificio-gavea-5009;True;False
carregados_rj_2026-09-22;5378;Edificio Terrasse;rio de janeiro;rio de janeiro (rj);Rua Conde de Bernadotte, 26 - Leblon, Rio de Janeiro - RJ, 22430-200, Brazil;-22.980966638128297;-43.22298772781306;Restrito;False;False;False;somente AC identificado;Ecopoint;park;1;1;;;;;False;ausente;False;False;False;;;False;;2026-09-19T18:58:44.681000+00:00;;2026-09-22T22:29:46.773505+00:00;https://carregados.com.br/estacoes/estacao-ecopoint---edificio-terrasse-5378;True;False
carregados_rj_2026-09-22;5380;Edificio Triade;rio de janeiro;rio de janeiro (rj);R. Redentor, 291 - Ipanema, Rio de Janeiro - RJ, 22421-030, Brazil;-22.98251346925621;-43.21217221504706;Restrito;False;False;False;somente AC identificado;Ecopoint;park;1;1;;;;;False;ausente;False;False;False;;;False;;2026-09-19T11:42:48.792000+00:00;;2026-09-22T22:29:46.770900+00:00;https://carregados.com.br/estacoes/estacao-ecopoint---edificio-triade-5380;True;False
carregados_rj_2026-09-22;10110;Edificio Tuileries;rio de janeiro;rio de janeiro (rj);Praça Min. Victor Nunes Leal, 88 - Barra da Tijuca, Rio de Janeiro - RJ, 22793-840, Brazil;-23.008373851590257;-43.36883670868172;Restrito;False;False;False;somente AC identificado;Ecopoint;point_of_interest;1;1;;;;;False;ausente;False;False;False;;;False;;2026-09-19T14:31:24.263000+00:00;;2026-09-22T22:29:46.768250+00:00;https://carregados.com.br/estacoes/estacao-ecopoint-edificio-tuileries-10110;True;False
carregados_rj_2026-09-22;5381;Edificio Via Cancun;rio de janeiro;rio de janeiro (rj);Av. Grande Canal, 1300 - Barra da Tijuca, Rio de Janeiro - RJ, 22640-060, Brazil;-23.007154999460788;-43.32450663872009;Restrito;False;False;False;somente AC identificado;Ecopoint;park;1;1;;;;;False;ausente;False;False;False;;;False;;2026-09-19T11:42:42.883000+00:00;;2026-09-22T22:29:47.479932+00:00;https://carregados.com.br/estacoes/estacao-ecopoint---edificio-via-cancun-5381;True;False
carregados_rj_2026-09-22;164837;Edificio Waterways Bl1, 2 E 5;rio de janeiro;rio de janeiro (rj);Av. Lúcio Costa, 4600 - Barra da Tijuca, Rio de Janeiro - RJ, 22630-011, Brazil;-23.008798726698018;-43.34364926501237;Restrito;False;False;False;somente AC identificado;Ecopoint;point_of_interest;1;1;;;;;False;ausente;False;False;False;;;False;;2026-09-19T14:50:28.846000+00:00;;2026-09-22T22:29:43.851863+00:00;https://carregados.com.br/estacoes/estacao-ecopoint-edificio-waterways-bl1-2-e-5-164837;True;False
carregados_rj_2026-09-22;4106;Edifício Barra De Itaúna;rio de janeiro;rio de janeiro (rj);R. Lagoa das Garças, 2000 - Barra da Tijuca, Rio de Janeiro - RJ, 22793-400, Brazil;-23.00938983226599;-43.42187639325858;Restrito;False;True;False;somente AC identificado;Ecopoint;park;1;1;;;;5.0;False;ausente;False;False;False;R$5,00 / h + valor do kWh;;False;;2026-09-19T10:57:21.058000+00:00;;2026-09-22T22:28:51.580490+00:00;https://carregados.com.br/estacoes/estacao-ecopoint---edif%C3%ADcio-barra-de-ita%C3%BAna-4106;True;False
carregados_rj_2026-09-22;5356;Edifício Barra Marina;rio de janeiro;rio de janeiro (rj);Av. Pref. Dulcídio Cardoso, 1680 - Barra da Tijuca, Rio de Janeiro - RJ, 22620-311, Brazil;-23.006458345039228;-43.32721823465575;Restrito;False;False;False;somente AC identificado;Ecopoint;park;1;1;;;;;False;ausente;False;False;False;;;False;;2026-09-19T11:41:00.614000+00:00;;2026-09-22T22:29:43.846738+00:00;https://carregados.com.br/estacoes/estacao-ecopoint---edif%C3%ADcio-barra-marina-5356;True;False
carregados_rj_2026-09-22;1141;Edifício Comercial O2;rio de janeiro;rio de janeiro (rj);Av. José Silva de Azevedo Neto, 318 - Barra da Tijuca, Rio de Janeiro - RJ, 22775-056, Brazil;-22.988476;-43.359317;Público;True;False;False;somente AC identificado;;store;2;2;;;1.99;;False;pago;False;False;False;;;True;;2026-09-20T11:37:16.243000+00:00;;2026-09-22T22:28:36.111389+00:00;https://carregados.com.br/estacoes/estacao-zletric---edif%C3%ADcio-comercial-o2-1141;True;False
carregados_rj_2026-09-22;871;Edifício Eco Sapucaí;rio de janeiro;rio de janeiro (rj);R. Pres. Barroso, 42 - Santo Cristo, Rio de Janeiro - RJ, 20211-060, Brazil;-22.909873356711326;-43.19829999999999;Público;True;False;False;somente AC identificado;Enel X;lodging;2;2;;;;;False;ausente;False;False;False;;;False;;2026-09-21T00:14:09.217000+00:00;;2026-09-22T22:28:51.596357+00:00;https://carregados.com.br/estacoes/estacao-edif%C3%ADcio-eco-sapuca%C3%AD-871;True;False
carregados_rj_2026-09-22;6114;Edifício Garagem Menezes Cortes;rio de janeiro;rio de janeiro (rj);R. São José, 35 - Centro, Rio de Janeiro - RJ, 20771-260, Brazil;-22.90511484420683;-43.17513088627701;Público;True;False;False;somente AC identificado;;parking;1;2;;;;;False;ausente;False;False;False;;;False;;2026-09-19T20:43:01.921000+00:00;;2026-09-22T22:28:21.304186+00:00;https://carregados.com.br/estacoes/estacao-edif%C3%ADcio-garagem-menezes-cortes-6114;True;False
carregados_rj_2026-09-22;4123;Edifício Itaúna Gold;rio de janeiro;rio de janeiro (rj);Condomínio do Edifício Itaúna Gold - Av. Pref. Dulcídio Cardoso, 10900 - Barra da Tijuca, Rio de Janeiro - RJ, 22793-012, Brazil;-23.0105177672349;-43.42079747468233;Restrito;False;False;False;somente AC identificado;Ecopoint;park;1;2;;;;;False;ausente;False;False;False;;;False;;2026-09-19T10:57:33.319000+00:00;;2026-09-22T22:29:43.856136+00:00;https://carregados.com.br/estacoes/estacao-ecopoint---edif%C3%ADcio-ita%C3%BAna-gold-4123;True;False
carregados_rj_2026-09-22;4117;Edifício Malaga;rio de janeiro;rio de janeiro (rj);R. Escultor Sergio Camargo, 65 - Jacarepaguá, Rio de Janeiro - RJ, 22711, Brazil;-22.96877894543948;-43.38752169799857;Restrito;False;False;False;somente AC identificado;Ecopoint;premise;1;1;;;1.0398;5.0;True;pago;False;False;False;Taxa de locação: R$ 5,00 + R$ 1,0398 por kwh;;False;;2026-09-19T10:57:27.627000+00:00;;2026-09-22T22:29:44.583028+00:00;https://carregados.com.br/estacoes/estacao-ecopoint---cond-verano---edif%C3%ADcio-malaga-4117;True;False
carregados_rj_2026-09-22;984892;Edifício Praia De Itaúna;rio de janeiro;rio de janeiro (rj);Av. Pref. Dulcídio Cardoso, 11100 - Barra da Tijuca, Rio de Janeiro - RJ, 22793-012, Brazil;-23.01037282577132;-43.42295163558158;Restrito;False;False;False;somente AC identificado;;point_of_interest;1;1;;;;;False;ausente;False;False;False;;;False;;2026-09-19T15:20:54.497000+00:00;;2026-09-22T22:29:44.562961+00:00;https://carregados.com.br/estacoes/estacao-edificio-praia-de-itauna-984892;True;False
carregados_rj_2026-09-22;4219;Edifício Sunplace;rio de janeiro;rio de janeiro (rj);Praça Telê Santana, 85 - Barra da Tijuca, Rio de Janeiro - RJ, 22793-298, Brazil;-23.002275;-43.390921;Restrito;False;False;False;somente AC identificado;;Parking Garage/Lot;1;1;7.0;;;;False;ausente;True;False;False;;;False;;2026-09-19T11:00:55.752000+00:00;;2026-09-22T22:28:51.598407+00:00;https://carregados.com.br/estacoes/estacao-edif%C3%ADcio-sunplace-4219;True;False
carregados_rj_2026-09-22;4116;Edifício Termoli;rio de janeiro;rio de janeiro (rj);R. Franz Weissman, 410 - Jacarepaguá, Rio de Janeiro - RJ, 22775-051, Brazil;-22.968402697878723;-43.38646664341595;Restrito;False;False;False;somente AC identificado;Ecopoint;premise;1;1;;;1.0398;5.0;True;pago;False;False;False;Taxa de locação: R$ 5,00 + R$ 1,0398 por kwh;;False;;2026-09-19T10:57:28.542000+00:00;;2026-09-22T22:29:44.568156+00:00;https://carregados.com.br/estacoes/estacao-ecopoint---edficio-termoli-4116;True;False
carregados_rj_2026-09-22;9589;Edifício Terra Vita;rio de janeiro;rio de janeiro (rj);Praça Antônio Callado, 215 - Barra da Tijuca, Rio de Janeiro - RJ, 22793-084, Brazil;-23.001746369176526;-43.39400807179716;Restrito;False;False;False;somente AC identificado;Ecopoint;point_of_interest;1;1;;;;;False;ausente;False;False;False;;;False;;2026-09-19T14:10:43.867000+00:00;;2026-09-22T22:29:45.253028+00:00;https://carregados.com.br/estacoes/estacao-ecopoint-edificio-terra-vita-9589;True;False
carregados_rj_2026-09-22;4204;Edifício Torre Oscar Niemeyer;rio de janeiro;rio de janeiro (rj);Praia de Botafogo, 186 Torre Oscar Niemeyer Restaurante do 1° piso - Botafogo, Rio de Janeiro - RJ, 22250-145, Brazil;-22.940968;-43.180119;Restrito;False;False;False;somente AC identificado;Enel X Way;School/University;2;2;22.0;;;;False;ausente;True;False;False;;;False;;2026-09-19T20:33:41.243000+00:00;;2026-09-22T22:28:36.113890+00:00;https://carregados.com.br/estacoes/estacao-edif%C3%ADcio-torre-oscar-niemeyer-4204;True;False
carregados_rj_2026-09-22;8183;Eletrobras;rio de janeiro;rio de janeiro (rj);Estrada do Pau da Fome, 880 - Taquara, Rio de Janeiro - RJ, 22723-497, Brazil;-22.922677301490197;-43.41793019324541;Restrito;False;False;False;somente AC identificado;On-Charge;point_of_interest;1;1;;;;;False;ausente;False;False;False;;;False;;2026-09-20T10:27:15.232000+00:00;;2026-09-22T22:28:52.370022+00:00;https://carregados.com.br/estacoes/estacao-eletrobras-8183;True;False
carregados_rj_2026-09-22;1035626;Eletromoove - Pão De Açúcar - Leblon;rio de janeiro;rio de janeiro (rj);R. José Linhares, 245 - Leblon, Rio de Janeiro - RJ, 22430-220, Brazil;-22.98084505085627;-43.22230489999999;Público;True;False;False;somente AC identificado;;point_of_interest;1;1;;;;;True;ausente;False;False;False;R$ 1,97/Kwh;;False;;2026-09-19T15:24:23.975000+00:00;;2026-09-22T22:28:36.109379+00:00;https://carregados.com.br/estacoes/estacao-eletromoove-pao-de-acucar-leblon-1035626;True;False
carregados_rj_2026-09-22;1091;Emiliano Rio;rio de janeiro;rio de janeiro (rj);Av. Atlântica, 3804 - Copacabana, Rio de Janeiro - RJ, 22070-001, Brazil;-22.98222;-43.190357;Restrito;False;False;False;somente AC identificado;;Lodging;2;2;11.0;;;;False;ausente;True;False;False;;;False;;2026-09-21T00:16:39.069000+00:00;;2026-09-22T22:28:36.951875+00:00;https://carregados.com.br/estacoes/estacao-emiliano-rio-1091;True;False
carregados_rj_2026-09-22;663893;Espaço Léo Lopes Jardim Botânico;rio de janeiro;rio de janeiro (rj);R. Jardim Botânico, 657 - Jardim Botânico, Rio de Janeiro - RJ, 22470-050, Brazil;-22.964902;-43.217787;Público;True;False;False;somente AC identificado;EZVolt;Workplace;1;1;7.0;8.0;;;False;ausente;True;False;False;"Abra los detalles del cargador para ver los precios actualizados

Please open charger details to view up to date pricing";;False;;2026-09-19T15:04:50.400000+00:00;;2026-09-22T22:28:32.796793+00:00;https://carregados.com.br/estacoes/estacao-espaco-leo-lopes-jardim-botanico-663893;True;False
carregados_rj_2026-09-22;10761;Essence Condominium;rio de janeiro;rio de janeiro (rj);Rua Franco Zampari, 111 - Barra da Tijuca, Rio de Janeiro - RJ, 22775-048, Brazil;-22.976288824440392;-43.37387568797381;Restrito;False;False;False;somente AC identificado;EvoltBR;point_of_interest;3;3;;;2.2;;True;pago;False;False;False;2,20;;False;;2026-09-20T01:33:59.744000+00:00;;2026-09-22T22:29:49.705801+00:00;https://carregados.com.br/estacoes/estacao-essence-condominium-10761;True;False
carregados_rj_2026-09-22;2073791;Ezy Volt Flora De Jacarepaguá;rio de janeiro;rio de janeiro (rj);Estr. Campo da Areia, 1205 - Pechincha, Rio de Janeiro - RJ, 22743-311, Brazil;-22.919677278086272;-43.344055116176605;Público;True;False;False;somente AC identificado;EZVolt;;1;1;;7.0;2.07;;False;pago;False;False;False;2,07;;True;;2026-09-20T18:32:52.293000+00:00;;2026-09-22T22:28:01.835296+00:00;https://carregados.com.br/estacoes/estacao-ezy-volt-flora-de-jacarepagua-2073791;True;False
carregados_rj_2026-09-22;4199;Fairmont Rio De Janeiro Copacabana;rio de janeiro;rio de janeiro (rj);Av. Atlântica, 4260 - Copacabana, Rio de Janeiro - RJ, 22070-002, Brazil;-22.986169;-43.18939;Público;True;False;False;somente AC identificado;;Lodging;2;2;11.0;;;;False;ausente;True;False;False;;;False;;2026-09-19T11:00:46.960000+00:00;;2026-09-22T22:27:45.063288+00:00;https://carregados.com.br/estacoes/estacao-fairmont-rio-de-janeiro-copacabana-(1)-4199;True;False
carregados_rj_2026-09-22;1063;Fashion Mall - Zletric;rio de janeiro;rio de janeiro (rj);Praia de Botafogo, 370 - Botafogo, Rio de Janeiro - RJ, 22250-040, Brazil;-22.947039;-43.182927;Restrito;False;False;False;somente AC identificado;;shopping_mall;3;3;;;;;False;ausente;False;False;False;;;False;;2026-09-21T00:16:04.312000+00:00;;2026-09-22T22:28:21.303769+00:00;https://carregados.com.br/estacoes/estacao-fashion-mall---zletric-1063;True;False
carregados_rj_2026-09-22;1047;Fhone Shop Distribuidora;rio de janeiro;rio de janeiro (rj);Estr. do Timbó, 268 - Higienópolis, Rio de Janeiro - RJ, 21061-280, Brazil;-22.8718205;-43.26873459999999;Público;True;False;False;somente AC identificado;Plug&Go;Workplace;1;1;;;;;False;ausente;True;False;False;;;False;8:00 as 17:00;2026-09-21T00:15:41.491000+00:00;;2026-09-22T22:28:14.312959+00:00;https://carregados.com.br/estacoes/estacao-fhone-shop-distribuidora-1047;True;False
carregados_rj_2026-09-22;1053;Fiat Azzurra;rio de janeiro;rio de janeiro (rj);R. Gen. Polidoro, 81 - Botafogo, Rio de Janeiro - RJ, 22280-004, Brazil;-22.95387916302689;-43.18367511034012;Restrito;False;False;False;somente AC identificado;WeCharge;car_dealer;3;3;;;;;False;ausente;False;False;False;;;False;08:00 às 18:00;2026-09-21T00:15:52.410000+00:00;;2026-09-22T22:29:51.178332+00:00;https://carregados.com.br/estacoes/estacao-fiat-azzurra-1053;True;False
carregados_rj_2026-09-22;2075863;GWM Américas;rio de janeiro;rio de janeiro (rj);Av. das Américas, 3665 - Lojas 137 e 138 - Barra da Tijuca, Rio de Janeiro - RJ, 22631-003, Brazil;-23.00069130076118;-43.35070766508579;Restrito;False;False;False;DC presente;;;1;1;;;;;False;ausente;False;False;False;;;False;;2026-09-20T01:47:57.581000+00:00;;2026-09-22T22:29:47.490032+00:00;https://carregados.com.br/estacoes/estacao-gwm-americas-2075863;True;False
carregados_rj_2026-09-22;4287;Gauguin;rio de janeiro;rio de janeiro (rj);Av. Flamboyants da Península, 50 - Barra da Tijuca, Rio de Janeiro - RJ, 22776-070, Brazil;-22.990188;-43.351056;Público;True;False;False;somente AC identificado;EZVolt;Workplace;2;2;7.0;;;;False;ausente;True;False;False;;;False;;2026-09-19T23:41:26.474000+00:00;;2026-09-22T22:28:53.894229+00:00;https://carregados.com.br/estacoes/estacao-gauguin-4287;True;False
carregados_rj_2026-09-22;1026;Globo RJ;rio de janeiro;rio de janeiro (rj);R. Lopes Quintas, 303 - Jardim Botânico, Rio de Janeiro - RJ, 22460-010, Brazil;-22.964393;-43.221214;Restrito;False;False;False;somente AC identificado;;Workplace;1;1;;;;;False;ausente;True;False;False;;;False;;2026-09-20T11:07:50.741000+00:00;;2026-09-22T22:29:47.482825+00:00;https://carregados.com.br/estacoes/estacao-globo-rj-1026;True;False
carregados_rj_2026-09-22;1139517;Golden Coast;rio de janeiro;rio de janeiro (rj);Av. Lúcio Costa, 6000 - Barra da Tijuca, Rio de Janeiro - RJ, 22630-012, Brazil;-23.00973419052465;-43.35621848232593;Restrito;False;False;False;somente AC identificado;;point_of_interest;1;1;;5.0;;1.0;True;ausente;False;False;False;2,0 KW + 1,0 real de taxa de conexão;;False;;2026-09-19T15:26:24.913000+00:00;;2026-09-22T22:28:53.897100+00:00;https://carregados.com.br/estacoes/estacao-golden-coast-1139517;True;False
carregados_rj_2026-09-22;806;Gotland Volvo;rio de janeiro;rio de janeiro (rj);Av. Min. Ivan Lins, 240 - Barra da Tijuca, Rio de Janeiro - RJ, 22620-110, Brazil;-23.009646;-43.303195;Restrito;False;False;False;DC presente;EZVolt;Dealership;3;3;7.0;;;;False;ausente;True;False;False;"Abra os detalhes do carregador para ver os preços atualizados

Please open charger details to view up to date pricing";;False;;2026-09-20T11:37:41.167000+00:00;;2026-09-22T22:27:55.925443+00:00;https://carregados.com.br/estacoes/estacao-gotland-volvo-806;True;False
carregados_rj_2026-09-22;7318;Grupo AB - BYD - Nova América;rio de janeiro;rio de janeiro (rj);Av. Pastor Martin Luther King Jr., 126 - Del Castilho, Rio de Janeiro - RJ, 20760-005, Brazil;-22.878382615228332;-43.27003989368677;Público;True;False;False;DC presente;;Store;1;1;;;;;False;ausente;False;False;False;Pagamento do estacionamento;;False;;2026-09-19T12:32:06.191000+00:00;;2026-09-22T22:27:55.946118+00:00;https://carregados.com.br/estacoes/estacao-grupo-ab---byd---nova-am%C3%A9rica-7318;True;False
carregados_rj_2026-09-22;9572;Guanabara Campinho;rio de janeiro;rio de janeiro (rj);Av. Ernani Cardoso, 350 - Campinho, Rio de Janeiro - RJ, 21310-310, Brazil;-22.8817743;-43.3391511;Público;True;False;False;somente AC identificado;;point_of_interest;2;2;;2.5;1.75;1.07;False;pago;False;False;False;;"Relato de 15/04/2026, trecho: “Carregador funcionando, porém MUITO lento para um serviço pago. Caro pelo o que oferece. 1,89 kw/h + 1,00. Tem carregador de 30 kw que o Kw/h Custa 1,99.”
Relato de 15/04/2026, trecho: “m serviço pago. Caro pelo o que oferece. 1,89 kw/h + 1,00. Tem carregador de 30 kw que o Kw/h Custa 1,99.”";True;;2026-09-22T11:45:29.154000+00:00;;2026-09-22T22:27:45.061422+00:00;https://carregados.com.br/estacoes/estacao-recar-eletroposto-guanabara-campinho-9572;True;False
carregados_rj_2026-09-22;5613;Guanabara Tanque;rio de janeiro;rio de janeiro (rj);R. Cândido Benício, 3936 - Jacarepaguá, Rio de Janeiro - RJ, 22733-003, Brazil;-22.9139306;-43.3614362;Público;True;False;False;somente AC identificado;;park;1;1;;5.0;1.69;1.2;True;pago;False;False;False;"1,00 para ativar + 1,89 o kW.
Estacionamento 4 horas free p clientes. ";;True;07:00 to 22:00;2026-09-19T20:20:52.209000+00:00;;2026-09-22T22:27:47.243940+00:00;https://carregados.com.br/estacoes/estacao-recar-guanabara-tanque-5613;True;False
carregados_rj_2026-09-22;1506976;Hamburgueria Up 3 Irmão;rio de janeiro;rio de janeiro (rj);Av. Mal. Rondon, 2798 - Engenho Novo, Rio de Janeiro - RJ, 20950-312, Brazil;-22.90411660924863;-43.26374984208697;Público;True;False;False;somente AC identificado;;restaurant;1;1;;6.0;;;False;ausente;False;False;False;"R$ 15,00 hora pare clt consumindo  na hamburgueria ou R$ 20,00 a hora somente recarga.

Wifi 
Banheiro 
Mesa sofá disponíveis para aguardar.";;False;;2026-09-20T10:50:37.459000+00:00;;2026-09-22T22:28:33.506079+00:00;https://carregados.com.br/estacoes/estacao-hamburgueria-up-3-irmao-1506976;True;False
carregados_rj_2026-09-22;9590;Hauck;rio de janeiro;rio de janeiro (rj);Av. das Américas, 43 - Recreio dos Bandeirantes, Rio de Janeiro - RJ, 22631-000, Brazil;-23.020698896399523;-43.489366429620745;Público;True;False;False;não classificado;;point_of_interest;1;1;;;;;False;ausente;False;False;False;;;False;;2026-09-19T14:10:44.817000+00:00;;2026-09-22T22:28:54.634148+00:00;https://carregados.com.br/estacoes/estacao-hauck-9590;True;False
carregados_rj_2026-09-22;9001;Henri Laurens;rio de janeiro;rio de janeiro (rj);R. Ipanema, 173 - Barra da Tijuca, Rio de Janeiro - RJ, 22631-390, Brazil;-23.0016624;-43.3616546;Restrito;False;False;False;somente AC identificado;;point_of_interest;1;1;;;;;False;ausente;False;False;False;;;False;;2026-09-19T13:53:16.791000+00:00;;2026-09-22T22:29:48.209020+00:00;https://carregados.com.br/estacoes/estacao-recar-eletroposto-henri-laurens-9001;True;False
carregados_rj_2026-09-22;1194786;Hortifruti - Barra Da Tijuca;rio de janeiro;rio de janeiro (rj);Praça Prof. Sousa Araújo, 390 - Barra da Tijuca, Rio de Janeiro - RJ, 22620-340, Brazil;-23.00764;-43.316964;Público;True;False;False;somente AC identificado;EZVolt;Store;2;2;7.0;;;;False;ausente;True;False;False;"Abra os detalhes do carregador para ver os preços atualizados

Please open charger details to view up to date pricing";;False;;2026-09-19T15:29:56.082000+00:00;;2026-09-22T22:28:54.633776+00:00;https://carregados.com.br/estacoes/estacao-hortifruti-barra-da-tijuca-1194786;True;False
carregados_rj_2026-09-22;2074388;Hospital São Lucas Copacabana;rio de janeiro;rio de janeiro (rj);Travessa Frederico Pamplona 11, Copacabana, Rio de Janeiro - Rio de Janeiro, 22061, Brasil;-22.972635;-43.192225;Público;True;False;False;somente AC identificado;GreenV;;1;1;;;1.99;2.99;False;pago;False;False;False;;O valor final é calculado conforma a energia consumida.;True;;2026-08-16T13:59:57.565000+00:00;;2026-09-22T22:29:48.965320+00:00;https://carregados.com.br/estacoes/estacao-hospital-sao-lucas-copacabana-2074388;True;False
carregados_rj_2026-09-22;1056;Hospital Vitória Unidade Barra Da Tijuca;rio de janeiro;rio de janeiro (rj);AMÉRICAS MEDICAL CITY - Av. Jorge Curi, 550. Bloco A. Sala 267 - Barra da Tijuca, Rio de Janeiro - RJ, 22775-001, Brazil;-22.992569;-43.370122;Restrito;False;False;False;somente AC identificado;EZVolt;Hospital/Healthcare;1;1;7.0;;;;False;ausente;True;False;False;"Abra os detalhes do carregador para ver os preços atualizados

Please open charger details to view up to date pricing";;False;;2026-09-21T00:15:53.344000+00:00;;2026-09-22T22:28:22.056008+00:00;https://carregados.com.br/estacoes/estacao-hospital-vit%C3%B3ria-unidade-barra-da-tijuca-1056;True;False
carregados_rj_2026-09-22;4064;Hotel Riale Brisa Barra;rio de janeiro;rio de janeiro (rj);Av. Lúcio Costa, 5700 - Barra da Tijuca, Rio de Janeiro - RJ, 22630-190, Brazil;-23.0098477966025;-43.35391692817211;Restrito;False;False;False;não classificado;Ecopoint;lodging;3;3;;;;;False;ausente;False;False;False;;;False;;2026-09-19T10:55:21.726000+00:00;;2026-09-22T22:28:22.041447+00:00;https://carregados.com.br/estacoes/estacao-ecopoint-hotel-riale-brisa-barra-4064;True;False
carregados_rj_2026-09-22;4311;Hotel Riale Vilamar Copacabana;rio de janeiro;rio de janeiro (rj);R. Bolívar, 75 - Copacabana, Rio de Janeiro - RJ, 22061-020, Brazil;-22.9761369;-43.1905928;Restrito;False;False;False;somente AC identificado;Ecopoint;lodging;1;1;;;2.0;;True;pago;False;False;False;R$2 por kW + R$55 da diária do estacionamento;;False;;2026-09-19T11:04:00.131000+00:00;;2026-09-22T22:29:51.871472+00:00;https://carregados.com.br/estacoes/estacao-hotel-riale-vilamar-copacabana-4311;True;False
carregados_rj_2026-09-22;874;Iate Clube Do Rio De Janeiro;rio de janeiro;rio de janeiro (rj);Av. Pasteur, 333 - Urca, Rio de Janeiro - RJ, 22290-250, Brazil;-22.952636;-43.172563;Restrito;False;False;False;somente AC identificado;;marina;1;1;;;;;False;ausente;True;False;False;;;False;;2026-09-21T00:14:10.169000+00:00;;2026-09-22T22:28:22.039628+00:00;https://carregados.com.br/estacoes/estacao-iate-clube-do-rio-de-janeiro-874;True;False
carregados_rj_2026-09-22;4275;Iate Clube Rio De Janeiro;rio de janeiro;rio de janeiro (rj);Av. Pasteur, 333 - Urca, Rio de Janeiro - RJ, 22290-250, Brazil;-22.951513847644843;-43.1731742436554;Restrito;False;False;False;somente AC identificado;Autocharge;park;1;1;;;;;False;ausente;True;False;False;;;False;Segunda a domingo - 07:00 - 00:00;2026-09-19T23:40:22.857000+00:00;;2026-09-22T22:28:56.829731+00:00;https://carregados.com.br/estacoes/estacao-iate-clube-rio-de-janeiro-4275;True;False
carregados_rj_2026-09-22;9419;Icono Parque;rio de janeiro;rio de janeiro (rj);R. do Pinheiro, 50 - Flamengo, Rio de Janeiro - RJ, 22220-050, Brazil;-22.930874453345407;-43.176178336143494;Restrito;False;False;False;somente AC identificado;;point_of_interest;5;5;;;;;False;ausente;True;False;False;10 reais a hora (mesmo que ociosa) ;;False;;2026-09-19T14:05:37.192000+00:00;;2026-09-22T22:28:22.744743+00:00;https://carregados.com.br/estacoes/estacao-icono-parque-9419;True;False
carregados_rj_2026-09-22;984899;Ids – Instituto Dannemann Siemsen;rio de janeiro;rio de janeiro (rj);Av. Rodolfo Amoedo, 300 - Barra da Tijuca, Rio de Janeiro - RJ, 22620-350, Brazil;-23.008788;-43.316512;Público;True;False;False;somente AC identificado;EZVolt;Workplace;2;2;7.0;;;;False;ausente;True;False;False;"Abra los detalles del cargador para ver los precios actualizados

Please open charger details to view up to date pricing";;False;;2026-09-19T15:20:55.505000+00:00;;2026-09-22T22:29:52.720534+00:00;https://carregados.com.br/estacoes/estacao-ids-instituto-dannemann-siemsen-984899;True;False
carregados_rj_2026-09-22;1243162;Igreja Cristo Vive;rio de janeiro;rio de janeiro (rj);R. Maricá, 320 - Praça Seca, Rio de Janeiro - RJ, 21320-070, Brazil;-22.8910311;-43.345461;Restrito;False;False;False;somente AC identificado;;place_of_worship;1;1;;;;;False;ausente;False;False;False;;;False;;2026-09-19T21:41:46.944000+00:00;;2026-09-22T22:29:52.729273+00:00;https://carregados.com.br/estacoes/estacao-igreja-cristo-vive-1243162;True;False
carregados_rj_2026-09-22;1066;Inativo;rio de janeiro;rio de janeiro (rj);Av. Henrique Valadares, 140 - Centro, Rio de Janeiro - RJ, 20231-031, Brazil;-22.91259368600506;-43.19043796509504;Restrito;False;False;False;somente AC identificado;;Workplace;1;1;;;;;False;ausente;True;False;False;;;False;;2026-08-16T13:59:25.042000+00:00;;2026-09-22T22:29:53.446631+00:00;https://carregados.com.br/estacoes/estacao-inativo-1066;True;False
carregados_rj_2026-09-22;4268;Island Personal Offices AC;rio de janeiro;rio de janeiro (rj);R. Dalcídio Jurandir, 225 - Barra da Tijuca, Rio de Janeiro - RJ, 22631-250, Brazil;-23.003108471748973;-43.33783554244525;Público;True;False;False;somente AC identificado;;Workplace;1;2;;;2.15;;True;pago;True;True;True;"R$ 1,85 / kWh 
ESTACIONAMENTO GRÁTIS POR 2 HORAS PARA CLIENTES QUE RECARREGARAM";;False;;2026-09-19T20:06:14.548000+00:00;;2026-09-22T22:27:43.585538+00:00;https://carregados.com.br/estacoes/estacao-island-personal-office-4268;True;False
carregados_rj_2026-09-22;1630653;JB Carbat | Posto Ipiranga;rio de janeiro;rio de janeiro (rj);Estr. dos Três Rios, 2141 - Freguesia (Jacarepaguá), Rio de Janeiro - RJ, 22745-004, Brazil;-22.931151412596485;-43.325309789447516;Público;True;False;False;DC presente;Tupinambá;Gas Station;1;2;120.0;62.73;;;False;ausente;True;False;False;R$ 2,50 / kWh;;False;;2026-09-19T21:29:04.066000+00:00;;2026-09-22T22:27:36.328925+00:00;https://carregados.com.br/estacoes/estacao-jb-carbat-posto-ipiranga-1630653;True;False
carregados_rj_2026-09-22;10760;JW Marriot;rio de janeiro;rio de janeiro (rj);Av. Atlântica, 2600 - Copacabana, Rio de Janeiro - RJ, 22041-001, Brazil;-22.9722151;-43.1858113;Restrito;False;False;False;somente AC identificado;;point_of_interest;1;1;;;;;False;ausente;False;False;False;;;False;;2026-09-20T04:12:55.603000+00:00;;2026-09-22T22:29:53.445673+00:00;https://carregados.com.br/estacoes/estacao-recar-eletroposto-jw-marriot-10760;True;False
carregados_rj_2026-09-22;4359;Jaguar Land Rio;rio de janeiro;rio de janeiro (rj);Av. das Américas, 10000 - Barra da Tijuca, Rio de Janeiro - RJ, 22793-082, Brazil;-22.9995447;-43.4135538;Público;True;False;False;somente AC identificado;;car_dealer;1;1;;;;;False;ausente;True;False;False;;;False;"De segunda a sexta-feira das 8h às 17h.
Sábado: das 9h às 17h
Domingo: fechado.";2026-09-19T11:05:49.107000+00:00;;2026-09-22T22:29:54.223742+00:00;https://carregados.com.br/estacoes/estacao-jaguar-land-rio-4359;True;False
carregados_rj_2026-09-22;5351;Jardins Do Recreio;rio de janeiro;rio de janeiro (rj);Av. Renê Laclete, 100 - Recreio dos Bandeirantes, Rio de Janeiro - RJ, 22790-303, Brazil;-23.009597406743914;-43.453113249999994;Restrito;False;False;False;somente AC identificado;Ecopoint;park;1;1;;;1.14;5.0;True;pago;False;False;False;R$1,14/kWh + R$5.00/h;;False;;2026-09-19T18:58:43.725000+00:00;;2026-09-22T22:29:54.215412+00:00;https://carregados.com.br/estacoes/estacao-ecopoint---condom%C3%ADnio-jardins-do-recreio-5351;True;False
carregados_rj_2026-09-22;164824;KARG;rio de janeiro;rio de janeiro (rj);Shopping Tijuca - Av. Maracanã - Tijuca, Rio de Janeiro - RJ, 20550-142, Brazil;-22.92196767765953;-43.23522347956896;Público;True;False;False;DC presente;;point_of_interest;20;20;;31.43;1.99;1.0;True;pago;True;True;True;"7KWh R$ 1,00 + R$ 1,59/KWh
30KWh R$1,00 + R$1,99/kWh";;False;10:00 ~ 22:00;2026-09-20T00:55:35.127000+00:00;;2026-09-22T22:27:21.289986+00:00;https://carregados.com.br/estacoes/estacao-karg-164824;True;False
carregados_rj_2026-09-22;10103;Kia Motor - Barra;rio de janeiro;rio de janeiro (rj);Av. das Américas, 4223 - Barra da Tijuca, Rio de Janeiro - RJ, 22631-004, Brazil;-23.0005722;-43.3560695;Público;True;False;False;somente AC identificado;;car_dealer;1;1;;;;;False;ausente;False;False;False;;;False;Segunda a sexta 10h as 18h ;2026-09-19T14:29:59.534000+00:00;;2026-09-22T22:29:54.224569+00:00;https://carregados.com.br/estacoes/estacao-kia-motor-barra-gratuito-10103;True;False
carregados_rj_2026-09-22;1043;LSH Lifestyle Hotel - Zletric;rio de janeiro;rio de janeiro (rj);Rua Professor Coutinho Fróis, 10 - Barra da Tijuca, Rio de Janeiro - RJ, 22620-360, Brazil;-23.013003;-43.316719;Restrito;False;False;False;somente AC identificado;;lodging;3;3;;;;;False;ausente;True;False;False;;;False;;2026-09-21T00:15:39.616000+00:00;;2026-09-22T22:29:54.967339+00:00;https://carregados.com.br/estacoes/estacao-lsh-lifestyle-hotel---zletric-1043;True;False
carregados_rj_2026-09-22;9591;La Reserve;rio de janeiro;rio de janeiro (rj);Av. Lúcio Costa, 5750 - 03 - Barra da Tijuca, Rio de Janeiro - RJ, 22630-012, Brazil;-23.0097524;-43.3548127;Restrito;False;False;False;somente AC identificado;;point_of_interest;1;1;;;;;False;ausente;False;False;False;;;False;;2026-09-19T14:10:45.749000+00:00;;2026-09-22T22:29:54.987539+00:00;https://carregados.com.br/estacoes/estacao-recar-eletroposto-la-reserve-9591;True;False
carregados_rj_2026-09-22;5475;Lagoa Corporate;rio de janeiro;rio de janeiro (rj);Rua Humaitá, 275 - 7º andar - Lagoa, Rio de Janeiro - RJ, 22261-005, Brazil;-22.96048547048091;-43.20241379021302;Público;True;False;False;somente AC identificado;Zletric;park;2;2;;;1.99;;True;pago;True;True;False;R$ 1,99/kW;;False;;2026-09-19T12:11:06.935000+00:00;;2026-09-22T22:28:34.538637+00:00;https://carregados.com.br/estacoes/estacao-zletric---lagoa-corporate-5475;True;False
carregados_rj_2026-09-22;1116;Le Monde Offices;rio de janeiro;rio de janeiro (rj);Av. Das Américas, 3500 - Ed.Toronto - Block 04 - Group 109, 129 and 130 Le Monde Offices - Barra da Tijuca, Rio de Janeiro - RJ, 22640-102, Brazil;-22.9991318;-43.3484512;Público;True;True;False;somente AC identificado;Zletric;park;6;6;;;;;False;ausente;True;False;False;;;False;;2026-09-19T09:13:40.178000+00:00;;2026-09-22T22:28:36.953927+00:00;https://carregados.com.br/estacoes/estacao-zletric---le-monde-offices-1116;True;False
carregados_rj_2026-09-22;4229;Les Residences De Monaco;rio de janeiro;rio de janeiro (rj);Av. V Um Ac Sernambetiba, 4250 - Barra da Tijuca, Rio de Janeiro - RJ, 22620-172, Brazil;-23.007949;-43.341011;Restrito;False;False;False;somente AC identificado;;Residential;1;1;7.0;;;;False;ausente;True;False;False;;;False;;2026-09-19T23:39:25.214000+00:00;;2026-09-22T22:28:57.471534+00:00;https://carregados.com.br/estacoes/estacao-les-residences-de-monaco-4229;True;False
carregados_rj_2026-09-22;1035;Link Golf Olímpico;rio de janeiro;rio de janeiro (rj);Pista Pedro Pereira Pinto - Barra da Tijuca, Rio de Janeiro - RJ, 22793, Brazil;-23.005477;-43.407604;Público;True;False;False;DC presente;Link+;car_dealer;2;6;;;2.5;;True;pago;False;False;False;R$2,50 por kWh;;True;6:30 - 23:59;2026-09-21T00:15:36.760000+00:00;;2026-09-22T22:28:15.165664+00:00;https://carregados.com.br/estacoes/estacao-campo-olimpico-golfe-1035;True;False
carregados_rj_2026-09-22;8186;Link Teleporto;rio de janeiro;rio de janeiro (rj);R. Afonso Cavalcanti, 31 - Cidade Nova, Rio de Janeiro - RJ, 20071-002, Brazil;-22.91024393980197;-43.20421312932297;Público;True;False;False;DC presente;Link+;parking;2;2;;29.0;2.5;;True;pago;True;True;False;R$ 2,50;;False;07:00 às 19:00;2026-09-20T16:13:17.085000+00:00;;2026-09-22T22:27:47.946102+00:00;https://carregados.com.br/estacoes/estacao-estapar-estacionamento-teleporto-8186;True;False
carregados_rj_2026-09-22;1095;Loja Movida Aluguel De Carros;rio de janeiro;rio de janeiro (rj);Av. das Américas, 1240 - Barra da Tijuca, Rio de Janeiro - RJ, 22640-100, Brazil;-23.000899311641117;-43.328062780201435;Restrito;False;False;False;somente AC identificado;;car_rental;3;3;;;;;False;ausente;False;False;False;;;False;8h às 20h;2026-09-20T10:10:21.349000+00:00;;2026-09-22T22:29:55.705262+00:00;https://carregados.com.br/estacoes/estacao-loja-movida-aluguel-carros-1095;True;False
carregados_rj_2026-09-22;5213;Luiz Fernando Adv;rio de janeiro;rio de janeiro (rj);R. Rodolfo García, 530 - Campo Grande, Rio de Janeiro - RJ, 23070-430, Brazil;-22.890750807556635;-43.57844165364968;Restrito;False;False;False;somente AC identificado;;premise;1;1;;;;;False;ausente;False;False;False;;;False;;2026-09-19T11:35:37.594000+00:00;;2026-09-22T22:28:58.398416+00:00;https://carregados.com.br/estacoes/estacao-luiz-fernando-adv-(coming-soon)-5213;True;True
carregados_rj_2026-09-22;10666;ML Américas Barra – RJ Eletropostos;rio de janeiro;rio de janeiro (rj);Av. das Américas, 7360 - Barra da Tijuca, Rio de Janeiro - RJ, 22793-081, Brazil;-22.99955071355554;-43.40440836060219;Público;True;False;False;DC presente;EZVolt;Gas Station;2;4;150.0;89.78;2.5;0.0;True;pago;True;True;False;"R$2,50 kWh (05 - 22hrs)
R$2,15 kWh (noite/madrugada)
Desconto - motoristas app";Descontos para motoristas de aplicativo!;False;;2026-09-20T03:46:39.927000+00:00;;2026-09-22T22:27:32.541325+00:00;https://carregados.com.br/estacoes/estacao-posto-10666;True;False
carregados_rj_2026-09-22;818;Madureira Shopping;rio de janeiro;rio de janeiro (rj);Estr. do Portela, 222 - Madureira, Rio de Janeiro - RJ, 21351-050, Brazil;-22.8702422;-43.34108699999999;Público;True;True;False;somente AC identificado;;shopping_mall;2;4;;6.0;0.0;0.0;False;energia gratuita informada;False;False;False;Aproximadamente R$20,00 para 2h o estacionamento do Shopping ;;False;10h às 22h todos os dias;2026-09-20T21:52:09.930000+00:00;;2026-09-22T22:27:16.017694+00:00;https://carregados.com.br/estacoes/estacao-madureira-shopping-818;True;False
carregados_rj_2026-09-22;663897;Manchete;rio de janeiro;rio de janeiro (rj);R. do Russel, 804 - Glória, Rio de Janeiro - RJ, 22210-010, Brazil;-22.924464;-43.173578;Público;True;False;False;somente AC identificado;EZVolt;Parking Garage/Lot;2;2;7.0;2.0;;;False;ausente;True;False;False;"Abra los detalles del cargador para ver los precios actualizados

Please open charger details to view up to date pricing";;False;;2026-09-19T15:04:51.979000+00:00;;2026-09-22T22:28:58.901287+00:00;https://carregados.com.br/estacoes/estacao-manchete-663897;True;False
carregados_rj_2026-09-22;9893;Manutenção Central Ternium BR;rio de janeiro;rio de janeiro (rj);37X8+4F Santa Cruz, Rio de Janeiro - State of Rio de Janeiro, Brazil;-22.902242732384863;-43.73381991806211;Restrito;False;False;False;somente AC identificado;WEMOB;point_of_interest;1;2;;;;;False;ausente;False;False;False;;;False;;2026-09-19T14:24:09.553000+00:00;;2026-09-22T22:29:56.400619+00:00;https://carregados.com.br/estacoes/estacao-manutencao-central-ternium-br-9893;True;False
carregados_rj_2026-09-22;4047;Maui;rio de janeiro;rio de janeiro (rj);R. Luiz Carlos Sarolli, 1850 - Recreio dos Bandeirantes, Rio de Janeiro - RJ, 22790-880, Brazil;-23.022554761029006;-43.51202543824911;Restrito;False;False;False;somente AC identificado;;park;1;1;;;;;False;ausente;False;False;False;;;False;;2026-09-19T20:08:25.857000+00:00;;2026-09-22T22:28:23.505498+00:00;https://carregados.com.br/estacoes/estacao-maui-4047;True;False
carregados_rj_2026-09-22;8505;Mocellin;rio de janeiro;rio de janeiro (rj);Estrada do Galeão, 5285 - Galeão, Rio de Janeiro - RJ, 21941-353, Brazil;-22.81910709638592;-43.225182965397835;Público;True;False;False;somente AC identificado;;parking;2;2;;6.5;;;False;ausente;False;False;False;;;False;;2026-09-20T19:59:54.426000+00:00;;2026-09-22T22:27:57.377207+00:00;https://carregados.com.br/estacoes/estacao-mocellin-8505;True;False
carregados_rj_2026-09-22;1139520;Mocellin Steak;rio de janeiro;rio de janeiro (rj);Av. Armando Lombardi, 1010 - Barra da Tijuca, Rio de Janeiro - RJ, 22640-070, Brazil;-23.0059253;-43.3146162;Público;True;False;False;somente AC identificado;;point_of_interest;1;1;;3.0;;;False;ausente;False;False;False;;;False;;2026-09-19T15:27:26.850000+00:00;;2026-09-22T22:28:15.847468+00:00;https://carregados.com.br/estacoes/estacao-mocellin-steak-1139520;True;False
carregados_rj_2026-09-22;6495;Motel Caricias;rio de janeiro;rio de janeiro (rj);R. Carolina Machado, 790 - Osvaldo Cruz, Rio de Janeiro - RJ, 21550-000, Brazil;-22.87187762898641;-43.3448775485158;Público;True;False;False;somente AC identificado;On-Charge;lodging;1;1;;;;30.0;False;ausente;False;False;False;30 reais fixo;;False;24x7;2026-09-19T12:14:40.911000+00:00;;2026-09-22T22:28:23.493458+00:00;https://carregados.com.br/estacoes/estacao-motel-caricias-6495;True;False
carregados_rj_2026-09-22;4830;Movida - Enel;rio de janeiro;rio de janeiro (rj);Av. Alm. Silvio de Noronha, 100 - Centro, Rio de Janeiro - RJ, 20021-010, Brazil;-22.914411;-43.167725;Restrito;False;False;False;somente AC identificado;Enel X Way;car_rental;3;3;;;;;False;ausente;True;False;False;;;False;06h a 23h;2026-09-19T11:20:22.120000+00:00;;2026-09-22T22:28:23.472110+00:00;https://carregados.com.br/estacoes/estacao-movida---enel-4830;True;False
carregados_rj_2026-09-22;1121;My Charger;rio de janeiro;rio de janeiro (rj);R. Vicente Leporace, 150 - Recreio dos Bandeirantes, Rio de Janeiro - RJ, 22795-475, Brazil;-23.02090059816271;-43.46615755259862;Restrito;False;False;False;somente AC identificado;;residência;1;1;;;0.85;;True;pago;False;False;False;0,85 reais ;;False;;2026-09-21T00:16:59.614000+00:00;;2026-09-22T22:29:57.119099+00:00;https://carregados.com.br/estacoes/estacao-my-charger-1121;True;False
carregados_rj_2026-09-22;5360;Natura Recreio;rio de janeiro;rio de janeiro (rj);Av. José Luiz Ferraz, 610 - Recreio dos Bandeirantes, Rio de Janeiro - RJ, 22790-587, Brazil;-23.022657683535897;-43.4885236306885;Restrito;False;False;False;somente AC identificado;Ecopoint;point_of_interest;1;1;;;;;False;ausente;False;False;False;;;False;;2026-09-19T11:41:08.548000+00:00;;2026-09-22T22:29:57.123531+00:00;https://carregados.com.br/estacoes/estacao-ecopoint---natura-recreio-5360;True;False
carregados_rj_2026-09-22;984887;NetPark - Palácio Da Agricultura;rio de janeiro;rio de janeiro (rj);Av. das Américas, 7870 - Barra da Tijuca, Rio de Janeiro - RJ, 22793-081, Brazil;-23.000826;-43.377726;Público;True;False;False;somente AC identificado;EZVolt;Store;2;2;7.0;;;;False;ausente;True;False;False;"Abra os detalhes do carregador para ver os preços atualizados

Please open charger details to view up to date pricing";;False;;2026-09-19T15:20:46.610000+00:00;;2026-09-22T22:28:59.580535+00:00;https://carregados.com.br/estacoes/estacao-netpark-palacio-da-agricultura-984887;True;False
carregados_rj_2026-09-22;4217;Nevada Barra Prime;rio de janeiro;rio de janeiro (rj);Av. Lúcio Costa, 3650 - Barra da Tijuca, Rio de Janeiro - RJ, 22630-011, Brazil;-23.010238;-43.333699;Restrito;False;False;False;somente AC identificado;;Lodging;1;1;7.0;;;;False;ausente;True;False;False;;;False;;2026-09-19T11:00:54.837000+00:00;;2026-09-22T22:28:59.847830+00:00;https://carregados.com.br/estacoes/estacao-nevada-barra-prime-4217;True;False
carregados_rj_2026-09-22;1143;New York City Center;rio de janeiro;rio de janeiro (rj);AV.DAS AMÉRICAS, 4.666 - Barra da Tijuca, Rio de Janeiro - RJ, 22640-102, Brazil;-22.99871803621914;-43.36051046898778;Público;True;False;False;somente AC identificado;;park;6;6;;12.5;;;False;ausente;True;False;False;R$ 13,00 por hora + Estacionamento;Relato de 10/11/2025, trecho: “Agora estão cobrando. Além do estacionamento, são mais 13 reais por hora.”;False;Horário de funcionamento do shopping ;2026-09-20T10:14:32.502000+00:00;;2026-09-22T22:27:19.860206+00:00;https://carregados.com.br/estacoes/estacao-new-york-1143;True;False
carregados_rj_2026-09-22;4782;Nissan AB San Diego;rio de janeiro;rio de janeiro (rj);Av. das Américas, 7250 - Barra da Tijuca, Rio de Janeiro - RJ, 22793-081, Brazil;-22.999897;-43.385516;Público;True;False;False;somente AC identificado;Enel X;Dealership;1;1;7.0;;;;False;ausente;True;False;False;;;False;"Segunda a sexta 8:00 - 19:00
Sábado 9:00 - 18:00
Domingo - fechado";2026-09-19T11:18:36.603000+00:00;;2026-09-22T22:27:56.646287+00:00;https://carregados.com.br/estacoes/estacao-nissan-ab-san-diego-4782;True;False
carregados_rj_2026-09-22;4902;Nissan Campo Grande;rio de janeiro;rio de janeiro (rj);Estr. do Monteiro, 540 - Campo Grande, Rio de Janeiro - RJ, 23045-830, Brazil;-22.91958207124421;-43.56357700917826;Público;True;False;False;somente AC identificado;;Dealership;1;1;;;;;False;ausente;True;False;False;;;False;;2026-09-19T11:23:49.896000+00:00;;2026-09-22T22:28:37.719002+00:00;https://carregados.com.br/estacoes/estacao-nissan-campo-grande-4902;True;False
carregados_rj_2026-09-22;4802;Nissan São Conrado;rio de janeiro;rio de janeiro (rj);Rua Princesa Diana de Gales, 49 - São Conrado, Rio de Janeiro - RJ, 22611-022, Brazil;-22.999396;-43.269313;Público;True;False;False;somente AC identificado;;Park;1;1;;;;;False;ausente;True;False;False;;;False;;2026-09-19T11:19:55.459000+00:00;;2026-09-22T22:28:38.461099+00:00;https://carregados.com.br/estacoes/estacao-nissan-s%C3%A3o-conrado-4802;True;False
carregados_rj_2026-09-22;837;Norte Shopping;rio de janeiro;rio de janeiro (rj);R. Pedras Altas, 41 - Cachambi, Rio de Janeiro - RJ, 20771-060, Brazil;-22.885696;-43.281442;Público;True;False;False;somente AC identificado;;Shopping Center;6;6;;5.26;;;False;ausente;True;False;False;"Carregamento gratuito, contudo possui valor de estacionamento do shopping.

Preços:
Até 10 min: grátis 
Até 1h30: R$ 20,00
Acima de 1h30: fracionamento R$ 6,00 a cada hora ou fração de hora";;False;08:00 / 23:00;2026-09-19T13:36:04.887000+00:00;;2026-09-22T22:27:05.563498+00:00;https://carregados.com.br/estacoes/estacao-norte-shopping-837;True;False
carregados_rj_2026-09-22;4299;Nova Peças;rio de janeiro;rio de janeiro (rj);Estr. Cel. Pedro Corrêa, 74 - Jacarepaguá, Rio de Janeiro - RJ, 22775-090, Brazil;-22.9615379;-43.3908969;Público;True;False;False;somente AC identificado;Intelbras;store;2;2;;;;;False;ausente;True;False;False;;;False;"Durante o horário de expediente da loja.
De segunda a sexta, das 8h às 18h
Sábado de 8h às 14h
Consultar feriados na loja. 
Não funciona aos domingos";2026-09-19T11:03:49.515000+00:00;;2026-09-22T22:27:42.126101+00:00;https://carregados.com.br/estacoes/estacao-nova-pe%C3%A7as-4299;True;False
carregados_rj_2026-09-22;4063;Novo Cais;rio de janeiro;rio de janeiro (rj);Av. Cidade de Lima, 86 - Santo Cristo, Rio de Janeiro - RJ, 20220-710, Brazil;-22.898850992993378;-43.2039787620306;Restrito;False;False;False;somente AC identificado;Autocharge;store;4;4;;;;;False;ausente;False;False;False;;;False;;2026-09-19T10:55:22.703000+00:00;;2026-09-22T22:28:59.845147+00:00;https://carregados.com.br/estacoes/estacao-novo-cais-4063;True;False
carregados_rj_2026-09-22;8766;Não Existe;rio de janeiro;rio de janeiro (rj);R. José Higino, 277 - Tijuca, Rio de Janeiro - RJ, 20520-201, Brazil;-22.9289881;-43.23895170000001;Restrito;False;False;False;não classificado;;point_of_interest;1;1;;;;;False;ausente;False;False;False;;;False;;2026-09-20T03:55:43.663000+00:00;;2026-09-22T22:29:57.099822+00:00;https://carregados.com.br/estacoes/estacao-nao-existe-8766;True;False
carregados_rj_2026-09-22;164835;Oceanfront Resort - Building 11;rio de janeiro;rio de janeiro (rj);Av. Lúcio Costa, 2930 - Barra da Tijuca, Rio de Janeiro - RJ, 22620, Brazil;-23.009486;-43.322985;Restrito;False;False;False;somente AC identificado;;Residential;1;1;7.0;;;;False;ausente;True;False;False;"Abra os detalhes do carregador para ver os preços atualizados

Please open charger details to view up to date pricing";;False;;2026-09-19T14:50:27.876000+00:00;;2026-09-22T22:29:57.784672+00:00;https://carregados.com.br/estacoes/estacao-oceanfront-resort-building-11-164835;True;False
carregados_rj_2026-09-22;164836;Oceanfront Resort - Building 5;rio de janeiro;rio de janeiro (rj);R. Sem Denominacao, 2930 - Barra da Tijuca, Rio de Janeiro - RJ, 22620-210, Brazil;-23.010138;-43.323801;Restrito;False;False;False;somente AC identificado;;Residential;1;1;7.0;;;;False;ausente;True;False;False;"Abra os detalhes do carregador para ver os preços atualizados

Please open charger details to view up to date pricing";;False;;2026-09-19T14:50:21.916000+00:00;;2026-09-22T22:29:57.819509+00:00;https://carregados.com.br/estacoes/estacao-oceanfront-resort-building-5-164836;True;False
carregados_rj_2026-09-22;1034;Org Pub Sta Luzia Estapar;rio de janeiro;rio de janeiro (rj);Praça do Expedicionário, 1746 - Centro, Rio de Janeiro - RJ, 20020-010, Brazil;-22.907084;-43.173115;Público;True;False;False;somente AC identificado;;Parking Garage/Lot;1;1;3.7;;;;True;ausente;True;False;False;Free;;False;;2026-09-21T00:15:37.719000+00:00;;2026-09-22T22:27:56.642731+00:00;https://carregados.com.br/estacoes/estacao-org-pub-sta-luzia-estapar-1034;True;False
carregados_rj_2026-09-22;4177;Paissandu Atlético Clube;rio de janeiro;rio de janeiro (rj);R. Humberto de Campos, 302 - Leblon, Rio de Janeiro - RJ, 22430-190, Brazil;-22.981061532408003;-43.217673785984516;Restrito;False;False;False;somente AC identificado;Enel X;stadium;2;2;;7.0;;;False;ausente;False;False;False;;;False;;2026-09-19T11:00:41.300000+00:00;;2026-09-22T22:29:01.194295+00:00;https://carregados.com.br/estacoes/estacao-paissandu-atl%C3%A9tico-clube-4177;True;False
carregados_rj_2026-09-22;1029;Parada Fácil Estacionamentos;rio de janeiro;rio de janeiro (rj);R. Riachuelo, 135 - Santa Teresa, Rio de Janeiro - RJ, 20230-010, Brazil;-22.914687;-43.184936;Público;True;False;False;somente AC identificado;ATM EVS;park;1;1;;;;;False;ausente;False;False;False;;;False;;2026-09-21T00:15:34.871000+00:00;;2026-09-22T22:28:24.172670+00:00;https://carregados.com.br/estacoes/estacao-parada-f%C3%A1cil-estacionamentos-1029;True;False
carregados_rj_2026-09-22;4307;Park Jacarepaguá;rio de janeiro;rio de janeiro (rj);Estr. de Jacarepaguá, 6069 - Anil, Rio de Janeiro - RJ, 22753-033, Brazil;-22.955918391668416;-43.33798850504759;Público;True;False;False;somente AC identificado;;park;2;4;;6.0;;;False;ausente;True;False;False;13 reais por hora;;False;;2026-09-19T11:03:59.178000+00:00;;2026-09-22T22:27:58.083159+00:00;https://carregados.com.br/estacoes/estacao-park-jacarepagu%C3%A1-4307;True;False
carregados_rj_2026-09-22;4135;Park Shopping - Anil;rio de janeiro;rio de janeiro (rj);Estrada de Jacarepaguá, Rio de Janeiro - RJ, Brasil;-22.95595619135518;-43.33942904184841;Público;True;False;False;somente AC identificado;Shell Recharge;shopping_mall;2;4;;;;;False;ausente;False;False;False;;;False;;2026-09-19T20:42:37.402000+00:00;;2026-09-22T22:27:58.098034+00:00;https://carregados.com.br/estacoes/estacao-park-shopping---anil-4135;True;False
carregados_rj_2026-09-22;839;Park Shopping Campo Grande;rio de janeiro;rio de janeiro (rj);Estr. do Monteiro, 1200 - Campo Grande, Rio de Janeiro - RJ, 23045-830, Brazil;-22.927246;-43.575228;Público;True;False;False;somente AC identificado;;shopping_mall;8;8;;7.75;;;False;ausente;True;False;False;R$13,00/H pelo App Multi;"Relato de 26/01/2026, trecho: “13 Reais a hora para carregar a 9.7kw/h”
Relato de 25/01/2026, trecho: “Cobrado R$13,00 por hora de carregamento através do app multi, que também realiza o pagto do estacionamento e da re”
Relato de 22/01/2026, trecho: “ligado na tomada. Espero que todos os shopping façam isso porque brasileiro nao tem noção! Preço de 13 reais por hora de recarga, mais o preço do estacionamento. Só falta colocar um carregador rapido no shopp”";False;10h-22h;2026-09-20T03:00:51.300000+00:00;;2026-09-22T22:27:17.756720+00:00;https://carregados.com.br/estacoes/estacao-park-shopping-campo-grande-839;True;False
carregados_rj_2026-09-22;834;Parkshopping Jacarepaguá;rio de janeiro;rio de janeiro (rj);Soldado Mário Kozel Filho - Anil, Rio de Janeiro - RJ, 22755, Brazil;-22.956389;-43.339296;Público;True;False;False;somente AC identificado;;Shopping Center;6;6;;5.4;2.1666666667;;False;pago;True;True;False;13 reais por hora;"Relato de 11/03/2026, trecho: “Agora há cobrança de 13 reais/hora, fora o estacionamento. Por um lado, é bom para quem quer usar de fato e sempre encontrava as”
Relato de 26/01/2026, trecho: “O shopping agora cobra além do estacionamento,13 reais por hora ou fração para carregar lento. Não está valendo mais a pena. E muito lento, a 4.6k/h”
Relato de 24/01/2026, trecho: “O shopping passou a cobrar uma tarifa de R$13 a cada hora sem fração de tempo de uso. Se você ficar 1h e 1 min paga R$26!!!!”";False;"Segunda à sábado 10:00 às 22:00
Domingo 13:00 às 21:00";2026-09-22T11:45:28.952000+00:00;;2026-09-22T22:27:12.282775+00:00;https://carregados.com.br/estacoes/estacao-parkshopping-jacarepagu%C3%A1-834;True;False
carregados_rj_2026-09-22;9008;Parque Da Gavea;rio de janeiro;rio de janeiro (rj);Praça Santos Dumont, 138 - Gávea, Rio de Janeiro - RJ, 22470-060, Brazil;-22.9744771;-43.2273358;Restrito;False;False;False;somente AC identificado;;point_of_interest;1;1;;;;;False;ausente;False;False;False;;;False;;2026-09-19T13:54:44.725000+00:00;;2026-09-22T22:29:58.541145+00:00;https://carregados.com.br/estacoes/estacao-recar-eletroposto-parque-da-gavea-9008;True;False
carregados_rj_2026-09-22;840;Passeio Shopping;rio de janeiro;rio de janeiro (rj);R. Viúva Dantas, 100 - 1º Piso 150 A - Campo Grande, Rio de Janeiro - RJ, 23052-090, Brazil;-22.903474;-43.557525;Público;True;False;False;somente AC identificado;;Shopping Center;1;1;;;;;False;ausente;True;False;False;;;False;07:00 - 19:00;2026-09-19T09:04:33.043000+00:00;;2026-09-22T22:27:45.769224+00:00;https://carregados.com.br/estacoes/estacao-passeio-shopping-840;True;False
carregados_rj_2026-09-22;8510;Pavuna-Dutra BSO14 Ecoriominas;rio de janeiro;rio de janeiro (rj);Rod. Pres. Dutra, 396 - Pavuna, Rio de Janeiro - RJ, 21240-002, Brazil;-22.804081291814654;-43.34579720109053;Público;True;False;False;somente AC identificado;Enel X;point_of_interest;1;1;;6.0;;;False;ausente;True;False;False;;;False;;2026-09-19T13:34:02.457000+00:00;;2026-09-22T22:27:40.721485+00:00;https://carregados.com.br/estacoes/estacao-bso14-ecoriominas-km172-74kw-8510;True;False
carregados_rj_2026-09-22;10109;Península Life;rio de janeiro;rio de janeiro (rj);R. Bauhíneas da Península, numero 150 - Barra da Tijuca, Rio de Janeiro - RJ, 22776-090, Brazil;-22.9881947;-43.3577987;Restrito;False;False;False;somente AC identificado;;point_of_interest;1;1;;;;;False;ausente;False;False;False;;;False;;2026-09-19T14:31:17.329000+00:00;;2026-09-22T22:29:58.522467+00:00;https://carregados.com.br/estacoes/estacao-recar-eletroposto-peninsula-life-10109;True;False
carregados_rj_2026-09-22;1142;Península Way Residencial;rio de janeiro;rio de janeiro (rj);Av. João Cabral de Mello Neto, 610 - Barra da Tijuca, Rio de Janeiro - RJ, 22775-057, Brazil;-22.987131;-43.357574;Restrito;False;False;False;somente AC identificado;;Residential;2;2;7.0;;2.0;;False;pago;True;True;False;;;False;;2026-09-21T00:17:21.505000+00:00;;2026-09-22T22:29:01.954581+00:00;https://carregados.com.br/estacoes/estacao-pen%C3%ADnsula-way-residencial-1142;True;False
carregados_rj_2026-09-22;9583;Petrobras | Bracarense;rio de janeiro;rio de janeiro (rj);Av. Osvaldo Aranha, 11 - Praça da Bandeira, Rio de Janeiro - RJ, 20271-000, Brazil;-22.91087939985116;-43.21692544966936;Público;True;False;False;DC presente;EZVolt;Gas Station;1;2;60.0;49.6;2.75;;True;pago;True;True;False;CCS2 - R$ 2,75/kWh;;False;Segunda a Sexta: 9h às 18h;2026-09-19T13:34:21.246000+00:00;;2026-09-22T22:27:22.760051+00:00;https://carregados.com.br/estacoes/estacao-posto-petrobras-bracarense-9583;True;False
carregados_rj_2026-09-22;5365;Place Vert Residence;rio de janeiro;rio de janeiro (rj);R. Dezenove de Fevereiro, 45 - Botafogo, Rio de Janeiro - RJ, 22280-030, Brazil;-22.950951583952275;-43.187321848435;Restrito;False;False;False;somente AC identificado;Ecopoint;park;1;1;;;;;False;ausente;False;False;False;;;False;;2026-09-19T11:41:24.303000+00:00;;2026-09-22T22:29:58.538174+00:00;https://carregados.com.br/estacoes/estacao-ecopoint---place-vert-residence-5365;True;False
carregados_rj_2026-09-22;5821;Platinum Advanced Offices Bl.1 E 2;rio de janeiro;rio de janeiro (rj);Av. das Américas, 7899 - Barra da Tijuca, Rio de Janeiro - RJ, 22793-081, Brazil;-23.000988287971794;-43.3929784031452;Público;True;False;False;somente AC identificado;Ecopoint;office;1;1;;;;;False;ausente;False;False;False;;;False;;2026-09-19T11:54:55.807000+00:00;;2026-09-22T22:29:59.249013+00:00;https://carregados.com.br/estacoes/estacao-ecopoint---platinum-advanced-offices-bl1-e-2-5821;True;False
carregados_rj_2026-09-22;4197;Porsche Center Rio De Janeiro;rio de janeiro;rio de janeiro (rj);Av. das Américas, 10585 - Barra da Tijuca, Rio de Janeiro - RJ, 22793-082, Brazil;-23.001047;-43.41576;Restrito;False;False;False;somente AC identificado;;Dealership;2;2;22.0;;;;True;ausente;True;False;False;Free;;False;"Monday - Friday 09:00 - 18:00
Saturday 09:00 - 13:00";2026-09-19T11:00:45.070000+00:00;;2026-09-22T22:28:24.175891+00:00;https://carregados.com.br/estacoes/estacao-porsche-center-rio-de-janeiro-4197;True;False
carregados_rj_2026-09-22;1114;Porsche Hilton Barra;rio de janeiro;rio de janeiro (rj);Av. Embaixador Abelardo Bueno, 1430 - Barra da Tijuca, Rio de Janeiro - RJ, 22775-023, Brazil;-22.972151;-43.375043;Restrito;False;False;False;somente AC identificado;;Lodging;2;2;11.0;;;;False;ausente;True;False;False;;;False;;2026-09-21T00:16:54.347000+00:00;;2026-09-22T22:28:11.328541+00:00;https://carregados.com.br/estacoes/estacao-porsche-esta%C3%A7%C3%A3o-de-carregamento-hilton-barra-1114;True;False
carregados_rj_2026-09-22;10559;Porsche Pre-Owned;rio de janeiro;rio de janeiro (rj);R. Eng. Álvaro Niemeyer, 11 - São Conrado, Rio de Janeiro - RJ, 22610-180, Brazil;-22.99855828432185;-43.270355882770204;Público;True;False;False;somente AC identificado;;point_of_interest;1;2;;;;;False;ausente;False;False;False;;;False;;2026-09-19T14:43:37.886000+00:00;;2026-09-22T22:29:59.253931+00:00;https://carregados.com.br/estacoes/estacao-porsche-pre-owened-10559;True;False
carregados_rj_2026-09-22;1059;Porsche Rubaiyat Rio;rio de janeiro;rio de janeiro (rj);R. Jardim Botânico, 971 - Jardim Botânico, Rio de Janeiro - RJ, 22470-051, Brazil;-22.970491;-43.222411;Restrito;False;False;False;somente AC identificado;;park;2;2;;;;;False;ausente;True;False;False;;;False;;2026-09-21T00:15:54.274000+00:00;;2026-09-22T22:28:05.475701+00:00;https://carregados.com.br/estacoes/estacao-porsche-esta%C3%A7%C3%A3o-de-carregamento---rubaiyat-rio-1059;True;False
carregados_rj_2026-09-22;1062;Porsche Service Center Rio De Janeiro;rio de janeiro;rio de janeiro (rj);Estr. do Itanhangá, 1079 - Itanhangá, Rio de Janeiro - RJ, 22753-005, Brazil;-22.996777;-43.312896;Público;True;False;False;somente AC identificado;;Dealership;1;1;22.0;;;;True;ausente;True;False;False;Free;;False;"Monday - Friday 09:00 - 19:00 
Saturday 09:00 - 12:00";2026-09-20T04:10:10.554000+00:00;;2026-09-22T22:29:59.264974+00:00;https://carregados.com.br/estacoes/estacao-porsche-service-center-rio-de-janeiro-1062;True;False
carregados_rj_2026-09-22;1081;Portal Do Parque;rio de janeiro;rio de janeiro (rj);Rua Carlos Oswald, 230 - Barra da Tijuca, Rio de Janeiro - RJ, 22793-120, Brazil;-22.99933858604996;-43.377937148479454;Restrito;False;False;False;somente AC identificado;EZVolt;Parking Garage/Lot;1;1;7.0;;;;False;ausente;True;False;False;Este eletroposto é pago;;False;;2026-09-21T00:16:25.379000+00:00;;2026-09-22T22:29:59.955421+00:00;https://carregados.com.br/estacoes/estacao-easy-volt---eletroposto-condom%C3%ADnio-portal-do-parque-1081;True;False
carregados_rj_2026-09-22;1139532;Posto BR Minister;rio de janeiro;rio de janeiro (rj);Av. Cesário de Melo, 10371 - Paciência, Rio de Janeiro - RJ, 23585-125, Brazil;-22.9161185;-43.6293267;Público;True;False;False;DC presente;;point_of_interest;2;2;;28.2;;;False;ausente;True;False;False;;;False;;2026-09-19T21:32:42.080000+00:00;;2026-09-22T22:27:42.862596+00:00;https://carregados.com.br/estacoes/estacao-posto-br-minister-1139532;True;False
carregados_rj_2026-09-22;782977;Posto Carrefour Barra;rio de janeiro;rio de janeiro (rj);Av. das Américas, 5150 - Barra da Tijuca, Rio de Janeiro - RJ, 22631-004, Brazil;-22.99877701954953;-43.3625137659543;Público;True;False;False;DC presente;ChargeOn;point_of_interest;1;1;;28.8;2.07;;False;pago;True;True;True;R$ 1,99 /kWh;;False;;2026-09-19T07:34:25.265000+00:00;;2026-09-22T22:27:56.648627+00:00;https://carregados.com.br/estacoes/estacao-posto-carrefour-barra-782977;True;False
carregados_rj_2026-09-22;10790;Posto Docentro;rio de janeiro;rio de janeiro (rj);Av. Pres. Vargas, 567 - Cidade Nova, Rio de Janeiro - RJ, 20071-003, Brazil;-22.9046028;-43.1907176;Público;True;False;False;não classificado;;point_of_interest;1;1;;;2.99;;True;pago;False;False;False;2,99;;True;;2026-09-19T14:45:21.216000+00:00;;2026-09-22T22:29:59.946171+00:00;https://carregados.com.br/estacoes/estacao-posto-docentro-10790;True;False
carregados_rj_2026-09-22;804;Posto Iate;rio de janeiro;rio de janeiro (rj);Av. Reporter Nestor Moreira, 41 - Botafogo, Rio de Janeiro - RJ, 22290-210, Brazil;-22.9495291;-43.178027;Público;True;True;False;DC presente;Shell Recharge;Gas Station;1;2;;47.5;2.4;;False;pago;True;True;False;"Preço por horário
00:00 - 02:00 - R$2,25 kwh
02:00 - 06:00 - R$2,25 kwh
06:00 - 14:00 - R$2,25 kwh
14:00 - 17:00 - R$2,25 kwh
17:00 - 23:59 - R$2,25 kwh";;False;24 horas;2026-09-20T18:17:42.509000+00:00;;2026-09-22T22:27:04.749507+00:00;https://carregados.com.br/estacoes/estacao-shell-recharge-%7C-posto-iate---botafogo-rj-804;True;False
carregados_rj_2026-09-22;10125;Posto Ipiranga;rio de janeiro;rio de janeiro (rj);R. São João Batista, 73 - Botafogo, Rio de Janeiro - RJ, 22270-030, Brazil;-22.9554449;-43.1898839;Público;True;False;False;DC presente;Tupinambá;Gas Station;2;4;120.0;67.94;2.5;2.0;True;pago;True;True;False;"R$ 2,50/kWh (R$ 2,15 de 22:00 às 5:00)
Zero taxa de conexão/liberação
Taxa de ociosidade: R$ 2,00/minuto (tolerância 15 minutos)";;False;24 H;2026-09-19T22:53:39.429000+00:00;;2026-09-22T22:27:09.257929+00:00;https://carregados.com.br/estacoes/estacao-eletroposto-240-kw-link-jb-galina-posto-ipiranga-10125;True;False
carregados_rj_2026-09-22;8995;Posto Ipiranga;rio de janeiro;rio de janeiro (rj);Av. das Américas, 3005 - Bloco 4 sala 321 - Barra da Tijuca, Rio de Janeiro - RJ, 22640-102, Brazil;-23.000728688397434;-43.341261806897485;Público;True;False;False;DC presente;WEMOB;Gas Station;3;3;;49.83;2.8;;True;pago;True;True;False;2,80 + taxa;;False;;2026-09-20T15:40:53.964000+00:00;;2026-09-22T22:27:24.266252+00:00;https://carregados.com.br/estacoes/estacao-eletriczen-posto-ipiranga-120kw-8995;True;False
carregados_rj_2026-09-22;831;Posto Lagoa 40 Anos;rio de janeiro;rio de janeiro (rj);Av. Epitácio Pessoa, S/N - Lagoa, Rio de Janeiro - RJ, 22411-071, Brazil;-22.97276664004153;-43.2034750803622;Público;True;True;False;DC presente;EZVolt;Gas Station;5;6;60.0;37.6;2.5;;True;pago;True;True;False;Please open charger details to view up to date pricing;;False;;2026-09-20T10:06:49.683000+00:00;;2026-09-22T22:27:08.707953+00:00;https://carregados.com.br/estacoes/estacao-petrobras---posto-lagoa-831;True;False
carregados_rj_2026-09-22;9229;Posto Petrobras;rio de janeiro;rio de janeiro (rj);Av. Brasil, 253 - Ramos, Rio de Janeiro - RJ, 20940-070, Brazil;-22.8573169708252;-43.24812698364258;Público;True;False;False;DC presente;EZVolt;Gas Station;5;11;120.0;51.37;1.77;1.0;True;pago;True;True;False;"Abra os detalhes do carregador para ver os preços atualizados

Please open charger details to view up to date pricing";;False;;2026-09-19T14:00:56.131000+00:00;;2026-09-22T22:27:17.677320+00:00;https://carregados.com.br/estacoes/estacao-posto-petrobras-9229;True;False
carregados_rj_2026-09-22;2072470;Posto Petronas Galeão;rio de janeiro;rio de janeiro (rj);Av. Vinte de Janeiro, s/n - Galeão, Rio de Janeiro - RJ, 21941-570, Brazil;-22.81756535142198;-43.236661735244624;Público;True;False;False;DC presente;;;2;2;;52.26;2.5;;False;pago;True;True;False;R$ 2,50 KWh ;Relato de 27/04/2026, trecho: “Carregador dentro do posto Petronas e aplicativo usado é o Tupi. Preço 2,50 sem desconto para motorista de app e mesmo com apenas 1 carro carregando funcionou a 42kw”;False;24hrs;2026-09-20T15:02:45.913000+00:00;;2026-09-22T22:27:27.995604+00:00;https://carregados.com.br/estacoes/estacao-posto-petronas-galeao-2072470;True;False
carregados_rj_2026-09-22;164831;Posto Quebramar;rio de janeiro;rio de janeiro (rj);Av. Min. Ivan Lins, 516 - Barra da Tijuca, Rio de Janeiro - RJ, 22620-110, Brazil;-23.01131125;-43.30148167;Público;True;False;False;DC presente;EZVolt;Gas Station;1;1;30.0;27.4;2.75;;True;pago;True;True;False;CCS2 - R$ 2,75/kWh;;False;;2026-09-19T18:16:19.503000+00:00;;2026-09-22T22:27:57.376801+00:00;https://carregados.com.br/estacoes/estacao-petrobras-posto-quebramar-164831;True;False
carregados_rj_2026-09-22;8509;Posto Shell+GNV;rio de janeiro;rio de janeiro (rj);Av. das Américas, 17485 - Recreio dos Bandeirantes, Rio de Janeiro - RJ, 22790-703, Brazil;-23.018625943285297;-43.48118372261524;Público;True;True;False;DC presente;EZVolt;Gas Station;8;15;150.0;78.18;2.5;0.0;True;pago;True;True;False;2,50, desconto para motorista app;;False;24h;2026-09-21T00:38:54.505000+00:00;;2026-09-22T22:27:18.614848+00:00;https://carregados.com.br/estacoes/estacao-posto-shellgnv-8509;True;False
carregados_rj_2026-09-22;1243174;Posto Via;rio de janeiro;rio de janeiro (rj);Estrada Benvindo de Novaes, 2500 - Recreio, Rio de Janeiro - RJ, 22790-382, Brazil;-23.007788179268644;-43.45875006169081;Público;True;False;False;DC presente;On-Charge;point_of_interest;3;3;;66.33;2.29;;True;pago;False;False;False;2.29;;True;;2026-09-20T10:10:24.179000+00:00;;2026-09-22T22:27:58.893956+00:00;https://carregados.com.br/estacoes/estacao-posto-via-1243174;True;False
carregados_rj_2026-09-22;1430848;Posto Vila Flor;rio de janeiro;rio de janeiro (rj);Estrada do Galeão, 60 - Cacuia, Rio de Janeiro - RJ, 21931-242, Brazil;-22.81586926655495;-43.18717373498763;Público;True;False;False;DC presente;EZVolt;Gas Station;1;1;40.0;37.88;;;False;ausente;True;False;False;Please open charger details to view up to date pricing;;False;;2026-09-19T18:44:36.243000+00:00;;2026-09-22T22:27:44.317879+00:00;https://carregados.com.br/estacoes/estacao-posto-vila-flor-1430848;True;False
carregados_rj_2026-09-22;8999;Power2Go - Cond. Montreal;rio de janeiro;rio de janeiro (rj);Av. das Américas, 4200 - bloco 1, grupo 204, 205, 206, 207 e 208 - Barra da Tijuca, Rio de Janeiro - RJ, 22640-102, Brazil;-22.999466164056404;-43.35343570194421;Público;True;False;False;somente AC identificado;Power2Go;point_of_interest;1;1;;;2.5;;True;pago;True;True;False;2,50 KWh;;False;;2026-09-20T11:12:14.789000+00:00;;2026-09-22T22:30:01.486493+00:00;https://carregados.com.br/estacoes/estacao-power2go-cond-montreal-8999;True;False
carregados_rj_2026-09-22;10112;Power2Go - Condomínio La Playa Festmall;rio de janeiro;rio de janeiro (rj);Edifício Curaçao - Av. Ruy Frazão Soares, 121 - Barra da Tijuca, Rio de Janeiro - RJ, 22793-074, Brazil;-23.008452949501276;-43.3649890155121;Público;True;False;False;somente AC identificado;Power2Go;point_of_interest;1;1;;;;;False;ausente;True;False;False;1,60 KWh;;False;;2026-09-19T14:31:18.303000+00:00;;2026-09-22T22:28:06.549081+00:00;https://carregados.com.br/estacoes/estacao-power2go-cond-la-playa-festmall-10112;True;False
carregados_rj_2026-09-22;408992;Power2Go - Condomínio Villa Stella;rio de janeiro;rio de janeiro (rj);R. Aroazes, 360 - Barra Olímpica, Rio de Janeiro - RJ, 22775-060, Brazil;-22.97083805705394;-43.39207378912796;Público;True;False;False;somente AC identificado;Power2Go;Residential;1;1;;;;;False;ausente;True;False;False;2,47 KWh;;False;;2026-09-20T10:15:53.410000+00:00;;2026-09-22T22:30:01.488886+00:00;https://carregados.com.br/estacoes/estacao-power2go-condominio-villa-stella-408992;True;False
carregados_rj_2026-09-22;6514;Power2Go - Empreendimentos Turísticos;rio de janeiro;rio de janeiro (rj);R. Joaquim Palhares, 411 - Praça da Bandeira, Rio de Janeiro - RJ, 20260-085, Brazil;-22.912727059093694;-43.21050374822999;Público;True;False;False;somente AC identificado;Power2Go;tourist_attraction;1;1;;;;;True;ausente;True;False;False;Gratuito;;False;;2026-09-19T12:16:05.646000+00:00;;2026-09-22T22:28:16.603893+00:00;https://carregados.com.br/estacoes/estacao-power2go---empreendimentos-tur%C3%ADsticos-gallant-6514;True;False
carregados_rj_2026-09-22;4955;Power2Go - Luar Hotel;rio de janeiro;rio de janeiro (rj);R. Clara Nunes, 250 - Madureira, Rio de Janeiro - RJ, 21351-110, Brazil;-22.871833812313447;-43.3446716011444;Público;True;False;False;somente AC identificado;Power2Go;lodging;1;1;;;;;True;ausente;True;False;False;Gratuito;;False;00h - 00h;2026-09-19T11:25:47.030000+00:00;;2026-09-22T22:29:04.919781+00:00;https://carregados.com.br/estacoes/estacao-luar-hotel-4955;True;False
carregados_rj_2026-09-22;507030;Power2Go - NTS;rio de janeiro;rio de janeiro (rj);Praia do Flamengo, 200 - Flamengo, Rio de Janeiro - RJ, 22210-065, Brazil;-22.93234758880837;-43.17492214728226;Público;True;False;False;somente AC identificado;Power2Go;point_of_interest;1;1;;;;;False;ausente;True;False;False;1,60 KWh;;False;;2026-09-19T14:59:48.864000+00:00;;2026-09-22T22:30:01.497236+00:00;https://carregados.com.br/estacoes/estacao-power2go-nts-507030;True;False
carregados_rj_2026-09-22;1050;Promenade Palladium;rio de janeiro;rio de janeiro (rj);R. Gen. Artigas, 200 - Leblon, Rio de Janeiro - RJ, 22441-140, Brazil;-22.985536;-43.225499;Público;True;False;False;somente AC identificado;EZVolt;Lodging;1;1;7.0;;;;False;ausente;True;False;False;"R$ 1,47/kW
Rede EZVolt e Tupi";;False;;2026-09-19T09:10:10.772000+00:00;;2026-09-22T22:28:16.620221+00:00;https://carregados.com.br/estacoes/estacao-easy-volt---eletroposto-promenade-palladium-1050;True;False
carregados_rj_2026-09-22;9891;Prédio Adm - Ternium Br;rio de janeiro;rio de janeiro (rj);4728+29 Santa Cruz, Rio de Janeiro - State of Rio de Janeiro, Brazil;-22.899991025191458;-43.73408173842527;Restrito;False;False;False;DC presente;WEMOB;point_of_interest;1;3;;;;;False;ausente;False;False;False;;;False;;2026-09-20T10:40:05.736000+00:00;;2026-09-22T22:29:05.439861+00:00;https://carregados.com.br/estacoes/estacao-predio-adm-ternium-br-9891;True;False
carregados_rj_2026-09-22;9966;Prédio B49 - Aciaria;rio de janeiro;rio de janeiro (rj);37V6+MR - Santa Cruz, Rio de Janeiro - State of Rio de Janeiro, Brazil;-22.90575619513605;-43.73708701635745;Restrito;False;False;False;somente AC identificado;;parking;1;2;;;;;False;ausente;False;False;False;;;False;;2026-09-19T14:26:07.770000+00:00;;2026-09-22T22:30:02.225871+00:00;https://carregados.com.br/estacoes/estacao-predio-b49-aciaria-9966;True;False
carregados_rj_2026-09-22;1060;Prédio Comercial RB1;rio de janeiro;rio de janeiro (rj);Av. Rio Branco, 01 - Sala 2001 - Centro, Rio de Janeiro - RJ, 20090-003, Brazil;-22.897288;-43.180462;Público;True;True;False;somente AC identificado;;Shopping Center;1;1;;;;;False;ausente;True;False;False;$15,00;;False;;2026-09-20T02:26:10.692000+00:00;;2026-09-22T22:27:45.780577+00:00;https://carregados.com.br/estacoes/estacao-pr%C3%A9dio-comercial-rb1-1060;True;False
carregados_rj_2026-09-22;8187;Prédio Sede PD7;rio de janeiro;rio de janeiro (rj);R. Riachuelo, 132 - Centro, Rio de Janeiro - RJ, 20230-014, Brazil;-22.914591884015806;-43.185017331510906;Público;True;False;False;DC presente;Autocharge;Parking Garage/Lot;1;2;;;2.98;;True;pago;True;True;False;2,50;;False;;2026-09-19T13:19:55.879000+00:00;;2026-09-22T22:27:47.943907+00:00;https://carregados.com.br/estacoes/estacao-predio-sede-pd7-8187;True;False
carregados_rj_2026-09-22;858;Pão De Açúcar Dr Satamini;rio de janeiro;rio de janeiro (rj);R. Dr. Satamini, 164 - Tijuca, Rio de Janeiro - RJ, 20270-231, Brazil;-22.918737;-43.217507;Público;True;True;False;somente AC identificado;EZVolt;Store;1;1;22.0;;;;True;ausente;True;False;False;"Abra os detalhes do carregador para ver os preços atualizados

Please open charger details to view up to date pricing";;False;;2026-09-20T11:04:06.458000+00:00;;2026-09-22T22:27:35.571639+00:00;https://carregados.com.br/estacoes/estacao-p%C3%A3o-de-a%C3%A7%C3%BAcar-dr-satamini-858;True;False
carregados_rj_2026-09-22;9000;Quadra Das Lagoas Mandala;rio de janeiro;rio de janeiro (rj);Rua Ataulpho Coutinho, 210 - Barra da Tijuca, Rio de Janeiro - RJ, 22793-520, Brazil;-23.001306257498744;-43.376709707431075;Restrito;False;False;False;somente AC identificado;Ecopoint;point_of_interest;1;1;;;;;False;ausente;False;False;False;;;False;;2026-09-19T13:54:17.770000+00:00;;2026-09-22T22:30:02.223737+00:00;https://carregados.com.br/estacoes/estacao-ecopoint-quadra-das-lagoas-mandala-9000;True;False
carregados_rj_2026-09-22;9421;Quality Barra Hotel;rio de janeiro;rio de janeiro (rj);Av. Salvador Allende, 500 - Recreio dos Bandeirantes, Rio de Janeiro - RJ, 22783-127, Brazil;-22.96585150454249;-43.39686937365802;Público;True;False;False;somente AC identificado;;lodging;3;3;;;;;False;ausente;False;False;False;;;False;;2026-09-19T18:19:27.319000+00:00;;2026-09-22T22:27:58.888648+00:00;https://carregados.com.br/estacoes/estacao-quality-barra-hotel-9421;True;False
carregados_rj_2026-09-22;4120;Queen Anne;rio de janeiro;rio de janeiro (rj);Av. Ayrton Senna, 111 - Jacarepaguá, Rio de Janeiro - RJ, 22793-000, Brazil;-23.0094759;-43.3663493;Restrito;False;False;False;somente AC identificado;;gas_station;1;1;;;;;False;ausente;False;False;False;;;False;;2026-09-19T10:57:31.440000+00:00;;2026-09-22T22:30:03.004516+00:00;https://carregados.com.br/estacoes/estacao-recar---eletroposto-queen-anne-4120;True;False
carregados_rj_2026-09-22;4121;Queen Christina;rio de janeiro;rio de janeiro (rj);R. Des. João Claudino de Oliveira e Cruz, 50 - Barra da Tijuca, Rio de Janeiro - RJ, 22793-071, Brazil;-23.0087227;-43.36754699999999;Público;True;False;False;somente AC identificado;;gas_station;1;1;;;;;False;ausente;False;False;False;;;False;;2026-09-19T10:57:32.359000+00:00;;2026-09-22T22:28:40.003898+00:00;https://carregados.com.br/estacoes/estacao-recar--eletroposto-queen-christina-4121;True;False
carregados_rj_2026-09-22;1370749;RDV;rio de janeiro;rio de janeiro (rj);R. Ricardo Seabra, 220 - Gardênia Azul, Rio de Janeiro - RJ, 22765-520, Brazil;-22.954674136975427;-43.35120890289545;Restrito;False;False;False;somente AC identificado;;point_of_interest;1;1;;;;;False;ausente;False;False;False;;;False;;2026-09-19T15:35:17.097000+00:00;;2026-09-22T22:30:03.013494+00:00;https://carregados.com.br/estacoes/estacao-rdv-1370749;True;False
carregados_rj_2026-09-22;9007;RECAR Bougainville;rio de janeiro;rio de janeiro (rj);R. Gen. Urquiza, 43 - Leblon, Rio de Janeiro - RJ, 22431-040, Brazil;-22.986116416616387;-43.223881335605505;Restrito;False;False;False;somente AC identificado;;point_of_interest;1;1;;;;;False;ausente;False;False;False;;;False;;2026-09-19T13:54:37.806000+00:00;;2026-09-22T22:30:03.012294+00:00;https://carregados.com.br/estacoes/estacao-recar-bougainville-9007;True;False
carregados_rj_2026-09-22;9010;RECAR Edifício Argentina;rio de janeiro;rio de janeiro (rj);Praia de Botafogo, 228 - Botafogo, Rio de Janeiro - RJ, 22250-145, Brazil;-22.942357816479472;-43.18127897102941;Restrito;False;False;False;somente AC identificado;;point_of_interest;2;2;;;;;False;ausente;False;False;False;R$2,07 kw + R$1,00 desbloquear;;False;;2026-09-19T13:54:51.659000+00:00;;2026-09-22T22:30:03.768681+00:00;https://carregados.com.br/estacoes/estacao-recar-edificio-argentina-9010;True;False
carregados_rj_2026-09-22;8994;RECAR Guanabara Vila Isabel;rio de janeiro;rio de janeiro (rj);R. Maxwell, 516 - Vila Isabel, Rio de Janeiro - RJ, 20541-125, Brazil;-22.922322140168475;-43.249133620387035;Público;True;False;False;somente AC identificado;;Store;1;1;;15.5;1.75;1.0;True;pago;True;True;False;;;False;;2026-09-19T13:52:08.787000+00:00;;2026-09-22T22:28:06.990374+00:00;https://carregados.com.br/estacoes/estacao-supermercados-guanabara-vila-isabel-8994;True;False
carregados_rj_2026-09-22;9011;RECAR Gávea Garden;rio de janeiro;rio de janeiro (rj);Rua Vice-Governador Rúbens Berardo, 65 - Gávea, Rio de Janeiro - RJ, 22451-070, Brazil;-22.977572197311627;-43.229848239393135;Restrito;False;False;False;somente AC identificado;;point_of_interest;2;2;;;;;False;ausente;False;False;False;;;False;;2026-09-19T13:54:45.688000+00:00;;2026-09-22T22:30:03.774244+00:00;https://carregados.com.br/estacoes/estacao-recar-gavea-garden-9011;True;False
carregados_rj_2026-09-22;10763;Recar;rio de janeiro;rio de janeiro (rj);Av. Atlântica, 2692 - Copacabana, Rio de Janeiro - RJ, 22070-000, Brazil;-22.9731023;-43.18632969999999;Restrito;False;False;False;somente AC identificado;;point_of_interest;1;1;;;;;False;ausente;False;False;False;;;False;;2026-09-19T14:45:14.322000+00:00;;2026-09-22T22:30:03.765619+00:00;https://carregados.com.br/estacoes/estacao-recar-eletroposto-bait-10763;True;False
carregados_rj_2026-09-22;356467;Recar - Barra Central Park;rio de janeiro;rio de janeiro (rj);Av. Olof Palme, 555 - Recreio dos Bandeirantes, Rio de Janeiro - RJ, 22783-119, Brazil;-22.9799011;-43.41534;Restrito;False;False;False;somente AC identificado;;point_of_interest;1;1;;;;;False;ausente;False;False;False;;;False;;2026-09-20T10:16:06.945000+00:00;;2026-09-22T22:30:04.772418+00:00;https://carregados.com.br/estacoes/estacao-recar-eletroposto-barra-central-park-356467;True;False
carregados_rj_2026-09-22;4293;Recar - Condominio Champs Elysees;rio de janeiro;rio de janeiro (rj);Praça Min. Victor Nunes Leal, 8 - Barra da Tijuca, Rio de Janeiro - RJ, 22793-840, Brazil;-23.0088334;-43.3684381;Restrito;False;False;False;somente AC identificado;;park;1;1;;;;;False;ausente;False;False;False;;;False;;2026-09-19T11:03:43.569000+00:00;;2026-09-22T22:30:04.768060+00:00;https://carregados.com.br/estacoes/estacao-recar---condominio-champs-elysees-4293;True;False
carregados_rj_2026-09-22;4346;Recar - Jardim do Alto;rio de janeiro;rio de janeiro (rj);Av. José Luiz Ferraz, 355 Urca - Recreio dos Bandeirantes, Rio de Janeiro - RJ, 22790-587, Brazil;-23.0221418;-43.4866752;Restrito;False;False;False;somente AC identificado;;gas_station;1;1;;;;;False;ausente;False;False;False;;;False;;2026-09-19T11:05:34.397000+00:00;;2026-09-22T22:30:04.770055+00:00;https://carregados.com.br/estacoes/estacao-recar---eletroposto-jardim-do-alto-4346;True;False
carregados_rj_2026-09-22;625484;Recar - Le Quartier Vert;rio de janeiro;rio de janeiro (rj);R. Arnaldo Sussekind, 45 - Recreio dos Bandeirantes, Rio de Janeiro - RJ, 22790-304, Brazil;-23.0080057;-43.45178809999999;Restrito;False;False;False;somente AC identificado;;point_of_interest;1;1;;;;;False;ausente;False;False;False;;;False;;2026-09-19T15:03:03.922000+00:00;;2026-09-22T22:30:05.494777+00:00;https://carregados.com.br/estacoes/estacao-recar-eletroposto-le-quartier-vert-625484;True;False
carregados_rj_2026-09-22;8996;Recar - Pontal Beach Resort;rio de janeiro;rio de janeiro (rj);Estr. do Pontal, 7500 - apto 201 - Recreio dos Bandeirantes, Rio de Janeiro - RJ, 22790-877, Brazil;-23.0310493;-43.4731819;Restrito;False;False;False;somente AC identificado;;point_of_interest;1;1;;;1.99;;True;pago;False;False;False;1,99/kWh;;False;;2026-09-20T12:40:24.363000+00:00;;2026-09-22T22:30:05.497168+00:00;https://carregados.com.br/estacoes/estacao-recar-eletroposto-pontal-beach-resort-8996;True;False
carregados_rj_2026-09-22;1035609;Recar - Prince De Monaco;rio de janeiro;rio de janeiro (rj);Av. Raimundo Magalhães Júnior, 300 - Barra da Tijuca, Rio de Janeiro - RJ, 22793-050, Brazil;-23.0038814;-43.3718376;Restrito;False;False;False;somente AC identificado;;point_of_interest;1;1;;;;;False;ausente;False;False;False;;;False;;2026-09-19T15:24:17.930000+00:00;;2026-09-22T22:30:05.503221+00:00;https://carregados.com.br/estacoes/estacao-recar-eletroposto-prince-de-monaco-1035609;True;False
carregados_rj_2026-09-22;884;Recar AquaRio;rio de janeiro;rio de janeiro (rj);Túnel Pref. Marcello Alencar, 100 - Saúde, Rio de Janeiro - RJ, 20221, Brazil;-22.8931176;-43.191444;Público;True;False;False;somente AC identificado;;point_of_interest;1;1;;5.0;;;False;ausente;False;False;False;;;False;;2026-09-19T09:05:08.140000+00:00;;2026-09-22T22:27:59.599882+00:00;https://carregados.com.br/estacoes/estacao-recar---eletroposto-aquario-884;True;False
carregados_rj_2026-09-22;5031;Recar Barra Garden;rio de janeiro;rio de janeiro (rj);Av. das Américas, 3255 - Sala 320 - Barra da Tijuca, Rio de Janeiro - RJ, 22631-002, Brazil;-23.00090114989339;-43.34259658968812;Público;True;False;False;somente AC identificado;;park;2;2;;;1.99;1.07;True;pago;False;False;False;R$1,07 + R$1,99 por kWh ;;True;"HORÁRIO DE FUNCIONAMENTO:
SEGUNDA A DOMINGO:
ENTRADA: 7:00 ÀS 22:00
SAÍDA : ATÉ 24:00

(APÓS 24:00 NÃO SERÁ POSSÍVEL A SAÍDA DE NENHUM VEÍCULO)";2026-09-20T10:05:42.836000+00:00;;2026-09-22T22:28:16.612851+00:00;https://carregados.com.br/estacoes/estacao-recar--eletroposto-barra-garden-5031;True;False
carregados_rj_2026-09-22;9411;Recar Campo Dos Afonsos;rio de janeiro;rio de janeiro (rj);R. Xavier Curado, 304 - Mal. Hermes, Rio de Janeiro - RJ, 21610-330, Brazil;-22.874194358166495;-43.37336377120521;Restrito;False;False;False;somente AC identificado;;point_of_interest;1;1;;;;;False;ausente;False;False;False;;;False;;2026-09-19T14:05:21.423000+00:00;;2026-09-22T22:30:06.236621+00:00;https://carregados.com.br/estacoes/estacao-recar-campo-dos-afonsos-9411;True;False
carregados_rj_2026-09-22;4126;Recar Cond. Ópera Di Milano;rio de janeiro;rio de janeiro (rj);R. Arnaldo Quintela, 70 - Botafogo, Rio de Janeiro - RJ, 22280-070, Brazil;-22.9548478;-43.1834905;Restrito;False;False;False;somente AC identificado;;gas_station;1;1;;;;;False;ausente;False;False;False;;;False;;2026-09-19T10:58:41.294000+00:00;;2026-09-22T22:29:05.850525+00:00;https://carregados.com.br/estacoes/estacao-recar--eletroposto-cond-%C3%B3pera-di-milano-4126;True;False
carregados_rj_2026-09-22;625481;Recar Courtyard;rio de janeiro;rio de janeiro (rj);Av. Embaixador Abelardo Bueno, 5001 - Barra da Tijuca, Rio de Janeiro - RJ, 22775-039, Brazil;-22.9740028;-43.4004362;Público;True;False;False;somente AC identificado;;point_of_interest;1;1;;;;;False;ausente;False;False;False;;;False;;2026-09-20T03:13:29.202000+00:00;;2026-09-22T22:30:06.250070+00:00;https://carregados.com.br/estacoes/estacao-recar-eletroposto-courtyard-625481;True;False
carregados_rj_2026-09-22;10105;Recar Dolce Vita;rio de janeiro;rio de janeiro (rj);Praça Antônio Callado, 135 - Barra da Tijuca, Rio de Janeiro - RJ, 22793-084, Brazil;-23.0028095;-43.3935022;Restrito;False;False;False;somente AC identificado;;point_of_interest;1;1;;;;;False;ausente;False;False;False;;;False;;2026-09-19T14:30:00.548000+00:00;;2026-09-22T22:30:06.243605+00:00;https://carregados.com.br/estacoes/estacao-recar-eletroposto-dolce-vita-10105;True;False
carregados_rj_2026-09-22;1139523;Recar Evidence;rio de janeiro;rio de janeiro (rj);Estrada do Guerenguê, 370 - Taquara, Rio de Janeiro - RJ, 22713-004, Brazil;-22.9310879;-43.3767828;Restrito;False;False;False;somente AC identificado;;point_of_interest;1;1;;;;;False;ausente;False;False;False;;;False;;2026-09-19T15:27:32.809000+00:00;;2026-09-22T22:30:06.997543+00:00;https://carregados.com.br/estacoes/estacao-recar-evidence-1139523;True;False
carregados_rj_2026-09-22;8193;Recar Formidable Laranjeiras;rio de janeiro;rio de janeiro (rj);R. Pereira da Silva, 493 - Laranjeiras, Rio de Janeiro - RJ, 22221-140, Brazil;-22.9308607;-43.1887263;Restrito;False;False;False;somente AC identificado;;point_of_interest;1;1;;;;;False;ausente;False;False;False;;;False;;2026-09-19T13:20:04.646000+00:00;;2026-09-22T22:30:06.991869+00:00;https://carregados.com.br/estacoes/estacao-recar-eletroposto-formidable-laranjeiras-8193;True;False
carregados_rj_2026-09-22;9003;Recar Golf Village São Conrado;rio de janeiro;rio de janeiro (rj);Estr. do Joá, 184 - São Conrado, Rio de Janeiro - RJ, 22611-022, Brazil;-22.9984846;-43.2712264;Restrito;False;False;False;somente AC identificado;;point_of_interest;1;1;;;;;False;ausente;False;False;False;;;False;;2026-09-19T13:54:29.697000+00:00;;2026-09-22T22:30:06.999432+00:00;https://carregados.com.br/estacoes/estacao-recar-golf-village-sao-conrado-9003;True;False
carregados_rj_2026-09-22;9226;Recar Guanabara Campo Grande;rio de janeiro;rio de janeiro (rj);Estr. Rio do A, 1.415 - Campo Grande, Rio de Janeiro - RJ, 23080-300, Brazil;-22.89577315664828;-43.56334589555238;Público;True;False;False;somente AC identificado;;Store;2;2;;6.67;1.79;1.07;True;pago;False;False;False;R$ 1,79;;True;;2026-09-20T16:40:59.407000+00:00;;2026-09-22T22:28:07.239617+00:00;https://carregados.com.br/estacoes/estacao-recar-guanabara-campo-grande-9226;True;False
carregados_rj_2026-09-22;10170;Recar Guanabara Recreio;rio de janeiro;rio de janeiro (rj);Av. das Américas, 16704 - Recreio dos Bandeirantes, Rio de Janeiro - RJ, 22790-704, Brazil;-23.015225985138777;-43.47516397848381;Público;True;False;False;DC presente;;point_of_interest;3;4;;81.0;2.19;1.07;True;pago;False;False;True;R$ 2,10/kWh +R$ 1,07 ativação;;False;;2026-09-20T15:25:29.898000+00:00;;2026-09-22T22:27:33.979273+00:00;https://carregados.com.br/estacoes/estacao-recar-guanabara-recreio-10170;True;False
carregados_rj_2026-09-22;885111;Recar Hotel Nacional;rio de janeiro;rio de janeiro (rj);Av. Niemeyer, 769 - São Conrado, Rio de Janeiro - RJ, 22450-221, Brazil;-22.9980396;-43.2568208;Público;True;False;False;somente AC identificado;;point_of_interest;1;1;;;;;False;ausente;False;False;False;;;False;;2026-09-19T15:13:40.010000+00:00;;2026-09-22T22:28:27.539194+00:00;https://carregados.com.br/estacoes/estacao-recar-eletroposto-hotel-nacional-885111;True;False
carregados_rj_2026-09-22;356449;Recar Monsieur Le Blond;rio de janeiro;rio de janeiro (rj);Av. Bartolomeu Mitre, n° 455 - Sala 706 - Leblon, Rio de Janeiro - RJ, 22431-001, Brazil;-22.982842;-43.2237989;Restrito;False;False;False;somente AC identificado;;point_of_interest;1;1;;;;;False;ausente;False;False;False;;;False;;2026-09-19T14:55:46.713000+00:00;;2026-09-22T22:30:07.684009+00:00;https://carregados.com.br/estacoes/estacao-recar-eletroposto-monsieur-le-blond-356449;True;False
carregados_rj_2026-09-22;1023;Recar PUC-Rio;rio de janeiro;rio de janeiro (rj);PUC- Rio - R. Marquês de São Vicente, 225 - Gávea, Rio de Janeiro - RJ, 22451-045, Brazil;-22.9794637;-43.2334366;Público;True;False;False;somente AC identificado;Autocharge;park;2;2;;;1.69;1.07;True;pago;False;False;False;R$1,07 por desbloqueio + R$1,69/kWh;;True;06h às 22h, segunda a sábado ;2026-09-21T00:15:29.601000+00:00;;2026-09-22T22:28:17.400795+00:00;https://carregados.com.br/estacoes/estacao-recar--eletroposto-puc-rio-1023;True;False
carregados_rj_2026-09-22;9224;Recar Pancetti;rio de janeiro;rio de janeiro (rj);Av. Vieira Souto, 416 - Ipanema, Rio de Janeiro - RJ, 22420-006, Brazil;-22.9860491;-43.20629719999999;Restrito;False;False;False;somente AC identificado;;point_of_interest;1;1;;;;;False;ausente;False;False;False;;;False;;2026-09-19T20:26:30.732000+00:00;;2026-09-22T22:29:06.092316+00:00;https://carregados.com.br/estacoes/estacao-recar-eletroposto-pancetti-9224;True;False
carregados_rj_2026-09-22;1100;Recar Paradiso;rio de janeiro;rio de janeiro (rj);Av. Pref. Dulcídio Cardoso, 444 - Barra da Tijuca, Rio de Janeiro - RJ, 22620-311, Brazil;-23.0072534;-43.3205562;Restrito;False;False;False;somente AC identificado;;park;1;1;;;;;False;ausente;False;False;False;;;False;;2026-09-19T18:37:37.399000+00:00;;2026-09-22T22:30:07.696597+00:00;https://carregados.com.br/estacoes/estacao-recar--eletroposto-paradiso-1100;True;False
carregados_rj_2026-09-22;625485;Recar Paradiso All Suites;rio de janeiro;rio de janeiro (rj);Av. das Américas, 487 - Barra da Tijuca, Rio de Janeiro - RJ, 22631-000, Brazil;-23.0059162;-43.3197673;Restrito;False;False;False;somente AC identificado;;point_of_interest;1;1;;;;;False;ausente;False;False;False;;;False;;2026-09-20T03:14:06.281000+00:00;;2026-09-22T22:30:07.700507+00:00;https://carregados.com.br/estacoes/estacao-recar-eletroposto-paradiso-all-suites-625485;True;False
carregados_rj_2026-09-22;10052;Recar Park Premium;rio de janeiro;rio de janeiro (rj);Rua Silvia Pozzano, 2820 - Recreio dos Bandeirantes, Rio de Janeiro - RJ, 22790-671, Brazil;-23.0051813;-43.48369479999999;Restrito;False;False;False;somente AC identificado;;point_of_interest;1;1;;;;;False;ausente;False;False;False;;;False;;2026-09-19T14:28:15.753000+00:00;;2026-09-22T22:30:08.429642+00:00;https://carregados.com.br/estacoes/estacao-recar-eletroposto-park-premium-10052;True;False
carregados_rj_2026-09-22;10054;Recar Personal;rio de janeiro;rio de janeiro (rj);Av. Tim Maia, 7095 - Recreio dos Bandeirantes, Rio de Janeiro - RJ, 22790-669, Brazil;-23.0027242;-43.4814838;Restrito;False;False;False;somente AC identificado;;point_of_interest;1;1;;;;;False;ausente;False;False;False;;;False;;2026-09-19T14:28:22.669000+00:00;;2026-09-22T22:30:08.406565+00:00;https://carregados.com.br/estacoes/estacao-recar-eletroposto-rg-personal-10054;True;False
carregados_rj_2026-09-22;9002;Recar Portal Da Barra;rio de janeiro;rio de janeiro (rj);Av. Pref. Dulcídio Cardoso, 298 - Barra da Tijuca, Rio de Janeiro - RJ, 22640-085, Brazil;-23.00658563834093;-43.31848411211007;Restrito;False;False;False;somente AC identificado;;point_of_interest;1;1;;;;;False;ausente;False;False;False;;;False;;2026-09-19T13:54:28.743000+00:00;;2026-09-22T22:30:08.432987+00:00;https://carregados.com.br/estacoes/estacao-recar-eletroposto-portal-da-barra-9002;True;False
carregados_rj_2026-09-22;9586;Recar Quadra das Enseadas;rio de janeiro;rio de janeiro (rj);Rua Ataulpho Coutinho, 80 - Barra da Tijuca, Rio de Janeiro - RJ, 22793-520, Brazil;-23.002562;-43.3774442;Restrito;False;False;False;somente AC identificado;;point_of_interest;1;1;;6.0;;;False;ausente;False;False;False;;;False;;2026-09-19T04:11:37.543000+00:00;;2026-09-22T22:28:40.767803+00:00;https://carregados.com.br/estacoes/estacao-recar-eletroposto-quadra-das-enseadas-9586;True;False
carregados_rj_2026-09-22;1021;Recar Riocentro;rio de janeiro;rio de janeiro (rj);Av. Salvador Allende, 6.555 - Barra da Tijuca, Rio de Janeiro - RJ, 22783-127;-22.97407266737695;-43.407745959771724;Público;True;False;False;somente AC identificado;;park;2;2;;7.0;1.75;1.07;True;pago;False;False;False;R$1,07 + R$1,75 por kWh;;True;;2026-09-19T16:54:16.512000+00:00;;2026-09-22T22:27:54.012576+00:00;https://carregados.com.br/estacoes/estacao-recar--eletroposto-riocentro-1021;True;False
carregados_rj_2026-09-22;4119;Recar Saint Michel;rio de janeiro;rio de janeiro (rj);R. Escritor Rodrigo Melo Franco, 160 - Barra da Tijuca, Rio de Janeiro - RJ, 22783-124, Brazil;-22.9837309;-43.4128785;Restrito;False;False;False;somente AC identificado;;park;4;4;;;1.78;;False;pago;False;False;False;;;False;;2026-09-19T10:57:29.509000+00:00;;2026-09-22T22:29:06.357409+00:00;https://carregados.com.br/estacoes/estacao-recar---eletroposto-condom%C3%ADnio-saint-michel-4119;True;False
carregados_rj_2026-09-22;6413;Recar Sheraton Rio;rio de janeiro;rio de janeiro (rj);Av. Niemeyer, 121 - Leblon, Rio de Janeiro - RJ, 22450-220, Brazil;-22.9922486;-43.2332715;Público;True;False;False;somente AC identificado;;gas_station;2;2;;7.67;;;False;ausente;False;False;False;;;False;;2026-09-20T10:09:48.821000+00:00;;2026-09-22T22:28:12.052936+00:00;https://carregados.com.br/estacoes/estacao-recar--eletroposto-sheraton-6413;True;False
carregados_rj_2026-09-22;1054;Recar Shopping Da Gávea;rio de janeiro;rio de janeiro (rj);R. Marquês de São Vicente, 52 - Loja 231 - Gávea, Rio de Janeiro - RJ, 22451-041, Brazil;-22.9752405;-43.2284282;Público;True;False;False;somente AC identificado;;shopping da Gávea;3;3;;;;;False;ausente;False;False;False;;;False;;2026-09-19T09:10:19.495000+00:00;;2026-09-22T22:28:03.273160+00:00;https://carregados.com.br/estacoes/estacao-recar--eletroposto-shopping-da-g%C3%A1vea-1054;True;False
carregados_rj_2026-09-22;884856;Recar Shopping Downtown;rio de janeiro;rio de janeiro (rj);Bloco 18 - Downtown Shopping - Av. das Américas, 500 - Sala 101 - Barra da Tijuca, Rio de Janeiro - RJ, 22640-100, Brazil;-23.001957569744196;-43.3170472830534;Público;True;False;False;DC presente;;point_of_interest;5;5;;36.63;1.8;2.3;True;pago;False;False;False;"2.30
1,80";;True;;2026-09-20T02:06:34.484000+00:00;;2026-09-22T22:27:36.325380+00:00;https://carregados.com.br/estacoes/estacao-recar-shopping-downtown-884856;True;False
carregados_rj_2026-09-22;1035614;Recar Sunset;rio de janeiro;rio de janeiro (rj);R. Jorn. Henrique Cordeiro, 270 - Barra da Tijuca, Rio de Janeiro - RJ, 22631-450, Brazil;-23.0055932;-43.3229293;Restrito;False;False;False;somente AC identificado;;point_of_interest;1;1;;;;;False;ausente;False;False;False;;;False;;2026-09-20T10:23:01.088000+00:00;;2026-09-22T22:30:09.137294+00:00;https://carregados.com.br/estacoes/estacao-recar-eletroposto-sunset-1035614;True;False
carregados_rj_2026-09-22;1041;Recar Supermercado Guanabara;rio de janeiro;rio de janeiro (rj);R. Almirante Cochrane, 146 - Tijuca, Rio de Janeiro - RJ, 20550-040, Brazil;-22.92057169062112;-43.22808795859974;Público;True;False;False;DC presente;;supermarket;2;2;;38.22;1.79;1.0;True;pago;False;False;True;"CCS2 (40 kW): R$ 1,07 + R$ 2,10 / kWh

Tarifa de ociosidade: R$ 1,00 /";;False;;2026-09-19T18:37:07.443000+00:00;;2026-09-22T22:27:18.539395+00:00;https://carregados.com.br/estacoes/estacao-recar---eletroposto-supermercado-guanabara-1041;True;False
carregados_rj_2026-09-22;9423;Recar Supermercado Guanabara Engenho Da Rainha;rio de janeiro;rio de janeiro (rj);R. Theophilo Dias, 131 - Engenho da Rainha, Rio de Janeiro - RJ, 20761-190, Brazil;-22.86985506320623;-43.29671887953887;Público;True;False;False;somente AC identificado;;point_of_interest;1;1;;6.0;1.75;1.07;True;pago;False;False;False;TIPO 2 (7,4 kW): R$1,07 + R$1,75 / kWh;;True;07:00 às 22:00 ;2026-09-19T14:06:38.227000+00:00;;2026-09-22T22:29:06.588726+00:00;https://carregados.com.br/estacoes/estacao-recar-eletroposto-supermercado-guanabara-engenho-da-rainha-9423;True;False
carregados_rj_2026-09-22;625479;Recar Versailles Residencial;rio de janeiro;rio de janeiro (rj);R. Cmte. Rubens Silva, 979 - Freguesia (Jacarepaguá), Rio de Janeiro - RJ, 22750-008, Brazil;-22.9439317;-43.3350865;Restrito;False;False;False;somente AC identificado;;point_of_interest;1;1;;;;;False;ausente;False;False;False;;;False;;2026-09-19T15:03:02.794000+00:00;;2026-09-22T22:30:09.148415+00:00;https://carregados.com.br/estacoes/estacao-recar-eletroposto-versailles-residencial-625479;True;False
carregados_rj_2026-09-22;298993;Recar Via Premiere;rio de janeiro;rio de janeiro (rj);Estr. dos Bandeirantes, 8923 - Camorim, Rio de Janeiro - RJ, 22783-115, Brazil;-22.980796078882705;-43.42207856476307;Restrito;False;False;False;somente AC identificado;;point_of_interest;1;1;;;;;False;ausente;False;False;False;;;False;;2026-09-20T10:22:23.482000+00:00;;2026-09-22T22:30:09.847032+00:00;https://carregados.com.br/estacoes/estacao-recar-eletroposto-via-premiere-298993;True;False
carregados_rj_2026-09-22;4312;Recar Villa Del Sol;rio de janeiro;rio de janeiro (rj);Estr. do Pontal, 7100 - 423 - Recreio dos Bandeirantes, Rio de Janeiro - RJ, 22790-877, Brazil;-23.0304661;-43.4760283;Restrito;False;False;False;somente AC identificado;;car_dealer;1;1;;;;;False;ausente;False;False;False;;;False;;2026-09-19T11:04:06.948000+00:00;;2026-09-22T22:29:06.764465+00:00;https://carregados.com.br/estacoes/estacao-recar---eletroposto-villa-del-sol-4312;True;False
carregados_rj_2026-09-22;9219;Recar Viure;rio de janeiro;rio de janeiro (rj);R. Escritor Rodrigo Melo Franco, 400 - Camorim, Rio de Janeiro - RJ, 22783-116, Brazil;-22.98497052510678;-43.41476910311987;Restrito;False;False;False;somente AC identificado;;point_of_interest;1;1;;;;;False;ausente;False;False;False;;;False;;2026-09-19T14:00:13.069000+00:00;;2026-09-22T22:30:09.837669+00:00;https://carregados.com.br/estacoes/estacao-recar-eletroposto-viure-9219;True;False
carregados_rj_2026-09-22;846;Recreio Shopping;rio de janeiro;rio de janeiro (rj);Recreio shopping, sala 305 - Recreio dos Bandeirantes, Rio de Janeiro - RJ, 22790-701, Brazil;-23.021442435609003;-43.489058747523934;Público;True;False;False;somente AC identificado;;shopping_mall;1;1;;15.0;1.99;;True;pago;True;True;False;Free;;False;10am-10pm;2026-09-19T09:48:19.313000+00:00;;2026-09-22T22:27:25.041406+00:00;https://carregados.com.br/estacoes/estacao-recreio-shopping-846;True;False
carregados_rj_2026-09-22;1146;Rede Ecovagas - Zletric - Estapar Edifício Torre Almirante;rio de janeiro;rio de janeiro (rj);331 20030 001 - Av. Graça Aranha, 327 - Centro, Rio de Janeiro - RJ, 20030-001, Brazil;-22.906955;-43.17524;Público;True;False;False;somente AC identificado;;park;2;2;;;2.15;;True;pago;True;True;False;"R$ 2,15 kwh
Oferece descontos para marcas parceiras ";;False;"2ª à 6ª feira - das 6 hs às 22 hs
Sábado - das 6:30 hs às 14 hs
Domingos e feriados - FECHADO";2026-09-20T11:36:21.465000+00:00;;2026-09-22T22:27:51.785298+00:00;https://carregados.com.br/estacoes/estacao-zletric---estapar-torre-almirante-1146;True;False
carregados_rj_2026-09-22;2076136;Rede ML Primeiro Do Brasil;rio de janeiro;rio de janeiro (rj);Praça Mal. Hermes, 80 - Santo Cristo, Rio de Janeiro - RJ, 20220-430, Brazil;-22.899829047059626;-43.206943268762416;Público;True;False;False;DC presente;EZVolt;Gas Station;2;4;150.0;150.0;;0.0;False;ausente;True;False;False;"R$2,50 kWh (05 - 22hrs)
R$2,15 kWh (noite/madrugada)
Desconto - Motoristas app";;False;;2026-09-20T02:40:00.627000+00:00;;2026-09-22T22:28:27.837187+00:00;https://carregados.com.br/estacoes/estacao-rede-ml-primeiro-do-brasil-rj-2076136;True;False
carregados_rj_2026-09-22;2073271;Rede ML Recreio - RJ Eletropostos;rio de janeiro;rio de janeiro (rj);Avenida das Américas 19017, Recreio dos Bandeirantes, Rio de Janeiro - Rio de Janeiro, 22790, Brasil;-23.0201177564372;-43.48717686296993;Público;True;False;False;DC presente;RJ Eletropostos;;1;2;;120.0;2.5;0.0;True;pago;False;False;False;;Descontos para motoristas de aplicativo.;True;24hrs;2026-09-20T00:25:10.898000+00:00;;2026-09-22T22:29:07.241520+00:00;https://carregados.com.br/estacoes/estacao-rede-ml-recreio-rj-eletropostos-2073271;True;False
carregados_rj_2026-09-22;2073270;Rede ML Rocal - RJ Eletropostos;rio de janeiro;rio de janeiro (rj);Rua General Polidoro 224, Botafogo, Rio de Janeiro - Rio de Janeiro, 22280-003, Brasil;-22.956699;-43.187743;Público;True;False;False;DC presente;RJ Eletropostos;;1;2;;120.0;2.5;;True;pago;False;False;False;;Desconto para motoristas de aplicativo.;True;24hrs;2026-09-20T00:18:24.874000+00:00;;2026-09-22T22:28:40.775487+00:00;https://carregados.com.br/estacoes/estacao-rede-ml-rocal-rjeletropostos-2073270;True;False
carregados_rj_2026-09-22;298985;RedeML Ayrton Senna;rio de janeiro;rio de janeiro (rj);Av. Ayrton Senna, 4701 - Barra Olímpica, Rio de Janeiro - RJ, 22775-004, Brazil;-22.97119468577238;-43.36048770110836;Público;True;False;False;DC presente;EZVolt;Gas Station;1;2;120.0;60.13;2.5;0.0;True;pago;True;True;False;"R$2,50 kWh (05 - 22hrs)
R$2,15 kWh (noite/madrugada)
Desconto - motoristas app";Há descontos para motoristas de aplicativo!;False;24hrs;2026-09-20T11:47:27.152000+00:00;;2026-09-22T22:27:30.243113+00:00;https://carregados.com.br/estacoes/estacao-redeml-ayrton-senna-298985;True;False
carregados_rj_2026-09-22;940910;Renan;rio de janeiro;rio de janeiro (rj);Residencial Montanha da prata - Estr. do Lameirão Pequeno, 783B - Campo Grande, Rio de Janeiro - RJ, 23017-325, Brazil;-22.907696105329027;-43.51321710346165;Público;True;False;False;não classificado;;point_of_interest;1;1;;;;;False;ausente;False;False;False;;;False;;2026-09-19T15:15:29.716000+00:00;;2026-09-22T22:30:09.839988+00:00;https://carregados.com.br/estacoes/estacao-renan-940910;True;False
carregados_rj_2026-09-22;1048;Renault Azzurra;rio de janeiro;rio de janeiro (rj);Av. Ayrton Senna, 3383 - Barra da Tijuca, Rio de Janeiro - RJ, 22775-002, Brazil;-22.981925;-43.365946;Restrito;False;False;False;somente AC identificado;;park;1;1;;;;;False;ausente;True;False;False;;;False;;2026-09-21T00:15:45.372000+00:00;;2026-09-22T22:30:10.548718+00:00;https://carregados.com.br/estacoes/estacao-renault-azzurra-1048;True;False
carregados_rj_2026-09-22;514362;Renault Azzurra;rio de janeiro;rio de janeiro (rj);Av. Ayrton Senna, 3243 - Barra da Tijuca, Rio de Janeiro - RJ, 22775-002, Brazil;-22.98287381607932;-43.36651033500259;Restrito;False;False;False;DC presente;;point_of_interest;1;1;;;;;False;ausente;True;False;False;;;False;;2026-09-19T15:01:17.874000+00:00;;2026-09-22T22:30:10.550914+00:00;https://carregados.com.br/estacoes/estacao-renault-azzurra-514362;True;False
carregados_rj_2026-09-22;1038;Renault Leauto Botafogo;rio de janeiro;rio de janeiro (rj);R. Gen. Polidoro, 316 - Botafogo, Rio de Janeiro - RJ, 22280-003, Brazil;-22.957657022814075;-43.190733678638935;Público;True;False;False;somente AC identificado;WEMOB;car_dealer;1;1;;;;;False;ausente;False;False;False;;;False;Das 08h00 às 18h00;2026-09-21T00:15:38.659000+00:00;;2026-09-22T22:28:42.986376+00:00;https://carregados.com.br/estacoes/estacao-renault-leauto-botafogo-1038;True;False
carregados_rj_2026-09-22;625483;Res. Bretanha;rio de janeiro;rio de janeiro (rj);Rua Alfredo Ceschiatti, 155 - Jacarepaguá, Rio de Janeiro - RJ, 22775-045, Brazil;-22.97084052533323;-43.38426061798715;Restrito;False;False;False;somente AC identificado;Ecopoint;point_of_interest;1;1;;;;;False;ausente;False;False;False;;;False;;2026-09-19T15:03:04.878000+00:00;;2026-09-22T22:30:10.564130+00:00;https://carregados.com.br/estacoes/estacao-ecopoint-res-bretanha-625483;True;False
carregados_rj_2026-09-22;8765;Residencial Bourgogne Residences Gourmet;rio de janeiro;rio de janeiro (rj);Estr. do Guanumbi, 272 - Freguesia (Jacarepaguá), Rio de Janeiro - RJ, 22745-200, Brazil;-22.934309621984298;-43.328677598147586;Restrito;False;False;False;somente AC identificado;Ecopoint;point_of_interest;1;1;;;;;False;ausente;False;False;False;;;False;;2026-09-19T13:43:04.555000+00:00;;2026-09-22T22:30:11.272572+00:00;https://carregados.com.br/estacoes/estacao-ecopoint-residencial-bourgogne-residences-gourmet-8765;True;False
carregados_rj_2026-09-22;9218;Residencial Sardenha;rio de janeiro;rio de janeiro (rj);Rua Alfredo Ceschiatti, 55 - Jacarepaguá, Rio de Janeiro - RJ, 22775-045, Brazil;-22.97236957892554;-43.38376840417339;Restrito;False;False;False;somente AC identificado;Ecopoint;point_of_interest;1;1;;;;;False;ausente;False;False;False;;;False;;2026-09-19T14:00:11.179000+00:00;;2026-09-22T22:30:12.009184+00:00;https://carregados.com.br/estacoes/estacao-ecopoint-residencial-sardenha-9218;True;False
carregados_rj_2026-09-22;10107;Residencial Verona;rio de janeiro;rio de janeiro (rj);Rua Alfredo Ceschiatti, 55 - Jacarepaguá, Rio de Janeiro - RJ, 22775-045, Brazil;-22.97247681431654;-43.38451382427443;Restrito;False;False;False;somente AC identificado;Ecopoint;point_of_interest;1;1;;;;;False;ausente;False;False;False;;;False;;2026-09-19T14:31:09.497000+00:00;;2026-09-22T22:30:12.904078+00:00;https://carregados.com.br/estacoes/estacao-ecopoint-residencial-verona-10107;True;False
carregados_rj_2026-09-22;1070;Residência;rio de janeiro;rio de janeiro (rj);R. Ivan Mota Dias, 165 - Recreio dos Bandeirantes, Rio de Janeiro - RJ, 22790-863, Brazil;-23.030046056824258;-43.4941441565752;Restrito;False;False;False;somente AC identificado;;lodging;1;1;;;;;False;ausente;False;False;False;;;False;;2026-09-21T00:16:07.122000+00:00;;2026-09-22T22:30:12.901646+00:00;https://carregados.com.br/estacoes/estacao-resid%C3%AAncia-1070;True;False
carregados_rj_2026-09-22;5180;Residência;rio de janeiro;rio de janeiro (rj);Estr. Roberto Burle Marx, 7878 - Barra de Guaratiba, Rio de Janeiro - RJ, 23020-265, Brazil;-23.0558245582869;-43.55869218707085;Restrito;False;False;False;somente AC identificado;;lodging;1;1;;;5.0;;True;pago;False;False;False;R$ 5,00 KW/h;;False;;2026-09-19T11:34:05.151000+00:00;;2026-09-22T22:30:13.517749+00:00;https://carregados.com.br/estacoes/estacao-resid%C3%AAncia-5180;True;False
carregados_rj_2026-09-22;356478;Residência Privada;rio de janeiro;rio de janeiro (rj);Rua Luiz da Câmara Cascudo, 258 - Recreio dos Bandeirantes, Rio de Janeiro - RJ, 22795-205, Brazil;-23.02677554247098;-43.48950688041915;Restrito;False;False;False;somente AC identificado;;point_of_interest;1;1;;;2.5;;True;pago;False;False;False;R$2,50 KW/h;;False;;2026-09-19T14:56:00.798000+00:00;;2026-09-22T22:30:13.625553+00:00;https://carregados.com.br/estacoes/estacao-residencia-privada-356478;True;False
carregados_rj_2026-09-22;4361;Riale Imperial Hotel;rio de janeiro;rio de janeiro (rj);R. do Catete, 190 - Glória, Rio de Janeiro - RJ, 22220-000, Brazil;-22.92703385275313;-43.177181060619624;Restrito;False;False;False;somente AC identificado;Ecopoint;lodging;1;1;;;2.0;;True;pago;False;False;False;R$ 2,00 por KWH;;False;;2026-09-19T20:08:41.551000+00:00;;2026-09-22T22:28:43.063743+00:00;https://carregados.com.br/estacoes/estacao-riale-imperial-hotel-4361;True;False
carregados_rj_2026-09-22;5822;Rio Corporate;rio de janeiro;rio de janeiro (rj);Rua Victor Civita, 66 - Jacarepaguá, Rio de Janeiro - RJ, 22775-044, Brazil;-22.974880860446035;-43.367217851304886;Restrito;False;False;False;somente AC identificado;Ecopoint;park;1;1;;;;;False;ausente;False;False;False;;;False;;2026-09-19T11:54:56.760000+00:00;;2026-09-22T22:30:14.164023+00:00;https://carregados.com.br/estacoes/estacao-ecopoint---rio-corporate-5822;True;False
carregados_rj_2026-09-22;1128;Rio Office Park;rio de janeiro;rio de janeiro (rj);Corredor BRT Transcarioca, 2003 - Barra Olímpica, Rio de Janeiro - RJ, 22775-022, Brazil;-22.975109;-43.365343;Público;True;False;False;somente AC identificado;;Parking Garage/Lot;1;1;3.7;;1.99;2.5;True;pago;True;True;False;Desbloqueio 2,50 Por kw 2,30 Ociosidade 0,25 por minuto;;False;;2026-09-19T09:13:50.025000+00:00;;2026-09-22T22:27:59.601572+00:00;https://carregados.com.br/estacoes/estacao-rio-office-park-1128;True;False
carregados_rj_2026-09-22;4225;Riodesign Barra;rio de janeiro;rio de janeiro (rj);Av. das Américas, 7777 - Barra da Tijuca, Rio de Janeiro - RJ, 22793-081, Brazil;-23.001429572220026;-43.385983906745906;Público;True;False;False;somente AC identificado;;Dealership;2;2;22.0;13.08;0.0;0.0;False;energia gratuita informada;True;False;False;;;False;;2026-09-20T10:10:06.050000+00:00;;2026-09-22T22:27:13.148190+00:00;https://carregados.com.br/estacoes/estacao-riodesign-barra-4225;True;False
carregados_rj_2026-09-22;4395;Riostay Residence;rio de janeiro;rio de janeiro (rj);R. Pedro Calmon, 98 - Camorim, Rio de Janeiro - RJ, 22783-145, Brazil;-22.975365121085474;-43.41450220562722;Público;True;False;False;somente AC identificado;;lodging;1;1;;;2.0;;True;pago;False;False;False;Permitido para moradores, hospedes e convidados, custo R$ 2,00/kw, não paga estacionamento duvidas ligar  21992426944;;True;Horario das 8:00 as 22:00;2026-09-19T11:07:26+00:00;;2026-09-22T22:28:17.425593+00:00;https://carregados.com.br/estacoes/estacao-riostay-residence-4395;True;False
carregados_rj_2026-09-22;782983;Rosa do Sol;rio de janeiro;rio de janeiro (rj);Av. Pref. Dulcídio Cardoso, 2920 - Barra da Tijuca, Rio de Janeiro - RJ, 22631-052, Brazil;-23.0046692;-43.35029979999999;Restrito;False;False;False;somente AC identificado;;point_of_interest;1;1;;;;;False;ausente;False;False;False;;;False;;2026-09-19T15:08:47.648000+00:00;;2026-09-22T22:30:14.256050+00:00;https://carregados.com.br/estacoes/estacao-recar-eletroposto-condominio-rosa-do-sol-782983;True;False
carregados_rj_2026-09-22;663883;Royal 4x4 Concept;rio de janeiro;rio de janeiro (rj);Estr. Ver. Alceu de Carvalho, 1461 - C 1 - Vargem Grande, Rio de Janeiro - RJ, 22785-620, Brazil;-22.999831;-43.492637;Público;True;True;False;somente AC identificado;EZVolt;Workplace;1;1;7.0;;;;False;ausente;True;False;False;"Abra os detalhes do carregador para ver os preços atualizados

Please open charger details to view up to date pricing";;False;;2026-09-19T15:04:49.362000+00:00;;2026-09-22T22:30:14.349429+00:00;https://carregados.com.br/estacoes/estacao-royal-4x4-concept-663883;True;False
carregados_rj_2026-09-22;9416;SDE Intelbras Recreio;rio de janeiro;rio de janeiro (rj);R. Min. Aliomar Baleeiro, 390 - Recreio dos Bandeirantes, Rio de Janeiro - RJ, 22790-550, Brazil;-23.0193949;-43.4826882;Público;True;False;False;somente AC identificado;Intelbras;point_of_interest;1;1;;;;;True;ausente;False;False;False;R$2,00;;False;08:00 - 18:00;2026-09-19T14:05:28.282000+00:00;;2026-09-22T22:28:43.687140+00:00;https://carregados.com.br/estacoes/estacao-sde-intelbras-recreio-9416;True;False
carregados_rj_2026-09-22;4145;SJS Serviços;rio de janeiro;rio de janeiro (rj);R. Dr. Nunes, 967 - Olaria, Rio de Janeiro - RJ, 21021-370, Brazil;-22.839379233734274;-43.26046373695135;Restrito;False;False;False;somente AC identificado;;park;2;2;;;;;False;ausente;False;False;False;;;False;Seg - sex: 8 às 17 h;2026-09-19T20:44:05.663000+00:00;;2026-09-22T22:29:07.763426+00:00;https://carregados.com.br/estacoes/estacao-sjs-servi%C3%A7os-4145;True;False
carregados_rj_2026-09-22;782971;Saint Barth;rio de janeiro;rio de janeiro (rj);Av. Flamboyants da Península, 155 - Barra da Tijuca, Rio de Janeiro - RJ, 22776-070, Brazil;-22.988896806476923;-43.35248328745365;Público;True;False;False;DC presente;;point_of_interest;1;1;;;;;False;ausente;False;False;False;;;False;;2026-09-19T15:08:40.841000+00:00;;2026-09-22T22:29:07.871940+00:00;https://carregados.com.br/estacoes/estacao-saint-barth-782971;True;False
carregados_rj_2026-09-22;1139524;Secret Garden;rio de janeiro;rio de janeiro (rj);R. Mapendi, 660 /411 - Taquara, Rio de Janeiro - RJ, 22710-255, Brazil;-22.9281345;-43.37719970000001;Restrito;False;False;False;somente AC identificado;;point_of_interest;1;1;;18.0;;;False;ausente;False;False;False;;;False;;2026-09-19T15:27:34.027000+00:00;;2026-09-22T22:29:08.126079+00:00;https://carregados.com.br/estacoes/estacao-secret-garden-1139524;True;False
carregados_rj_2026-09-22;10446;Senna;rio de janeiro;rio de janeiro (rj);Av. Ayrton Senna, s/n - Barra da Tijuca, Rio de Janeiro - RJ, 22793-000, Brazil;-23.002995384652753;-43.365889126473505;Público;True;False;False;DC presente;EZVolt;Gas Station;3;5;120.0;60.57;2.5;;False;pago;True;True;False;"Abra os detalhes do carregador para ver os preços atualizados

Please open charger details to view up to date pricing";;False;;2026-09-19T14:41:37.805000+00:00;;2026-09-22T22:27:28.744974+00:00;https://carregados.com.br/estacoes/estacao-eletroposto-senna-120kw-10446;True;False
carregados_rj_2026-09-22;9214;Shopping Barra World;rio de janeiro;rio de janeiro (rj);Av. Alfredo Balthazar da Silveira, 580 - Barra da Tijuca, Rio de Janeiro - RJ, 22790-710, Brazil;-23.0101622;-43.4422849;Restrito;False;False;False;somente AC identificado;;point_of_interest;1;1;;;;;False;ausente;False;False;False;;;False;;2026-09-19T14:00:04.196000+00:00;;2026-09-22T22:30:15.475431+00:00;https://carregados.com.br/estacoes/estacao-shopping-barra-world-9214;True;False
carregados_rj_2026-09-22;4211;Shopping Bossa Nova Mall;rio de janeiro;rio de janeiro (rj);Av. Alm. Silvio de Noronha, 365 - Centro, Rio de Janeiro - RJ, 20021-010, Brazil;-22.9144908;-43.1668616;Público;True;True;False;somente AC identificado;Zletric;Shopping Center;1;1;;;;;False;ausente;True;False;False;Paga apenas taxa de estacionamento ;;False;;2026-09-19T20:33:54.953000+00:00;;2026-09-22T22:27:20.656390+00:00;https://carregados.com.br/estacoes/estacao-shopping-bossa-nova-mall-4211;True;False
carregados_rj_2026-09-22;5870;Shopping Boulevard;rio de janeiro;rio de janeiro (rj);R. Barão de São Francisco, 236 - Vila Isabel, Rio de Janeiro - RJ, 20560-904, Brazil;-22.919346;-43.2499966;Público;True;False;False;somente AC identificado;Neoenergia;Shopping Center;2;2;;7.67;0.0;0.0;True;energia gratuita informada;True;False;False;;;False;;2026-09-19T18:09:05.911000+00:00;;2026-09-22T22:27:27.259391+00:00;https://carregados.com.br/estacoes/estacao-shopping-boulevard-5870;True;False
carregados_rj_2026-09-22;984886;Shopping Car;rio de janeiro;rio de janeiro (rj);Av. das Américas, 4485 - loja 105 - Barra da Tijuca, Rio de Janeiro - RJ, 22631-004, Brazil;-23.000677;-43.359593;Público;True;False;False;somente AC identificado;EZVolt;Shopping Center;2;2;7.0;;;;False;ausente;True;False;False;"Abra os detalhes do carregador para ver os preços atualizados

Please open charger details to view up to date pricing";;False;;2026-09-19T15:20:45.576000+00:00;;2026-09-22T22:30:15.674640+00:00;https://carregados.com.br/estacoes/estacao-shopping-car-984886;True;False
carregados_rj_2026-09-22;1122;Shopping Leblon;rio de janeiro;rio de janeiro (rj);Av. Afrânio de Melo Franco, 290 - Leblon, Rio de Janeiro - RJ, 22430-060, Brazil;-22.982102680116665;-43.216705431880335;Público;True;False;False;DC presente;Outro;Shopping Center;1;1;;18.14;2.09;1.0;True;pago;True;True;False;;;False;SEG-DOM: 10:00 AS 22:00;2026-09-19T23:40:54.615000+00:00;;2026-09-22T22:27:09.264416+00:00;https://carregados.com.br/estacoes/estacao-shopping-leblon-1122;True;False
carregados_rj_2026-09-22;1113;Shopping Metropolitano Barra;rio de janeiro;rio de janeiro (rj);Av. Embaixador Abelardo Bueno, 1300 - Jacarepaguá, Rio de Janeiro - RJ, 22775-023, Brazil;-22.971014;-43.372269;Público;True;True;False;somente AC identificado;;Shopping Center;2;2;22.0;4.6;;;True;ausente;True;False;False;Gratuito;;False;10:00 - 22:00;2026-09-19T21:25:27.887000+00:00;;2026-09-22T22:27:07.798116+00:00;https://carregados.com.br/estacoes/estacao-shopping-metropolitano-barra-1113;True;False
carregados_rj_2026-09-22;878;Shopping Nova América;rio de janeiro;rio de janeiro (rj);Av. Pastor Martin Luther King Jr., 126 - Del Castilho, Rio de Janeiro - RJ, 20765-971, Brazil;-22.878266;-43.271594;Público;True;False;False;somente AC identificado;Enel X;Shopping Center;6;6;;5.54;0.0;0.0;False;energia gratuita informada;True;False;False;;;False;;2026-09-20T20:50:39.916000+00:00;;2026-09-22T22:27:06.390871+00:00;https://carregados.com.br/estacoes/estacao-shopping-nova-am%C3%A9rica-878;True;False
carregados_rj_2026-09-22;4162;Shopping RioSul;rio de janeiro;rio de janeiro (rj);Av. Lauro Sodré, 201, 4o piso - Botafogo, Rio de Janeiro - RJ, 22290-070, Brazil;-22.9569798;-43.1768217;Público;True;False;False;somente AC identificado;EZVolt;Shopping Center;9;9;7.0;5.88;;;False;ausente;True;False;False;"Abra os detalhes do carregador para ver os preços atualizados

Please open charger details to view up to date pricing";;False;;2026-09-19T06:22:16.690000+00:00;;2026-09-22T22:27:09.997008+00:00;https://carregados.com.br/estacoes/estacao-shopping-rio-sul-4162;True;False
carregados_rj_2026-09-22;8506;Shopping Via Brasil;rio de janeiro;rio de janeiro (rj);R. Itapera, 500 - Irajá, Rio de Janeiro - RJ, 21230-500, Brazil;-22.8231775;-43.31965719999999;Público;True;True;False;somente AC identificado;;parking;2;2;;3.0;;;False;ausente;True;False;False;;;False;;2026-09-19T18:15:52.592000+00:00;;2026-09-22T22:27:30.229848+00:00;https://carregados.com.br/estacoes/estacao-shopping-via-brasil-g1-8506;True;False
carregados_rj_2026-09-22;1102;Soul Península;rio de janeiro;rio de janeiro (rj);R. das Bromélias, 400 - Barra da Tijuca, Rio de Janeiro - RJ, 22776-040, Brazil;-22.989874;-43.349036;Público;True;False;False;somente AC identificado;EZVolt;Residential;1;1;22.0;;;;False;ausente;True;False;False;;;False;;2026-09-21T00:16:41.895000+00:00;;2026-09-22T22:30:16.137501+00:00;https://carregados.com.br/estacoes/estacao-soul-pen%C3%ADnsula-1102;True;False
carregados_rj_2026-09-22;4111;Star Motors;rio de janeiro;rio de janeiro (rj);Av. Salvador Allende, 6700 - Recreio dos Bandeirantes, Rio de Janeiro - RJ, 22793-082, Brazil;-23.004724617772187;-43.43618832528591;Público;True;False;False;somente AC identificado;WEMOB;car_dealer;1;1;;;;;True;ausente;False;False;False;Gratuito;;False;Comercial ;2026-09-19T10:57:24.741000+00:00;;2026-09-22T22:28:44.208004+00:00;https://carregados.com.br/estacoes/estacao-star-motors-4111;True;False
carregados_rj_2026-09-22;9588;Sunprime;rio de janeiro;rio de janeiro (rj);Av. Malibu, 45 - Barra da Tijuca, Rio de Janeiro - RJ, 22793-295, Brazil;-23.002700351951688;-43.389109232892224;Restrito;False;False;False;somente AC identificado;Ecopoint;point_of_interest;1;1;;;;;False;ausente;False;False;False;;;False;;2026-09-19T14:10:42.898000+00:00;;2026-09-22T22:30:16.359514+00:00;https://carregados.com.br/estacoes/estacao-ecopoint-sunprime-9588;True;False
carregados_rj_2026-09-22;10117;Sunview;rio de janeiro;rio de janeiro (rj);Av. Malibu, 95 - Barra da Tijuca, Rio de Janeiro - RJ, 22793-295, Brazil;-23.002833674484926;-43.389570572842786;Restrito;False;False;False;somente AC identificado;Ecopoint;point_of_interest;1;1;;;;;False;ausente;False;False;False;;;False;;2026-09-19T14:31:31.105000+00:00;;2026-09-22T22:30:16.357555+00:00;https://carregados.com.br/estacoes/estacao-ecopoint-sunview-10117;True;False
carregados_rj_2026-09-22;1101;Super Mercado Zona Sul;rio de janeiro;rio de janeiro (rj);Av. das Américas, 7870 - Barra da Tijuca, Rio de Janeiro - RJ, 22793-081, Brazil;-22.999586;-43.399134;Público;True;False;False;somente AC identificado;EZVolt;Store;2;2;7.0;4.0;0.0;0.0;False;energia gratuita informada;True;False;False;"Abra os detalhes do carregador para ver os preços atualizados

Please open charger details to view up to date pricing";;False;Das 7 às 22h;2026-09-20T11:03:50.167000+00:00;;2026-09-22T22:27:25.027536+00:00;https://carregados.com.br/estacoes/estacao-super-mercado-zona-sul-1101;True;False
carregados_rj_2026-09-22;1098;Supermarket Blue;rio de janeiro;rio de janeiro (rj);R. César Lattes, 1060 - Barra da Tijuca, Rio de Janeiro - RJ, 22793-329, Brazil;-23.00405492698885;-43.42941574752331;Público;True;False;False;DC presente;EZVolt;Shopping Center;5;5;30.0;11.0;2.47;1.0;True;pago;True;True;False;"Abra os detalhes do carregador para ver os preços atualizados

Please open charger details to view up to date pricing";;False;"Segunda a sábado: 06:30h às 23:00h
Domingo: 06:30h às 22:00h
";2026-09-19T08:16:59.225000+00:00;;2026-09-22T22:27:09.330299+00:00;https://carregados.com.br/estacoes/estacao-supermarket-blue-1098;True;False
carregados_rj_2026-09-22;2075218;Supermercado Guanabara;rio de janeiro;rio de janeiro (rj);Avenida das Américas 3501, Barra Da Tijuca, Rio de Janeiro - Rio de Janeiro, 22631, Brasil;-23.001230589176373;-43.33812182285817;Público;True;False;False;DC presente;;;1;3;;;1.89;0.0;True;pago;False;False;False;;;True;;2026-09-04T23:42:03.618000+00:00;;2026-09-22T22:30:16.763946+00:00;https://carregados.com.br/estacoes/estacao-supermercado-guanabara-2075218;True;False
carregados_rj_2026-09-22;2072018;Supermercado Taquara;rio de janeiro;rio de janeiro (rj);z - Estr. do Outeiro Santo, 1330 - Taquara, Rio de Janeiro - RJ, 22713-169, Brazil;-22.928394;-43.393802;Público;True;False;False;DC presente;EZVolt;Store;1;1;30.0;47.33;;;False;ausente;True;False;False;"Abra os detalhes do carregador para ver os preços atualizados

Please open charger details to view up to date pricing";;False;;2026-09-19T14:31:08.564000+00:00;;2026-09-22T22:28:07.680210+00:00;https://carregados.com.br/estacoes/estacao-supermercado-taquara-2072018;True;False
carregados_rj_2026-09-22;1022;São Conrado Fashion Mall;rio de janeiro;rio de janeiro (rj);Estr. da Gávea, 899 - São Conrado, Rio de Janeiro - RJ, 22610-001, Brazil;-22.996569;-43.259653;Público;True;False;False;somente AC identificado;Zletric;shopping_mall;3;3;;1.0;;;False;ausente;True;False;False;;;False;10h - 22h;2026-09-20T02:08:04.102000+00:00;;2026-09-22T22:27:54.514978+00:00;https://carregados.com.br/estacoes/estacao-s%C3%A3o-conrado-fashion-mall-1022;True;False
carregados_rj_2026-09-22;9228;São Cristóvão Posto De Serviços;rio de janeiro;rio de janeiro (rj);Campo de São Cristóvão, 362 - São Cristóvão, Rio de Janeiro - RJ, 20921-440, Brazil;-22.89876296954884;-43.22305731475353;Público;True;False;False;DC presente;EZVolt;Gas Station;1;1;30.0;26.75;2.75;0.0;True;pago;True;True;False;CCS2 - R$ 2,75/kWh;;False;;2026-09-20T14:00:10.937000+00:00;;2026-09-22T22:27:39.239427+00:00;https://carregados.com.br/estacoes/estacao-posto-br-9228;True;False
carregados_rj_2026-09-22;409079;Taquara;rio de janeiro;rio de janeiro (rj);R. e, 249 - Taquara, Rio de Janeiro - RJ, 22723-019, Brazil;-22.915585;-43.40696310000001;Público;True;False;False;não classificado;BR Super Carga;point_of_interest;2;2;;;;;False;ausente;False;False;False;;;False;;2026-09-19T23:03:46.958000+00:00;;2026-09-22T22:30:17.701024+00:00;https://carregados.com.br/estacoes/estacao-taquara-409079;True;False
carregados_rj_2026-09-22;2072117;Tenda Atacado;rio de janeiro;rio de janeiro (rj);Avenida Passos 9, Centro, Rio de Janeiro - Rio de Janeiro, 20051-040, Brasil;-22.90642;-43.18223;Público;True;False;False;somente AC identificado;Power2Go;;1;2;;;;;False;ausente;False;False;False;;;False;;2026-08-16T13:59:53.923000+00:00;;2026-09-22T22:30:17.708067+00:00;https://carregados.com.br/estacoes/estacao-eletroposto-tenda-atacado-2072117;True;False
carregados_rj_2026-09-22;4143;Thiago;rio de janeiro;rio de janeiro (rj);R. Projet A Irajuba 936, 15 - Campo Grande, Rio de Janeiro - RJ, 23040-652, Brazil;-22.923712394512435;-43.54614179581404;Público;True;False;False;somente AC identificado;;car_repair;1;1;;;;;False;ausente;False;False;False;;;False;;2026-09-19T20:44:04.748000+00:00;;2026-09-22T22:28:44.406026+00:00;https://carregados.com.br/estacoes/estacao-carregador-do-thiago-4143;True;False
carregados_rj_2026-09-22;4337;Top Apart Leblon;rio de janeiro;rio de janeiro (rj);Rua Almirante Guilhem, 317 - Loja A - Leblon, Rio de Janeiro - RJ, 22440-000, Brazil;-22.983608013851647;-43.219008134361566;Restrito;False;False;False;somente AC identificado;;park;1;1;;;;;False;ausente;False;False;False;;;False;;2026-09-19T11:04:30.439000+00:00;;2026-09-22T22:30:18.102137+00:00;https://carregados.com.br/estacoes/estacao-eletroposto-recar-top-apart-leblon-4337;True;False
carregados_rj_2026-09-22;5508;Torre Forte Sublimação E Gráfica;rio de janeiro;rio de janeiro (rj);R. Baião Parente, 34 - Guadalupe, Rio de Janeiro - RJ, 21675-010, Brazil;-22.844619900926716;-43.36707718670368;Restrito;False;False;False;somente AC identificado;;store;1;1;;;2.0;;True;pago;False;False;False;2.00;;False;08:00h as 17:00h;2026-09-19T11:46:37.285000+00:00;;2026-09-22T22:30:18.430579+00:00;https://carregados.com.br/estacoes/estacao-torre-forte-sublima%C3%A7%C3%A3o-e-gr%C3%A1fica-5508;True;False
carregados_rj_2026-09-22;797;Transportadora RN;rio de janeiro;rio de janeiro (rj);Rod. Pres. Dutra, 2550 - Pavuna, Rio de Janeiro - RJ, 21535-502, Brazil;-22.807641401851306;-43.336409479379654;Restrito;False;False;False;DC presente;;route;2;2;;;;;False;ausente;False;False;False;;;False;;2026-09-21T00:13:01.799000+00:00;;2026-09-22T22:30:18.449412+00:00;https://carregados.com.br/estacoes/estacao-transportadora-rn-797;True;False
carregados_rj_2026-09-22;4108;Tyr - Barra Private - V71;rio de janeiro;rio de janeiro (rj);Av. Armando Lombardi, 400 - loja 106 - Barra da Tijuca, Rio de Janeiro - RJ, 22640-000, Brazil;-23.00643080929219;-43.3099936214611;Público;True;False;False;somente AC identificado;;point_of_interest;1;1;;;;;False;ausente;False;False;False;;;False;;2026-09-19T10:57:22.912000+00:00;;2026-09-22T22:30:18.839480+00:00;https://carregados.com.br/estacoes/estacao-tyr---barra-private--v71-4108;True;False
carregados_rj_2026-09-22;1126;Universe Empresarial;rio de janeiro;rio de janeiro (rj);Av. Embaixador Abelardo Bueno, 1000 - Barra da Tijuca, Rio de Janeiro - RJ, 22775-023, Brazil;-22.972092;-43.36982;Público;True;False;False;somente AC identificado;EZVolt;Workplace;1;1;7.0;;2.07;1.0;True;pago;True;True;False;"Abra os detalhes do carregador para ver os preços atualizados

Please open charger details to view up to date pricing";;False;;2026-09-19T09:13:50.951000+00:00;;2026-09-22T22:29:09.880456+00:00;https://carregados.com.br/estacoes/estacao-domus-medica-1126;True;False
carregados_rj_2026-09-22;5368;Varanda Das Rosas;rio de janeiro;rio de janeiro (rj);Av. Marechal Henrique Lott, 270 - Barra da Tijuca, Rio de Janeiro - RJ, 22631-370, Brazil;-23.002428381851963;-43.34851730033188;Restrito;False;False;False;somente AC identificado;Ecopoint;park;1;1;;;;;False;ausente;False;False;False;;;False;;2026-09-19T11:41:31.217000+00:00;;2026-09-22T22:30:19.098800+00:00;https://carregados.com.br/estacoes/estacao-ecopoint---cond-varanda-das-rosas-5368;True;False
carregados_rj_2026-09-22;1049;Venit + Mio Barra Hotel;rio de janeiro;rio de janeiro (rj);Av. Embaixador Abelardo Bueno, 2710 - Barra da Tijuca, Rio de Janeiro - RJ, 22775-040, Brazil;-22.972803;-43.390828;Público;True;True;False;somente AC identificado;;Lodging;1;1;11.0;;;;False;ausente;True;False;False;;;False;;2026-09-20T03:55:24.428000+00:00;;2026-09-22T22:28:04.022007+00:00;https://carregados.com.br/estacoes/estacao-venit-%2B-mio-barra-hotel-1049;True;False
carregados_rj_2026-09-22;4168;Verano Palma e Águilas;rio de janeiro;rio de janeiro (rj);R. Franz Weissman, 300 - Jacarepaguá, Rio de Janeiro - RJ, 22775-051, Brazil;-22.96923032885595;-43.38747753382814;Restrito;False;False;False;somente AC identificado;;park;1;1;;;2.07;;True;pago;False;False;False;2,07 por kWh;;False;;2026-09-19T18:39:10.693000+00:00;;2026-09-22T22:30:19.542939+00:00;https://carregados.com.br/estacoes/estacao-easy-volt---verano-palma-e-%C3%A1guilas-4168;True;False
carregados_rj_2026-09-22;782966;Verano Stay;rio de janeiro;rio de janeiro (rj);R. Escultor Sergio Camargo, 50 - Jacarepaguá, Rio de Janeiro - RJ, 22775-052, Brazil;-22.9686408;-43.38806719999999;Restrito;False;False;False;somente AC identificado;;point_of_interest;1;1;;;;;False;ausente;False;False;False;"Taxa desbloqueio 1,00
Preço kWh 2,06";;False;;2026-09-19T15:08:39.783000+00:00;;2026-09-22T22:30:19.754644+00:00;https://carregados.com.br/estacoes/estacao-recar-eletroposto-verano-stay-782966;True;False
carregados_rj_2026-09-22;1243160;Via Volt;rio de janeiro;rio de janeiro (rj);Estr. dos Bandeirantes, 3748 - Taquara, Rio de Janeiro - RJ, 22775-114, Brazil;-22.955224287085407;-43.37771348655224;Público;True;True;False;DC presente;Tupinambá;point_of_interest;1;1;;;2.2;;True;pago;False;False;False;2.20;;False;;2026-09-19T21:41:38.041000+00:00;;2026-09-22T22:29:10.073557+00:00;https://carregados.com.br/estacoes/estacao-via-volt-1243160;True;False
carregados_rj_2026-09-22;1119;Village Mall;rio de janeiro;rio de janeiro (rj);Av. das Américas, 3.900 - Barra da Tijuca, Rio de Janeiro - RJ, 22640-102, Brazil;-22.998016;-43.351439;Público;True;False;False;somente AC identificado;;Shopping Center;5;5;7.4;30.0;;;True;ausente;True;False;False;Free;;False;Segunda a sábado das 10:30 às 22:30 / domingo das 13:00 às 21:00;2026-09-19T12:02:14.957000+00:00;;2026-09-22T22:27:13.381982+00:00;https://carregados.com.br/estacoes/estacao-village-mall-1119;True;False
carregados_rj_2026-09-22;9967;Village São Conrado;rio de janeiro;rio de janeiro (rj);Av. Aquarela do Brasil, 1-23 - São Conrado, Rio de Janeiro - RJ, 22610-010, Brazil;-22.9958712;-43.2559358;Restrito;False;False;False;somente AC identificado;;point_of_interest;1;1;;;;;False;ausente;False;False;False;;;False;;2026-09-19T14:26:06.597000+00:00;;2026-09-22T22:30:20.202356+00:00;https://carregados.com.br/estacoes/estacao-recar-village-sao-conrado-9967;True;False
carregados_rj_2026-09-22;9116;Village Vert;rio de janeiro;rio de janeiro (rj);Estr. do Bananal, 721 - Freguesia (Jacarepaguá), Rio de Janeiro - RJ, 22750-013, Brazil;-22.9405898;-43.3319124;Restrito;False;False;False;somente AC identificado;;point_of_interest;1;1;;;;;False;ausente;False;False;False;;;False;;2026-09-19T13:58:05.939000+00:00;;2026-09-22T22:30:20.443205+00:00;https://carregados.com.br/estacoes/estacao-recar-eletroposto-village-vert-9116;True;False
carregados_rj_2026-09-22;4990;Visconde De Albuquerque Condomínio;rio de janeiro;rio de janeiro (rj);Av. Visc. de Albuquerque, 516 - Leblon, Rio de Janeiro - RJ, 22450-002, Brazil;-22.984356906735677;-43.22869825;Restrito;False;False;False;somente AC identificado;Ecopoint;park;1;1;;;;;False;ausente;False;False;False;;;False;;2026-09-19T11:27:15.409000+00:00;;2026-09-22T22:30:20.441575+00:00;https://carregados.com.br/estacoes/estacao-ecopoint---visconde-de-albuquerque-condom%C3%ADnio-4990;True;False
carregados_rj_2026-09-22;1051;Vision Offices;rio de janeiro;rio de janeiro (rj);Av. Embaixador Abelardo Bueno, 3500 - Barra da Tijuca, Rio de Janeiro - RJ, 22775-040, Brazil;-22.972671;-43.397584;Público;True;True;False;somente AC identificado;Zletric;Workplace;4;4;;;1.99;;True;pago;True;True;False;R$1,99/kWh;;False;;2026-09-21T00:15:46.317000+00:00;;2026-09-22T22:28:12.831223+00:00;https://carregados.com.br/estacoes/estacao-zletric---vision-offices-1051;True;False
carregados_rj_2026-09-22;5553;Viva Lagoa;rio de janeiro;rio de janeiro (rj);Av. Epitácio Pessoa, 4466 - Lagoa, Rio de Janeiro - RJ, 22471-004, Brazil;-22.968142947916032;-43.20392249384841;Restrito;False;False;False;somente AC identificado;Ecopoint;point_of_interest;1;1;;;;;False;ausente;False;False;False;;;False;;2026-09-19T11:47:58.931000+00:00;;2026-09-22T22:30:20.822483+00:00;https://carregados.com.br/estacoes/estacao-ecopoint---viva-lagoa-5553;True;False
carregados_rj_2026-09-22;9006;Vivendas Marapendi;rio de janeiro;rio de janeiro (rj);Av. Peregrino Junior, 380 - Barra da Tijuca, Rio de Janeiro - RJ, 22631-460, Brazil;-23.0078222;-43.34536629999999;Restrito;False;False;False;somente AC identificado;;point_of_interest;1;1;;;;;False;ausente;False;False;False;;;False;;2026-09-19T13:54:36.807000+00:00;;2026-09-22T22:30:21.118186+00:00;https://carregados.com.br/estacoes/estacao-recar-eletroposto-vivendas-marapendi-9006;True;False
carregados_rj_2026-09-22;625492;Vogue Botafogo;rio de janeiro;rio de janeiro (rj);R. São João Batista, 27 - Botafogo, Rio de Janeiro - RJ, 22270-030, Brazil;-22.9546057;-43.1904317;Restrito;False;False;False;somente AC identificado;;point_of_interest;1;1;;;;;False;ausente;False;False;False;;;False;;2026-09-19T18:35:23.554000+00:00;;2026-09-22T22:30:21.109651+00:00;https://carregados.com.br/estacoes/estacao-recar-eletroposto-vogue-botafogo-625492;True;False
carregados_rj_2026-09-22;1106;Volvo - Gotland Botafogo;rio de janeiro;rio de janeiro (rj);R. Bambina, 43 - Botafogo, Rio de Janeiro - RJ, 22251-050, Brazil;-22.94507;-43.185369;Público;True;False;False;somente AC identificado;EZVolt;Dealership;1;1;7.0;;;;False;ausente;True;False;False;"Abra os detalhes do carregador para ver os preços atualizados

Please open charger details to view up to date pricing";;False;;2026-09-19T09:13:25.235000+00:00;;2026-09-22T22:27:20.548691+00:00;https://carregados.com.br/estacoes/estacao-volvo---gotland-botafogo-1106;True;False
carregados_rj_2026-09-22;4375;Vox Epower - Cond. Lume;rio de janeiro;rio de janeiro (rj);Av. Henfil, 15 - Recreio dos Bandeirantes, Rio de Janeiro - RJ, 22790-701, Brazil;-23.02126972190817;-43.49008737451744;Restrito;False;False;False;somente AC identificado;;gas_station;1;1;;;;;False;ausente;True;False;False;;;False;;2026-09-19T11:06:13.234000+00:00;;2026-09-22T22:30:21.789608+00:00;https://carregados.com.br/estacoes/estacao-vox-epower---cond-lume-4375;True;False
carregados_rj_2026-09-22;1040;Vox Epower - Park Palace;rio de janeiro;rio de janeiro (rj);Av. B, 85 - Barra da Tijuca, Rio de Janeiro - RJ, 22631-000, Brazil;-23.00225312447589;-43.37053459365356;Restrito;False;False;False;somente AC identificado;Intelbras;park;1;1;;;;;False;ausente;True;False;False;;;False;;2026-09-19T18:21:28.132000+00:00;;2026-09-22T22:29:10.739253+00:00;https://carregados.com.br/estacoes/estacao-vox-epower---park-palace-1040;True;False
carregados_rj_2026-09-22;4222;WeWork;rio de janeiro;rio de janeiro (rj);Rua Helios Seelinger, 155 - Barra da Tijuca, Rio de Janeiro - RJ, 22640-040, Brazil;-23.005436;-43.313219;Público;True;False;False;somente AC identificado;EZVolt;Workplace;1;1;7.0;;;;False;ausente;True;False;False;"Abra os detalhes do carregador para ver os preços atualizados

Please open charger details to view up to date pricing";;False;;2026-09-19T23:39:11.072000+00:00;;2026-09-22T22:28:40.765780+00:00;https://carregados.com.br/estacoes/estacao-wework-4222;True;False
carregados_rj_2026-09-22;7233;West Shopping;rio de janeiro;rio de janeiro (rj);Estr. do Mendanha, 555 - Campo Grande, Rio de Janeiro - RJ, 23087-283, Brazil;-22.8844836;-43.5576059;Público;True;True;False;somente AC identificado;;shopping_mall;1;1;;4.67;;;False;ausente;False;False;False;;;False;;2026-09-20T23:46:17.996000+00:00;;2026-09-22T22:27:31.052563+00:00;https://carregados.com.br/estacoes/estacao-west-shopping-7233;True;False
carregados_rj_2026-09-22;4102;Windsor Oceânico;rio de janeiro;rio de janeiro (rj);R. Martinho de Mesquita, 105 - Barra da Tijuca, Rio de Janeiro - RJ, 22620-220, Brazil;-23.010937951034904;-43.322170364878964;Público;True;False;False;somente AC identificado;;park.;2;2;;6.33;1.75;1.07;True;pago;False;False;True;R$1,89/kWh + R$1,00 taxa de conexão;;False;;2026-09-19T20:33:24.366000+00:00;;2026-09-22T22:27:59.616240+00:00;https://carregados.com.br/estacoes/estacao-recar--eletroposto-windsor-oce%C3%A2nico-4102;True;False
carregados_rj_2026-09-22;1096;Wyndhan Barra;rio de janeiro;rio de janeiro (rj);Av. Lúcio Costa, 3200 - Barra da Tijuca, Rio de Janeiro - RJ, 22630-010, Brazil;-23.010699;-43.326853;Restrito;False;False;False;somente AC identificado;ChargeZone;hotel;1;1;;;;;False;ausente;False;False;False;;;False;;2026-09-21T00:16:40.940000+00:00;;2026-09-22T22:28:25.563486+00:00;https://carregados.com.br/estacoes/estacao-wyndhan-barra-1096;True;False
carregados_rj_2026-09-22;1105;Zletric;rio de janeiro;rio de janeiro (rj);R. Antônio Basílio, 96 - Tijuca, Rio de Janeiro - RJ, 20511-190, Brazil;-22.9250185;-43.2359692;Público;True;False;False;somente AC identificado;;park;1;1;;;2.3;2.5;False;pago;False;False;False;;;True;;2026-09-19T09:13:24.268000+00:00;;2026-09-22T22:27:46.529498+00:00;https://carregados.com.br/estacoes/estacao-estacionamento-estapar---zletric-1105;True;False
carregados_rj_2026-09-22;4214;Zletric;rio de janeiro;rio de janeiro (rj);Bloco 2 sala 627 CEO Corporate - Av. João Cabral de Mello Neto, 850 - Barra da Tijuca, Rio de Janeiro - RJ, 22775-057, Brazil;-22.984967;-43.358718;Restrito;False;False;False;somente AC identificado;Zletric;gas_station;5;5;;;;;False;ausente;False;False;False;;;False;;2026-09-20T01:27:56.957000+00:00;;2026-09-22T22:28:25.732948+00:00;https://carregados.com.br/estacoes/estacao-ceo---zletric-4214;True;False
carregados_rj_2026-09-22;4237;Zletric - Barra Summer Dream;rio de janeiro;rio de janeiro (rj);Av. Lúcio Costa, 3604 - Barra da Tijuca, Rio de Janeiro - RJ, 22630-010, Brazil;-23.0095679;-43.3330443;Restrito;False;False;False;somente AC identificado;Zletric;gas_station;2;2;;;;;False;ausente;True;False;False;;;False;;2026-09-19T11:02:06.448000+00:00;;2026-09-22T22:29:11.156258+00:00;https://carregados.com.br/estacoes/estacao-zletric---barra-summer-dream-4237;True;False
carregados_rj_2026-09-22;1243170;Zletric FGV RJ;rio de janeiro;rio de janeiro (rj);Praia de Botafogo, 180 - Botafogo, Rio de Janeiro - RJ, 22250-145, Brazil;-22.941514456721627;-43.18009740000001;Público;True;False;False;somente AC identificado;Zletric;point_of_interest;2;2;;38.5;;;False;ausente;False;False;False;;;False;;2026-09-19T06:43:04.519000+00:00;;2026-09-22T22:28:26.223685+00:00;https://carregados.com.br/estacoes/estacao-zletric-fgv-rj-1243170;True;False
carregados_rj_2026-09-22;1139516;Zletric | Barralife Medcenter;rio de janeiro;rio de janeiro (rj);Av. Armando Lombardi, 1000 - Barra da Tijuca, Rio de Janeiro - RJ, 22640-000, Brazil;-23.003935987486603;-43.315434955433;Público;True;False;False;somente AC identificado;Zletric;point_of_interest;2;2;;;2.3;;True;pago;False;False;False;2,30;;True;;2026-09-19T15:26:25.855000+00:00;;2026-09-22T22:29:11.366440+00:00;https://carregados.com.br/estacoes/estacao-zletric-barralife-medcenter-1139516;True;False
carregados_rj_2026-09-22;10560;Zletric | Cinelândia ULTRARRÁPIDOS;rio de janeiro;rio de janeiro (rj);Praça Mahatma Gandhi - R. do Passeio - Centro, Rio de Janeiro - RJ, 20040-002, Brazil;-22.91205751177651;-43.17543520178298;Público;True;False;False;DC presente;Zletric;point_of_interest;11;11;;50.84;1.99;2.5;True;pago;True;True;True;"03h-06h: R$ 1,67/kWh
06h-10h: R$ 1,93/kWh
10h-17h: R$ 2,08/kWh
17h-21h: R$ 2,19/kWh
21h-23h: R$ 2,08/kWh
23h-03h: R$ 1,87/kWh";;False;24/7;2026-09-20T04:18:45.862000+00:00;;2026-09-22T22:27:10.745009+00:00;https://carregados.com.br/estacoes/estacao-zletric-estapar-cinelandia-ultrarrapidos-10560;True;False
carregados_rj_2026-09-22;8194;Zletric | Cond Vista Guanabara;rio de janeiro;rio de janeiro (rj);Av. Barão de Tefé, 34 - 21o andar - Saúde, Rio de Janeiro - RJ, 20220-460, Brazil;-22.8952424;-43.1868954;Público;True;False;False;somente AC identificado;Zletric;point_of_interest;2;2;;;2.15;;True;pago;True;True;False;R$ 2,15/kWh;;False;;2026-09-19T13:20:10.566000+00:00;;2026-09-22T22:29:11.780201+00:00;https://carregados.com.br/estacoes/estacao-zletric-cond-vista-guanabara-8194;True;False
carregados_rj_2026-09-22;10873;Zletric | Condomínio Américas Corporate;rio de janeiro;rio de janeiro (rj);Av. das Américas, 3443 - Barra da Tijuca, Rio de Janeiro - RJ, 22631-003, Brazil;-23.0008876;-43.3483425;Público;True;False;False;somente AC identificado;Zletric;point_of_interest;1;1;;;;;False;ausente;False;False;False;;;False;;2026-09-20T04:13:39.701000+00:00;;2026-09-22T22:30:22.474174+00:00;https://carregados.com.br/estacoes/estacao-zletric-condominio-americas-corporate-10873;True;False
carregados_rj_2026-09-22;164839;Zletric | Jockey Clube Brasileiro;rio de janeiro;rio de janeiro (rj);Av. Alm. Barroso, 349b - Centro, Rio de Janeiro - RJ, 20031-005, Brazil;-22.9067353641547;-43.173765082471476;Público;True;False;False;somente AC identificado;Zletric;point_of_interest;2;2;;;;2.0;False;ausente;False;False;False;2,30;;False;;2026-09-19T14:50:35.770000+00:00;;2026-09-22T22:30:22.754484+00:00;https://carregados.com.br/estacoes/estacao-zletric-jockey-clube-brasileiro-164839;True;False
carregados_rj_2026-09-22;1243178;Zletric | Mario Henrique Simonsen;rio de janeiro;rio de janeiro (rj);Av. das Américas, 3434 - Barra da Tijuca, Rio de Janeiro - RJ, 22640-102, Brazil;-22.99864995674036;-43.348588199999995;Público;True;False;False;somente AC identificado;Zletric;point_of_interest;2;2;;;;;False;ausente;True;False;False;;;False;;2026-09-20T12:44:27.673000+00:00;;2026-09-22T22:30:23.163574+00:00;https://carregados.com.br/estacoes/estacao-zletric-mario-henrique-simonsen-1243178;True;False
carregados_rj_2026-09-22;2076785;Casa Marciel;santo antônio de pádua;rio de janeiro (rj);R. Ardelina Perlingeiro, 275 - São Félix, Santo Antônio de Pádua - RJ, 28470-000, Brazil;-21.54303309954213;-42.18571566045284;Público;True;False;False;somente AC identificado;BoxCharge;;1;1;;6.0;;;False;ausente;False;False;False;3,00;;False;;2026-09-19T23:05:14.166000+00:00;;2026-09-22T22:28:30.643925+00:00;https://carregados.com.br/estacoes/estacao-casa-marciel-2076785;True;False
carregados_rj_2026-09-22;9580;EcoRioMinas - SAU Sapucaia;sapucaia;rio de janeiro (rj);Rod. Santos Dumont, 1460 - Nossa Sra. da Aparecida, Sapucaia - RJ, 25880-000, Brazil;-22.069616785902376;-42.79612140917952;Público;True;False;False;somente AC identificado;;point_of_interest;1;1;;;;;False;ausente;False;False;False;;;False;;2026-09-19T18:21:03.564000+00:00;;2026-09-22T22:28:09.792358+00:00;https://carregados.com.br/estacoes/estacao-ecoriominas-sau-sapucaia-9580;True;False
carregados_rj_2026-09-22;5863;Hotel Evidence;sapucaia;rio de janeiro (rj);BR-393, 104 - JAMAPARA, Sapucaia - RJ, 25880-000, Brazil;-21.881153528360123;-42.68477997411465;Público;True;False;False;somente AC identificado;;Lodging;1;2;;7.0;2.5;;True;pago;True;True;False;R$ 2,50 Kwh para não-hóspedes;;False;;2026-09-19T11:55:13.489000+00:00;;2026-09-22T22:27:55.983883+00:00;https://carregados.com.br/estacoes/estacao-hotel-evidence-5863;True;False
carregados_rj_2026-09-22;9005;Residencial São Paulo;sapucaia;rio de janeiro (rj);Rod. Lúcio Meira, 334 - Beira Rio, Sapucaia - RJ, 25880-000, Brazil;-21.882225492990308;-42.68647760531648;Público;True;False;False;somente AC identificado;;point_of_interest;1;1;;;2.7;;True;pago;False;False;False;R$2,70-kw/h;;True;A combinar;2026-09-19T13:54:35.772000+00:00;;2026-09-22T22:30:11.996840+00:00;https://carregados.com.br/estacoes/estacao-residencial-sao-paulo-9005;True;False
carregados_rj_2026-09-22;1679059;Restaurante E Lanchonete Cotril;sapucaia;rio de janeiro (rj);BR-116, 901 - Alem Paraiba, Sapucaia - RJ, 36660-000, Brazil;-21.87725067138672;-42.67137908935547;Público;True;False;False;DC presente;Tupinambá;Restaurant;1;2;;61.44;2.5;2.0;True;pago;True;True;False;2,50;;False;24h;2026-09-19T19:59:39.665000+00:00;;2026-09-22T22:27:12.258835+00:00;https://carregados.com.br/estacoes/estacao-restaurante-e-lanchonete-cotril-1679059;True;False
carregados_rj_2026-09-22;164841;Joy Energy Sollagos;saquarema;rio de janeiro (rj);R. das Rosas, 89 - de Fátima, Saquarema - RJ, 28990-000, Brazil;-22.89075475912001;-42.46187053620815;Público;True;False;False;DC presente;Joy Energy Brasil;Residential;1;1;30.0;27.25;2.25;;False;pago;False;False;False;2.25;;True;;2026-09-20T09:30:20.627000+00:00;;2026-09-22T22:27:28.016882+00:00;https://carregados.com.br/estacoes/estacao-joy-energy-sollagos-40kw-164841;True;False
carregados_rj_2026-09-22;2072789;Ollem Energy;saquarema;rio de janeiro (rj);Av. Saquarema, 3609 - Porto da Roça, Saquarema - RJ, 28990-000, Brazil;-22.908736743297833;-42.4760889261961;Público;True;False;False;DC presente;;Gas Station;2;2;;57.8;;;False;ausente;True;False;False;"Valor do kW: R$ 2,20/kWh
Taxa de engate: R$ 1,10";;False;;2026-09-19T23:49:22.586000+00:00;;2026-09-22T22:27:51.048221+00:00;https://carregados.com.br/estacoes/estacao-ollem-energy-2072789;True;False
carregados_rj_2026-09-22;2073530;Ollem Energy;saquarema;rio de janeiro (rj);R. Noventa e Sete, 1181 - Jaconé, Saquarema - RJ, 28997-000, Brazil;-22.926557315591502;-42.59440250694752;Público;True;False;False;DC presente;On-Charge;;2;2;;;;;False;ausente;False;False;False;R$2,00 engate + R$2,50/kw;;False;;2026-09-19T18:06:46.579000+00:00;;2026-09-22T22:29:00.519969+00:00;https://carregados.com.br/estacoes/estacao-ollem-energy-2073530;True;False
carregados_rj_2026-09-22;2075017;Posto Abreu & Filhos Ipiranga Bacaxá;saquarema;rio de janeiro (rj);70 - RJ-106, 273 - Bacaxá, Saquarema - RJ, 28990-000, Brazil;-22.8880008;-42.46802719999999;Público;True;False;False;DC presente;EZVolt;Gas Station;2;4;60.0;35.0;;;False;ausente;True;False;False;"Abra os detalhes do carregador para ver os preços atualizados

Please open charger details to view up to date pricing";;False;;2026-09-20T10:52:19.657000+00:00;;2026-09-22T22:28:05.465855+00:00;https://carregados.com.br/estacoes/estacao-posto-abreu-filhos-ipiranga-bacaxa-2075017;True;False
carregados_rj_2026-09-22;2072908;Sollagos;saquarema;rio de janeiro (rj);Rua das Rosas 155, De Fátima, Saquarema - Rio de Janeiro, 28993-075, Brasil;-22.891329;-42.461985;Público;True;False;False;DC presente;Joy Energy Brasil;;1;1;;;1.99;30.0;False;pago;False;False;False;;;True;24hrs;2026-08-16T13:59:55.427000+00:00;;2026-09-22T22:30:15.678084+00:00;https://carregados.com.br/estacoes/estacao-eletro-posto-sollagos-2072908;True;False
carregados_rj_2026-09-22;356439;Trevo De Praia Seca;saquarema;rio de janeiro (rj);Estr. de Praia Seca, 24b - Ipitangas, Saquarema - RJ, 28992-735, Brazil;-22.87959308014252;-42.39302766356566;Público;True;False;False;DC presente;;Gas Station;2;2;30.0;28.83;2.5;2.0;True;pago;True;True;False;"Valor Kwh: R$ 2,30
Desbloqueio: R$ 2,00";;False;;2026-09-20T13:46:39.605000+00:00;;2026-09-22T22:27:29.485006+00:00;https://carregados.com.br/estacoes/estacao-eletroposto-trevo-de-praia-seca-356439;True;False
carregados_rj_2026-09-22;8504;BSO15 Ecoriominas KM211,6;seropédica;rio de janeiro (rj);BR-116, 209 - São Miguel, Seropédica - RJ, 26600-000, Brazil;-22.71761801752159;-43.7049726422206;Público;True;False;False;somente AC identificado;Enel X;point_of_interest;1;1;;40.5;0.0;0.0;False;energia gratuita informada;True;False;False;0800;;False;;2026-09-20T19:02:55.241000+00:00;;2026-09-22T22:27:52.483968+00:00;https://carregados.com.br/estacoes/estacao-bso15-ecoriominas-km2116-74kw-8504;True;False
carregados_rj_2026-09-22;5786;Bso18 Ecoriominas Km10,7;seropédica;rio de janeiro (rj);Km - Rod. Luiz Henrique Rezende Novaes, 10 - 7 - Incra, Seropédica - RJ, 23890-000, Brazil;-22.77950804143014;-43.66143252700567;Público;True;False;False;somente AC identificado;;park;1;1;;26.2;;;True;ausente;True;False;False;Grátis ;;False;;2026-09-19T04:17:11.047000+00:00;;2026-09-22T22:27:39.994115+00:00;https://carregados.com.br/estacoes/estacao-sus-5786;True;False
carregados_rj_2026-09-22;880;Casa Da Picanha;seropédica;rio de janeiro (rj);Rod. Pres. Dutra, s/n - Belvedere, Seropédica - RJ, 23890-000, Brazil;-22.708168;-43.736133;Público;True;False;False;somente AC identificado;YASNO E-mobility;park;2;2;;12.13;0.0;0.0;False;energia gratuita informada;False;False;False;;;False;11h as 17h;2026-09-20T13:53:44.814000+00:00;;2026-09-22T22:27:19.320076+00:00;https://carregados.com.br/estacoes/estacao-casa-da-picanha-880;True;False
carregados_rj_2026-09-22;881;Empada Da Casa Empadaria E Lanchonete;seropédica;rio de janeiro (rj);Rua DNIT - Santa Sofia, Seropédica - RJ, 23890-000, Brazil;-22.717388;-43.727996;Público;True;False;False;somente AC identificado;;restaurant;1;1;;6.0;0.0;0.0;True;energia gratuita informada;True;False;False;;;False;Horário do estabelecimento 6:00h-20:30h;2026-09-20T01:05:26.015000+00:00;;2026-09-22T22:27:25.756378+00:00;https://carregados.com.br/estacoes/estacao-empada-da-casa-empadaria-e-lanchonete-881;True;False
carregados_rj_2026-09-22;778;Petrobras | Auto Posto Novo Pedágio;seropédica;rio de janeiro (rj);Rod. Pres. Dutra, Km 204 - Santa Alice, Seropédica - RJ, 23892-275, Brazil;-22.71992523685763;-43.68705445819703;Público;True;False;False;DC presente;EZVolt;Gas Station;1;3;60.0;44.16;2.5;;True;pago;True;True;True;"CCS2 - R$ 2,50/kWh
CHAdeMO - R$ 2,50/kWh
Type 2 - R$ 1,70/kWh";;False;24h;2026-09-19T13:29:08.297000+00:00;;2026-09-22T22:25:43.113572+00:00;https://carregados.com.br/estacoes/estacao-petrobras---posto-novo-ped%C3%A1gio-778?estado=rio+de+janeiro+%28rj%29;True;False
carregados_rj_2026-09-22;5625;Silva Jardim Norte - Volvo Posto Kid;silva jardim;rio de janeiro (rj);Rodovia BR 101 Km 237 Bairro - R. Silva Cunha, 11 - Boqueirão, Silva Jardim - RJ, 28820-000, Brazil;-22.61282789510196;-42.40822520421556;Público;True;False;False;DC presente;EZVolt;Gas Station;2;4;60.0;48.67;2.9;;True;pago;True;True;False;"Taxa conexão $ 2,50
Kwh 2,89

Abra os detalhes do carregador para ver os preços atualizados

Please open charger details to view up to date pricing";;False;;2026-09-20T14:12:38.077000+00:00;;2026-09-22T22:27:04.750783+00:00;https://carregados.com.br/estacoes/estacao-volvo-silva-jardim-5625;True;False
carregados_rj_2026-09-22;356434;Cs Do Titico;são francisco de itabapoana;rio de janeiro (rj);R. João Paes Viana, 29 - Centro, São Francisco de Itabapoana - RJ, 28230-000, Brazil;-21.472655152955014;-41.10899582505226;Público;True;False;False;não classificado;;point_of_interest;1;1;;;2.0;;True;pago;False;False;False;R$= 2,00/ kwh;;True;;2026-09-20T10:16:08.948000+00:00;;2026-09-22T22:28:34.541575+00:00;https://carregados.com.br/estacoes/estacao-cs-do-titico-356434;True;False
carregados_rj_2026-09-22;2074644;Infinity Charger;são francisco de itabapoana;rio de janeiro (rj);R. Daud Salomão Acruche, 166 - São Francisco de Itabapoana, RJ, 28230-000, Brazil;-21.48098628317391;-41.10322292401801;Público;True;False;False;não classificado;WEMOB;;1;1;;6.0;;2.4;False;ausente;False;False;False;2.40;;False;;2026-09-19T21:00:26.680000+00:00;;2026-09-22T22:28:34.542008+00:00;https://carregados.com.br/estacoes/estacao-infinity-charger-2074644;True;False
carregados_rj_2026-09-22;2073532;Business;são gonçalo;rio de janeiro (rj);Av. Pres. Kennedy, 735 - Loja 127 - Estrela do Norte, São Gonçalo - RJ, 24445-795, Brazil;-22.82074342879727;-43.0398590862751;Público;True;False;False;somente AC identificado;On-Charge;;2;2;;;;;False;ausente;False;False;False;2,39;;False;;2026-09-19T16:13:42.542000+00:00;;2026-09-22T22:28:44.849228+00:00;https://carregados.com.br/estacoes/estacao-business-2073532;True;False
carregados_rj_2026-09-22;8503;ChargeOn - Atacadão Manilha;são gonçalo;rio de janeiro (rj);R. Oliveira Botelho, 349 - loja 23 - Neves, São Gonçalo - RJ, 24425-005, Brazil;-22.85625425739407;-43.100913874804974;Público;True;False;False;somente AC identificado;Cia Charge;point_of_interest;2;2;;6.67;1.0;;True;pago;False;False;False;R$1,29  por Kw;;True;"Segunda a Sábado - 07:00 às 22:00
Domingo - 07:00 às 20:00";2026-09-20T14:40:32.561000+00:00;;2026-09-22T22:27:27.254901+00:00;https://carregados.com.br/estacoes/estacao-atacadao-manilha-8503;True;False
carregados_rj_2026-09-22;5349;Condomínio Saint Etienne;são gonçalo;rio de janeiro (rj);R. Cel. Moreira César, 89 - Centro, São Gonçalo - RJ, 24440-400, Brazil;-22.827672256684476;-43.05361390000003;Restrito;False;False;False;somente AC identificado;Ecopoint;park;1;1;;;;;False;ausente;False;False;False;;;False;;2026-09-19T11:40:51.677000+00:00;;2026-09-22T22:29:32.547981+00:00;https://carregados.com.br/estacoes/estacao-ecopoint---condominio-saint-etienne-5349;True;False
carregados_rj_2026-09-22;940921;Estacinamento Vipp;são gonçalo;rio de janeiro (rj);R. Artur Silva, 114 - Alcantara, São Gonçalo - RJ, 24710-310, Brazil;-22.823141901779064;-43.00188963445783;Público;True;False;False;não classificado;Enel X;parking;3;4;;;;;False;ausente;False;False;False;2;;False;;2026-09-19T15:15:31.704000+00:00;;2026-09-22T22:28:13.578000+00:00;https://carregados.com.br/estacoes/estacao-estacinamento-vipp-940921;True;False
carregados_rj_2026-09-22;2076626;GUANABARA SÃO GONÇALO;são gonçalo;rio de janeiro (rj);Avenida Jornalista Roberto Marinho 221, Mutondo, São Gonçalo - Rio de Janeiro, 24451-715, Brasil;-22.825965;-43.015147;Público;True;False;False;DC presente;;;1;2;;40.0;2.19;0.0;False;pago;False;False;False;;1,00/min ociosidade;True;;2026-08-31T00:14:05.862000+00:00;;2026-09-22T22:28:09.989860+00:00;https://carregados.com.br/estacoes/estacao-guanabara-sao-goncalo-2076626;True;False
carregados_rj_2026-09-22;6574;Posto Abreu Dois;são gonçalo;rio de janeiro (rj);Av. Sampaio Corrêa, 107 - Santa Luzia, São Gonçalo - RJ, 24722-500, Brazil;-22.784902572631836;-42.98356628417969;Público;True;True;False;somente AC identificado;;Gas Station;1;1;;;2.02;;True;pago;True;True;False;R$ 2,02kWh para recarga;;False;;2026-09-19T12:17:40.013000+00:00;;2026-09-22T22:27:51.057788+00:00;https://carregados.com.br/estacoes/estacao-posto-abreu-dois-(coming-soon)-6574;True;False
carregados_rj_2026-09-22;2073675;Posto Carvalho E Gomes;são gonçalo;rio de janeiro (rj);RJ-104, 1650-1686 - Tribobó, São Gonçalo - RJ, 24750-200, Brazil;-22.856329567273534;-43.025060069902004;Público;True;False;False;DC presente;Tupinambá;;1;1;;39.5;2.5;;False;pago;False;False;False;2,50 o KW;;True;;2026-09-19T08:31:21.029000+00:00;;2026-09-22T22:28:15.864611+00:00;https://carregados.com.br/estacoes/estacao-posto-carvalho-e-gomes-2073675;True;False
carregados_rj_2026-09-22;9674;Shell Auto Posto Arrastao;são gonçalo;rio de janeiro (rj);3, Av. Dr. Eugênio Borges, s/n - Arrastão, São Gonçalo - RJ, 24751-000, Brazil;-22.87085401449158;-43.00441929756706;Público;True;False;False;DC presente;Tupinambá;gas_station;1;3;;41.14;2.5;;True;pago;True;True;False;R$ 2,50;;False;;2026-09-19T13:49:43.596000+00:00;;2026-09-22T22:27:27.257162+00:00;https://carregados.com.br/estacoes/estacao-auto-posto-arrastao-9674;True;False
carregados_rj_2026-09-22;8502;São Gonçalo - Br 101 Norte Posto Shell Shopping São Gonçalo;são gonçalo;rio de janeiro (rj);R. Magalhães Bastos, S/N - Boa Vista, São Gonçalo - RJ, 24466-250, Brazil;-22.81376793328917;-43.07366456513177;Público;True;False;False;DC presente;EZVolt;Gas Station;4;9;150.0;64.55;2.5;0.0;True;pago;True;True;False;"Abra os detalhes do carregador para ver os preços atualizados

Please open charger details to view up to date pricing";;False;24h;2026-09-19T17:01:41.428000+00:00;;2026-09-22T22:27:07.136447+00:00;https://carregados.com.br/estacoes/estacao-posto-abreu-shell-gnv-8502;True;False
carregados_rj_2026-09-22;2077221;São Gonçalo Shopping;são gonçalo;rio de janeiro (rj);Avenida São Gonçalo 100, Boa Vista, São Gonçalo - Rio de Janeiro, 24466-315, Brasil;-22.815114;-43.070382;Público;True;False;False;DC presente;Voltta;;3;3;;30.0;1.99;0.0;False;pago;False;False;False;;;True;Seg-Dom 10h-22h;2026-09-22T13:15:07.013000+00:00;;2026-09-22T22:29:08.784319+00:00;https://carregados.com.br/estacoes/estacao-sao-goncalo-shopping-2077221;True;False
carregados_rj_2026-09-22;8707;Teste;são gonçalo;rio de janeiro (rj);R. Teixeira de Abreu, 53 - Colubandê, São Gonçalo - RJ, 24451-190, Brazil;-22.828651;-43.017915;Restrito;False;False;False;não classificado;;point_of_interest;1;1;;;;;False;ausente;True;False;False;;;False;08:30hrs às 18:18hrs;2026-09-19T13:41:08.024000+00:00;;2026-09-22T22:29:09.245917+00:00;https://carregados.com.br/estacoes/estacao-carregador-teste-8707;True;False
carregados_rj_2026-09-22;735;Hotel Açu;são joão da barra;rio de janeiro (rj);"SB-28;BR-196, São João da Barra - RJ, Brasil";-21.8370533373907;-41.04406110289114;Público;True;False;False;somente AC identificado;;lodging;1;1;;;;;False;ausente;False;False;False;;;False;;2026-09-19T16:57:49.154000+00:00;;2026-09-22T22:28:14.321426+00:00;https://carregados.com.br/estacoes/estacao-hotel-a%C3%A7u-735;True;False
carregados_rj_2026-09-22;663905;Reserva Caruara;são joão da barra;rio de janeiro (rj);Gruçaí, São João da Barra - RJ São João da Barra BR - Gruçaí, São João da Barra - RJ, 28200, Brazil;-21.7368;-41.025117;Público;True;True;False;somente AC identificado;EZVolt;Park;1;1;7.0;;;;False;ausente;True;False;False;"Abra os detalhes do carregador para ver os preços atualizados

Please open charger details to view up to date pricing";;False;;2026-09-19T15:04:53.184000+00:00;;2026-09-22T22:30:11.253192+00:00;https://carregados.com.br/estacoes/estacao-reserva-caruara-663905;True;False
carregados_rj_2026-09-22;2073674;Do Jorge Lobão;são joão de meriti;rio de janeiro (rj);R. Fernandes de Queirós, 5 - Jardim Metropole, São João de Meriti - RJ, 25571-210, Brazil;-22.762236126129803;-43.337538689374924;Restrito;False;False;False;DC presente;;;1;1;;;;;False;ausente;False;False;False;;;False;;2026-09-19T16:17:26.947000+00:00;;2026-09-22T22:29:34.717814+00:00;https://carregados.com.br/estacoes/estacao-do-jorge-lobao-2073674;True;False
carregados_rj_2026-09-22;814;Estacionamento Atakashow;são joão de meriti;rio de janeiro (rj);Rod. Pres. Dutra, 8600 - Coelho da Rocha, São João de Meriti - RJ, 25550-000, Brazil;-22.778772;-43.394171;Público;True;True;False;somente AC identificado;WEMOB;park;4;4;;;;;False;ausente;False;False;False;;;False;Segunda a Sexta 09:00 as 18:00;2026-09-19T09:03:03.489000+00:00;;2026-09-22T22:27:37.867609+00:00;https://carregados.com.br/estacoes/estacao-estacionamento-atakashow-(coming-soon)-814;True;True
carregados_rj_2026-09-22;5719;JB Galapagos;são joão de meriti;rio de janeiro (rj);Rod. Pres. Dutra, 1997 - Jardim Jose Bonifacio, São João de Meriti - RJ, 25586-140, Brazil;-22.80211316651582;-43.35112684920801;Público;True;False;False;DC presente;Tupinambá;Gas Station;1;2;120.0;70.43;2.9;;True;pago;True;True;False;2,50;;False;24 Horas;2026-09-20T19:26:53.926000+00:00;;2026-09-22T22:27:08.566290+00:00;https://carregados.com.br/estacoes/estacao-shell-recharge-l-posto-gal%C3%A1pagos-5719;True;False
carregados_rj_2026-09-22;2074606;Posto Ipiranga;são joão de meriti;rio de janeiro (rj);Rod. Pres. Dutra, 7 - Coelho da Rocha, São João de Meriti - RJ, 25515-230, Brazil;-22.784036153195935;-43.38130021629639;Público;True;False;False;DC presente;EZVolt;Gas Station;1;2;160.0;65.0;;;False;ausente;True;False;False;"Abra los detalles del cargador para ver los precios actualizados

Please open charger details to view up to date pricing";;False;;2026-09-19T06:46:25.919000+00:00;;2026-09-22T22:28:05.920171+00:00;https://carregados.com.br/estacoes/estacao-posto-ipiranga-2074606;True;False
carregados_rj_2026-09-22;9413;Vogue Hotel;são joão de meriti;rio de janeiro (rj);Rod. Pres. Dutra, 1023 - Parque Araruama, São João de Meriti - RJ, 25515-230, Brazil;-22.80145508891468;-43.35020039230585;Público;True;False;False;somente AC identificado;;point_of_interest;1;1;;;;;False;ausente;False;False;False;;;False;;2026-09-19T14:05:27.358000+00:00;;2026-09-22T22:28:25.037420+00:00;https://carregados.com.br/estacoes/estacao-vogue-hotel-9413;True;False
carregados_rj_2026-09-22;2074290;BYD São Pedro Da Aldeia;são pedro da aldeia;rio de janeiro (rj);Rod. Amaral Peixoto, S/N - Balneário São Pedro II, São Pedro da Aldeia - RJ, 28940-000, Brazil;-22.827781677246094;-42.124961853027344;Público;True;False;False;DC presente;;;1;2;;55.0;2.9;2.0;False;pago;False;False;False;"R$2,00 de taxa de ativação
R$2,50 kWh
R$1,50 de ociosidade - Tolerância de 10 minutos";Relato de 10/07/2026, trecho: “Uma dica…. Para quem tem carro híbrido não compensa pagar mais que 2,15 o kW”;True;;2026-09-22T13:07:54.732000+00:00;;2026-09-22T22:27:53.151942+00:00;https://carregados.com.br/estacoes/estacao-byd-sao-pedro-da-aldeia-2074290;True;False
carregados_rj_2026-09-22;2073224;Garagem Emerson;são pedro da aldeia;rio de janeiro (rj);Estr. da Cruz, 30 - Pinheiros, São Pedro da Aldeia - RJ, 28946-195, Brazil;-22.799937520216307;-42.12220296263695;Público;True;False;False;somente AC identificado;;;1;1;;7.0;;;False;ausente;False;False;False;2,10;;False;;2026-08-16T13:59:55.749000+00:00;;2026-09-22T22:28:53.882194+00:00;https://carregados.com.br/estacoes/estacao-garagem-emerson-2073224;True;False
carregados_rj_2026-09-22;1905295;Posto Estrela Dalva;são pedro da aldeia;rio de janeiro (rj);RJ-140, 1 - Baixo Grande, São Pedro da Aldeia - RJ, 28941-182, Brazil;-22.85560391399373;-42.0515713468194;Público;True;False;False;DC presente;EZVolt;Gas Station;1;2;60.0;48.33;2.5;;False;pago;True;True;False;"Abra los detalles del cargador para ver los precios actualizados

Please open charger details to view up to date pricing";Relato de 08/07/2026, trecho: “Fica uma Dica! Para quem tem carro Híbrido 2,50 reais é valor que não vale KW/H vale mas usar a gasolina…. Faça as contas”;False;;2026-09-20T15:37:15.841000+00:00;;2026-09-22T22:27:41.415416+00:00;https://carregados.com.br/estacoes/estacao-posto-estrela-dalva-1905295;True;False
carregados_rj_2026-09-22;514374;Posto RJ São Pedro;são pedro da aldeia;rio de janeiro (rj);R. das Acácias, 1111 - Campo Redondo, São Pedro da Aldeia - RJ, 28940-000, Brazil;-22.843808265806636;-42.06998502553256;Público;True;False;False;DC presente;;Gas Station;2;2;;48.15;2.5;;True;pago;True;True;False;R$2,50 até 22h, após R$2,10;;False;;2026-09-20T10:12:22.987000+00:00;;2026-09-22T22:30:40.901098+00:00;https://carregados.com.br/estacoes/estacao-posto-rj-sao-pedro-514374;True;False
carregados_rj_2026-09-22;2073223;Residencial Eduardo;são pedro da aldeia;rio de janeiro (rj);Estr. da Cruz, 30 - Pinheiros, São Pedro da Aldeia - RJ, 28946-195, Brazil;-22.79951748141381;-42.122533209621906;Público;True;False;False;somente AC identificado;;;1;1;;;;;False;ausente;False;False;False;"2.00 por kW
";;False;;2026-09-20T10:09:31.702000+00:00;;2026-09-22T22:30:12.011406+00:00;https://carregados.com.br/estacoes/estacao-residencial-eduardo-2073223;True;False
carregados_rj_2026-09-22;9215;Volvo São Pedro Da Aldeia;são pedro da aldeia;rio de janeiro (rj);R. Teixeira Brandão, 315 - Nova São Pedro, São Pedro da Aldeia - RJ, 28940-000, Brazil;-22.83280580974818;-42.09248281845313;Público;True;False;False;DC presente;EZVolt;Store;3;3;120.0;73.44;2.9;2.5;True;pago;True;True;False;"Abra los detalles del cargador para ver los precios actualizados

Please open charger details to view up to date pricing";;False;;2026-09-19T20:26:54.017000+00:00;;2026-09-22T22:27:29.499583+00:00;https://carregados.com.br/estacoes/estacao-estacao-volvo-sao-pedro-da-aldeia-9215;True;False
carregados_rj_2026-09-22;2072322;Casa Do Alemão Tanguá;tanguá;rio de janeiro (rj);Rodovia Governador Mário Covas 276, Pinhão, Tanguá - Rio de Janeiro, 24890-000, Brasil;-22.7388809;-42.7502974;Público;True;False;False;DC presente;RJ Eletropostos;;1;2;;82.0;2.98;;True;pago;False;False;False;;;True;24x7;2026-09-20T00:13:20.262000+00:00;;2026-09-22T22:28:19.780993+00:00;https://carregados.com.br/estacoes/estacao-casa-do-alemo-tangu-2072322;True;False
carregados_rj_2026-09-22;164804;Posto Pesque Pague;tanguá;rio de janeiro (rj);S - BR-101 - Hararas da Peniche, Tanguá - RJ, 24890-000, Brazil;-22.7407632;-42.7557246;Público;True;True;False;DC presente;EZVolt;Gas Station;1;1;30.0;;2.5;;True;pago;True;True;False;CCS2 - R$ 2,50kWh;;False;;2026-09-20T10:08:00.929000+00:00;;2026-09-22T22:27:14.018482+00:00;https://carregados.com.br/estacoes/estacao-petrobras-posto-pesque-pague-164804;True;False
carregados_rj_2026-09-22;762;ABRAVEI;teresópolis;rio de janeiro (rj);Rua Guandu, 275 - Pimenteiras, Teresópolis - RJ, 25963-620, Brazil;-22.413519;-42.981075;Restrito;False;False;False;DC presente;;Workplace;2;3;;;;;False;ausente;False;False;False;;;False;;2026-09-19T20:10:47.354000+00:00;;2026-09-22T22:29:12.033238+00:00;https://carregados.com.br/estacoes/estacao-abravei-762;True;False
carregados_rj_2026-09-22;883;BM Rio Teresópolis;teresópolis;rio de janeiro (rj);R. Judite Maurício de Paula, 22 - Iucas, Teresópolis - RJ, 25964-002, Brazil;-22.425712;-42.979701;Restrito;False;False;False;somente AC identificado;;car_dealer;1;1;;;;;False;ausente;False;False;False;;;False;"De 8:00 às 18:00 seg a sex
Sábado de 9:00 às 12:00";2026-09-21T00:14:17.319000+00:00;;2026-09-22T22:28:13.580050+00:00;https://carregados.com.br/estacoes/estacao-bm-rio-teres%C3%B3polis-883;True;False
carregados_rj_2026-09-22;514365;Chalé Segredo Das Torres;teresópolis;rio de janeiro (rj);RJ-130, Km 28 - Vale de Bonsucesso, Teresópolis - RJ, 25995-620, Brazil;-22.278055563746467;-42.797695212846236;Restrito;False;False;False;somente AC identificado;;Lodging;1;1;;;;;True;ausente;True;False;False;"Gratuito para hóspedes.
";;False;;2026-09-19T20:25:04.157000+00:00;;2026-09-22T22:28:09.080488+00:00;https://carregados.com.br/estacoes/estacao-chale-segredo-das-torres-514365;True;False
carregados_rj_2026-09-22;9581;EcoRioMinas - Sau Teresópolis;teresópolis;rio de janeiro (rj);Rod. Br 116 Km84 Ao Km92, 15364 - Fischer, Teresópolis - RJ, 25977-390, Brazil;-22.3700762451036;-42.94934480217729;Público;True;False;False;somente AC identificado;;point_of_interest;1;1;;5.33;0.0;0.0;False;energia gratuita informada;False;False;False;;;False;;2026-09-20T12:38:22.557000+00:00;;2026-09-22T22:27:53.341156+00:00;https://carregados.com.br/estacoes/estacao-ecoriominas-sau-teresopolis-9581;True;False
carregados_rj_2026-09-22;5267;Embaúba Boutique Hotel;teresópolis;rio de janeiro (rj);Est. De Andradas - Vale do Paquequer, Teresópolis - RJ, Brazil;-22.265804;-42.9361768;Restrito;False;False;False;somente AC identificado;Autocharge;lodging;1;2;;;;;False;ausente;False;False;False;;;False;;2026-09-19T11:37:27.552000+00:00;;2026-09-22T22:29:49.702406+00:00;https://carregados.com.br/estacoes/estacao-emba%C3%BAba-boutique-hotel-5267;True;False
carregados_rj_2026-09-22;10023;Hotel Fazenda São Moritz;teresópolis;rio de janeiro (rj);R. Hotel São Moritz - Vale de Bonsucesso, Teresópolis - RJ, Brasil;-22.26565354732274;-42.73165516555309;Restrito;False;False;False;somente AC identificado;Ecopoint;lodging;1;1;;6.0;;;False;ausente;False;False;False;;;False;;2026-09-19T16:56:22.169000+00:00;;2026-09-22T22:28:33.506474+00:00;https://carregados.com.br/estacoes/estacao-hotel-fazenda-sao-moritz-10023;True;False
carregados_rj_2026-09-22;793;Hotel Le Canton;teresópolis;rio de janeiro (rj);R. Antônio da Silva, 310 - Vargem Grande, Teresópolis - RJ, 25990-150, Brazil;-22.384862;-42.856805;Público;True;False;False;somente AC identificado;;lodging;1;1;;1.0;;;False;ausente;True;False;False;;;False;;2026-09-19T10:43:25.053000+00:00;;2026-09-22T22:27:38.500178+00:00;https://carregados.com.br/estacoes/estacao-hotel-le-canton-793;True;False
carregados_rj_2026-09-22;4903;Jardins Da Serra;teresópolis;rio de janeiro (rj);R. Machado de Assis, 400 - Tijuca, Teresópolis - RJ, 25975-460, Brazil;-22.41579140250066;-42.9525508711443;Público;True;False;False;somente AC identificado;;car_dealer;1;1;;40.0;3.0;;False;pago;False;False;False;R$ 0,30 o minuto ;;True;;2026-09-19T19:20:19.026000+00:00;;2026-09-22T22:27:55.232367+00:00;https://carregados.com.br/estacoes/estacao-jardins-da-serra-4903;True;False
carregados_rj_2026-09-22;2074604;Max Mix - Albuquerque - Teresópolis;teresópolis;rio de janeiro (rj);RJ-130, 6200 - Albuquerque, Teresópolis - RJ, 25976-444, Brazil;-22.384081654421337;-42.915699723946034;Público;True;False;False;somente AC identificado;;;1;1;;7.0;;;False;ausente;False;False;False;;;False;;2026-09-19T16:32:35.284000+00:00;;2026-09-22T22:28:36.928183+00:00;https://carregados.com.br/estacoes/estacao-max-mix-albuquerque-teresopolis-2074604;True;False
carregados_rj_2026-09-22;1905270;Mdm - Francis Center;teresópolis;rio de janeiro (rj);R. Wilhelm Cristian Kleme, 255 - Ermitage, Teresópolis - RJ, 25975-550, Brazil;-22.41205352818125;-42.95344755547033;Público;True;False;False;DC presente;Tupinambá;Restaurant;1;1;;38.71;2.65;0.0;False;pago;False;False;False;R$ 2,20;;True;24h;2026-09-19T09:46:52.765000+00:00;;2026-09-22T22:27:24.268520+00:00;https://carregados.com.br/estacoes/estacao-mdm-francis-center-1905270;True;False
carregados_rj_2026-09-22;884848;Rabugentos;teresópolis;rio de janeiro (rj);Av. Alberto Tôrres, 719 - Taumaturgo, Teresópolis - RJ, 25964-006, Brazil;-22.42948711057182;-42.9801125393998;Público;True;False;False;somente AC identificado;;Restaurant;1;1;;18.0;2.5;;True;pago;True;True;False;R$ 2,50/KW;;False;;2026-09-19T23:50:47.303000+00:00;;2026-09-22T22:27:55.329080+00:00;https://carregados.com.br/estacoes/estacao-rucula-comida-saudavel-884848;True;False
carregados_rj_2026-09-22;867;Restaurante Dona Irene;teresópolis;rio de janeiro (rj);R. Ten. Luiz Meirelles, 1800 - Bom Retiro, Teresópolis - RJ, 25954-000, Brazil;-22.423811913690166;-42.9585159942631;Restrito;False;False;False;somente AC identificado;;restaurant;1;2;;3.0;;;False;ausente;False;False;False;;;False;;2026-09-19T09:04:58.387000+00:00;;2026-09-22T22:29:07.414233+00:00;https://carregados.com.br/estacoes/estacao-restaurante-dona-irene-867;True;False
carregados_rj_2026-09-22;870;Shopping Teresopolis;teresópolis;rio de janeiro (rj);R. Edmundo Bitencourt, 87 - Várzea, Teresópolis - RJ, 25953-030, Brazil;-22.410816;-42.966213;Público;True;True;False;somente AC identificado;Zletric;park;1;1;;;1.99;2.5;True;pago;True;True;True;R$ 2,30/kWh + taxa desbloqueio R$2,50 + custo do estacionamento do shopping ;;False;;2026-09-19T18:19:10.512000+00:00;;2026-09-22T22:27:33.269309+00:00;https://carregados.com.br/estacoes/estacao-zletric---shopping-teresopolis-870;True;False
carregados_rj_2026-09-22;2074607;Teresópolis Shopping Center;teresópolis;rio de janeiro (rj);R. Manuel Madruga, 10 - Várzea, Teresópolis - RJ, 25953-060, Brazil;-22.410284181904686;-42.96666904279163;Público;True;False;False;DC presente;Tupinambá;;1;1;;38.33;;;False;ausente;True;False;False;2,60;;False;;2026-09-20T16:47:31.667000+00:00;;2026-09-22T22:28:07.688116+00:00;https://carregados.com.br/estacoes/estacao-teresopolis-shopping-center-2074607;True;False
carregados_rj_2026-09-22;409075;Toca Da Cigarra;teresópolis;rio de janeiro (rj);Estr. Grande Circuito, 151 - Parque do Imbui, Teresópolis - RJ, 25970-460, Brazil;-22.38841308585086;-42.9980069026351;Público;True;False;False;não classificado;;point_of_interest;2;2;;;;;True;ausente;True;False;False;Gratuito para clientes;;False;Todos os dias de 8:30 às 17 hs;2026-09-19T14:59:05.845000+00:00;;2026-09-22T22:28:44.417992+00:00;https://carregados.com.br/estacoes/estacao-toca-da-cigarra-409075;True;False
carregados_rj_2026-09-22;2073790;Tu Casa;teresópolis;rio de janeiro (rj);Av. Feliciano Sodré, 420 - Várzea, Teresópolis - RJ, 25963-082, Brazil;-22.420260309001893;-42.974849022684474;Público;True;False;False;DC presente;Tupinambá;;1;1;;32.78;;;False;ausente;True;False;False;R$ 2,85 KWh ;;False;;2026-09-20T10:50:46.137000+00:00;;2026-09-22T22:27:48.745129+00:00;https://carregados.com.br/estacoes/estacao-tu-casa-2073790;True;False
carregados_rj_2026-09-22;8189;Gustavo Particular;três rios;rio de janeiro (rj);Av. Ten. Enéas Torno, 201 - Nova Niterói, Três Rios - RJ, 25812-470, Brazil;-22.127634359645945;-43.22434302975036;Restrito;False;False;False;somente AC identificado;;point_of_interest;1;1;;;;4.5;False;ausente;False;False;False;R$4,50 pagamento em pix;;False;Horário a combinar ;2026-09-19T13:20:01.801000+00:00;;2026-09-22T22:28:54.615598+00:00;https://carregados.com.br/estacoes/estacao-gustavo-particular-8189;True;False
carregados_rj_2026-09-22;756;Telas Guará;três rios;rio de janeiro (rj);Av. Artur Sebastião Tolêdo Ribas, 1007 - Santa Rosa, Três Rios - RJ, 25803-060, Brazil;-22.129639994966755;-43.2369292602539;Restrito;False;False;False;somente AC identificado;Autocharge;park;1;1;;;;;False;ausente;False;False;False;;;False;Horário comercial ;2026-09-21T00:11:51.188000+00:00;;2026-09-22T22:29:09.106093+00:00;https://carregados.com.br/estacoes/estacao-telas-guar%C3%A1-756;True;False
carregados_rj_2026-09-22;10165;Casa Do Arroz;valença;rio de janeiro (rj);R. Benjamin Guimarães, 224 - Esplanada do Cruzeiro, Valença - RJ, 27600-000, Brazil;-22.245560122068966;-43.70595384389162;Público;True;False;False;somente AC identificado;ATM EVS;point_of_interest;2;2;;5.67;2.25;2.0;False;pago;False;False;False;"Taxa inicial de R$2,00
Recarga R$2,25 /kw";Relato de 02/07/2026, trecho: “das 09 as 21h de terça a sábado. Domingo das 9 as 14h e segundas das 11 as 21h. R$ 2,00 ativação e R$ 2,25 o Kwh”;True;;2026-09-20T16:51:30.303000+00:00;;2026-09-22T22:27:47.248803+00:00;https://carregados.com.br/estacoes/estacao-casa-do-arroz-10165;True;False
carregados_rj_2026-09-22;7792;Catinha Mendes Xavier;valença;rio de janeiro (rj);Ariovaldo Salles, 145 - Barão de Juparanã, Valença - RJ, 27600-000, Brazil;-22.344773176141576;-43.67995519191027;Restrito;False;False;False;somente AC identificado;;point_of_interest;1;1;;;2.0;;True;pago;False;False;False;R$2,00 Kw;;False;A combinar;2026-09-19T12:46:33.541000+00:00;;2026-09-22T22:29:18.494294+00:00;https://carregados.com.br/estacoes/estacao-catinha-mendes-xavier-7792;True;False
carregados_rj_2026-09-22;7769;Hotel Vilarejo;valença;rio de janeiro (rj);RJ-137, 59 - Conservatória, Valença - RJ, 27600-000, Brazil;-22.29274213462549;-43.92554126679897;Restrito;False;False;False;somente AC identificado;;lodging;2;2;;;;;False;ausente;False;False;False;;;False;;2026-09-19T12:45:02.875000+00:00;;2026-09-22T22:29:51.884340+00:00;https://carregados.com.br/estacoes/estacao-hotel-vilarejo-7769;True;False
carregados_rj_2026-09-22;2072788;Residencial Bandeira De Mello;valença;rio de janeiro (rj);R. Jorge da Silva Giesta, 205 - Varginha, Valença - RJ, 27605-016, Brazil;-22.276856578538634;-43.739994764328;Restrito;False;False;False;DC presente;;;1;1;;;;;False;ausente;False;False;False;;;False;;2026-09-19T23:46:39.397000+00:00;;2026-09-22T22:30:11.281498+00:00;https://carregados.com.br/estacoes/estacao-residencial-bandeira-de-mello-2072788;True;False
carregados_rj_2026-09-22;7770;Hotel Santa Amalia;vassouras;rio de janeiro (rj);Av. Sebastião Manoel Furtado, 526 - Santa Amalia, Vassouras - RJ, 27700-000, Brazil;-22.4070559;-43.6689744;Restrito;False;False;False;não classificado;;lodging;1;1;;;;;False;ausente;False;False;False;;;False;;2026-09-20T12:44:11.403000+00:00;;2026-09-22T22:28:56.688671+00:00;https://carregados.com.br/estacoes/estacao-hotel-santa-amalia-7770;True;False
carregados_rj_2026-09-22;9231;Posto Guguta;vassouras;rio de janeiro (rj);R. Domingos de Almeida, 12 - Centro, Vassouras - RJ, 27700-000, Brazil;-22.407001495361328;-43.66188430786133;Público;True;False;False;somente AC identificado;WEMOB;gas_station;1;1;;6.5;2.79;;False;pago;False;False;False;R$2,79;;True;6h as 22h;2026-09-21T00:42:30.993000+00:00;;2026-09-22T22:27:39.983026+00:00;https://carregados.com.br/estacoes/estacao-posto-guguta-9231;True;False
carregados_rj_2026-09-22;1243427;Clínica Veterinária SEMEVET;volta redonda;rio de janeiro (rj);Rua 42, 12 - Vila Santa Cecília, Volta Redonda - RJ, 27260-200, Brazil;-22.519135391013513;-44.10334926098585;Público;True;False;False;somente AC identificado;;veterinary_care;1;1;;12.18;0.3;0.0;True;pago;False;False;False;;0,30 centavos por minuto.;True;Seg a Sábado  9 as 20h;2026-09-21T12:55:43.004000+00:00;;2026-09-22T22:27:31.824826+00:00;https://carregados.com.br/estacoes/estacao-clinica-veterinaria-semevet-1243427;True;False
carregados_rj_2026-09-22;2073768;JR Comércio De Bebidas - 30 kW;volta redonda;rio de janeiro (rj);Rua Celino de Souza Barud 52, Santa Cruz, Volta Redonda - Rio de Janeiro, 27288-150, Brasil;-22.4647364;-44.0964327;Público;True;True;False;DC presente;Outro;;1;2;;;;2.0;False;ausente;False;False;False;;;False;24 horas;2026-08-16T13:59:56.651000+00:00;;2026-09-22T22:29:53.439672+00:00;https://carregados.com.br/estacoes/estacao-jr-comercio-de-bebidas-30kw-2073768;True;False
carregados_rj_2026-09-22;10664;Posto AP Rodovia Dos Metalúrgicos;volta redonda;rio de janeiro (rj);Rod. dos Metalúrgicos, 941 - São Geraldo, Volta Redonda - RJ, 27253-005, Brazil;-22.5201659066485;-44.08269400534058;Público;True;False;False;DC presente;EZVolt;Gas Station;1;2;60.0;45.21;2.2;0.0;True;pago;True;True;False;"Abra os detalhes do carregador para ver os preços atualizados

Please open charger details to view up to date pricing";;False;24h;2026-09-19T21:28:46.390000+00:00;;2026-09-22T22:27:23.535983+00:00;https://carregados.com.br/estacoes/estacao-posto-ap-rodovia-dos-metalurgicos-10664;True;False
carregados_rj_2026-09-22;4657;Posto Aliança - Volta Redonda;volta redonda;rio de janeiro (rj);Av. dos Trabalhadores, 3 - Vila Santa Cecília, Volta Redonda - RJ, 27260-130, Brazil;-22.517305407904498;-44.10841588891716;Público;True;False;False;DC presente;EZVolt;Gas Station;2;3;90.0;56.0;2.07;;True;pago;True;True;False;"Abra os detalhes do carregador para ver os preços atualizados

Please open charger details to view up to date pricing";;False;;2026-09-19T11:15:09.403000+00:00;;2026-09-22T22:27:39.242819+00:00;https://carregados.com.br/estacoes/estacao-posto-alian%C3%A7a-4657;True;False
carregados_rj_2026-09-22;9574;Posto Ap São Luis;volta redonda;rio de janeiro (rj);Av. Francisco Crisóstomos Tôrres, 56 - São Luís, Volta Redonda - RJ, 27286-440, Brazil;-22.4728973;-44.0605154;Público;True;False;False;DC presente;EZVolt;Gas Station;1;2;60.0;47.94;2.0;5.66;True;pago;True;True;False;"Abra os detalhes do carregador para ver os preços atualizados

Please open charger details to view up to date pricing";;False;24 h;2026-09-19T18:12:33.484000+00:00;;2026-09-22T22:27:21.987700+00:00;https://carregados.com.br/estacoes/estacao-posto-ap-sao-luis-9574;True;False
carregados_rj_2026-09-22;1630654;Kiosque Do Alemão - Maricá - Energás - RJ;;rio de janeiro (rj);Rodovia Tronco Norte Fluminense/Rj-106 s/n, Rio de Janeiro, 24330-102, Brazil;-22.90138845787265;-42.96097569922868;Público;True;False;False;DC presente;EZVolt;Restaurant;1;2;60.0;48.0;2.5;0.0;False;pago;True;True;False;R$ 2,50, desconto para motorista app;Relato de 14/12/2025, trecho: “Carreguei 22.5kw e demorei 38 minutos. Custa 2.50 o kw”;False;24 horas;2026-09-20T02:52:00.323000+00:00;;2026-09-22T22:27:44.322726+00:00;https://carregados.com.br/estacoes/estacao-kiosque-do-alemao-marica-energas-rj-1630654;True;False
